ID,History of HeartDisease or Attack
test_000001,No
test_000002,No
test_000003,No
test_000004,
test_000005,
test_000006,
test_000007,
test_000008,
test_000009,
test_000010,
test_000011,
test_000012,
test_000013,
test_000014,
test_000015,
test_000016,
test_000017,
test_000018,
test_000019,
test_000020,
test_000021,
test_000022,
test_000023,
test_000024,
test_000025,
test_000026,
test_000027,
test_000028,
test_000029,
test_000030,
test_000031,
test_000032,
test_000033,
test_000034,
test_000035,
test_000036,
test_000037,
test_000038,
test_000039,
test_000040,
test_000041,
test_000042,
test_000043,
test_000044,
test_000045,
test_000046,
test_000047,
test_000048,
test_000049,
test_000050,
test_000051,
test_000052,
test_000053,
test_000054,
test_000055,
test_000056,
test_000057,
test_000058,
test_000059,
test_000060,
test_000061,
test_000062,
test_000063,
test_000064,
test_000065,
test_000066,
test_000067,
test_000068,
test_000069,
test_000070,
test_000071,
test_000072,
test_000073,
test_000074,
test_000075,
test_000076,
test_000077,
test_000078,
test_000079,
test_000080,
test_000081,
test_000082,
test_000083,
test_000084,
test_000085,
test_000086,
test_000087,
test_000088,
test_000089,
test_000090,
test_000091,
test_000092,
test_000093,
test_000094,
test_000095,
test_000096,
test_000097,
test_000098,
test_000099,
test_000100,
test_000101,
test_000102,
test_000103,
test_000104,
test_000105,
test_000106,
test_000107,
test_000108,
test_000109,
test_000110,
test_000111,
test_000112,
test_000113,
test_000114,
test_000115,
test_000116,
test_000117,
test_000118,
test_000119,
test_000120,
test_000121,
test_000122,
test_000123,
test_000124,
test_000125,
test_000126,
test_000127,
test_000128,
test_000129,
test_000130,
test_000131,
test_000132,
test_000133,
test_000134,
test_000135,
test_000136,
test_000137,
test_000138,
test_000139,
test_000140,
test_000141,
test_000142,
test_000143,
test_000144,
test_000145,
test_000146,
test_000147,
test_000148,
test_000149,
test_000150,
test_000151,
test_000152,
test_000153,
test_000154,
test_000155,
test_000156,
test_000157,
test_000158,
test_000159,
test_000160,
test_000161,
test_000162,
test_000163,
test_000164,
test_000165,
test_000166,
test_000167,
test_000168,
test_000169,
test_000170,
test_000171,
test_000172,
test_000173,
test_000174,
test_000175,
test_000176,
test_000177,
test_000178,
test_000179,
test_000180,
test_000181,
test_000182,
test_000183,
test_000184,
test_000185,
test_000186,
test_000187,
test_000188,
test_000189,
test_000190,
test_000191,
test_000192,
test_000193,
test_000194,
test_000195,
test_000196,
test_000197,
test_000198,
test_000199,
test_000200,
test_000201,
test_000202,
test_000203,
test_000204,
test_000205,
test_000206,
test_000207,
test_000208,
test_000209,
test_000210,
test_000211,
test_000212,
test_000213,
test_000214,
test_000215,
test_000216,
test_000217,
test_000218,
test_000219,
test_000220,
test_000221,
test_000222,
test_000223,
test_000224,
test_000225,
test_000226,
test_000227,
test_000228,
test_000229,
test_000230,
test_000231,
test_000232,
test_000233,
test_000234,
test_000235,
test_000236,
test_000237,
test_000238,
test_000239,
test_000240,
test_000241,
test_000242,
test_000243,
test_000244,
test_000245,
test_000246,
test_000247,
test_000248,
test_000249,
test_000250,
test_000251,
test_000252,
test_000253,
test_000254,
test_000255,
test_000256,
test_000257,
test_000258,
test_000259,
test_000260,
test_000261,
test_000262,
test_000263,
test_000264,
test_000265,
test_000266,
test_000267,
test_000268,
test_000269,
test_000270,
test_000271,
test_000272,
test_000273,
test_000274,
test_000275,
test_000276,
test_000277,
test_000278,
test_000279,
test_000280,
test_000281,
test_000282,
test_000283,
test_000284,
test_000285,
test_000286,
test_000287,
test_000288,
test_000289,
test_000290,
test_000291,
test_000292,
test_000293,
test_000294,
test_000295,
test_000296,
test_000297,
test_000298,
test_000299,
test_000300,
test_000301,
test_000302,
test_000303,
test_000304,
test_000305,
test_000306,
test_000307,
test_000308,
test_000309,
test_000310,
test_000311,
test_000312,
test_000313,
test_000314,
test_000315,
test_000316,
test_000317,
test_000318,
test_000319,
test_000320,
test_000321,
test_000322,
test_000323,
test_000324,
test_000325,
test_000326,
test_000327,
test_000328,
test_000329,
test_000330,
test_000331,
test_000332,
test_000333,
test_000334,
test_000335,
test_000336,
test_000337,
test_000338,
test_000339,
test_000340,
test_000341,
test_000342,
test_000343,
test_000344,
test_000345,
test_000346,
test_000347,
test_000348,
test_000349,
test_000350,
test_000351,
test_000352,
test_000353,
test_000354,
test_000355,
test_000356,
test_000357,
test_000358,
test_000359,
test_000360,
test_000361,
test_000362,
test_000363,
test_000364,
test_000365,
test_000366,
test_000367,
test_000368,
test_000369,
test_000370,
test_000371,
test_000372,
test_000373,
test_000374,
test_000375,
test_000376,
test_000377,
test_000378,
test_000379,
test_000380,
test_000381,
test_000382,
test_000383,
test_000384,
test_000385,
test_000386,
test_000387,
test_000388,
test_000389,
test_000390,
test_000391,
test_000392,
test_000393,
test_000394,
test_000395,
test_000396,
test_000397,
test_000398,
test_000399,
test_000400,
test_000401,
test_000402,
test_000403,
test_000404,
test_000405,
test_000406,
test_000407,
test_000408,
test_000409,
test_000410,
test_000411,
test_000412,
test_000413,
test_000414,
test_000415,
test_000416,
test_000417,
test_000418,
test_000419,
test_000420,
test_000421,
test_000422,
test_000423,
test_000424,
test_000425,
test_000426,
test_000427,
test_000428,
test_000429,
test_000430,
test_000431,
test_000432,
test_000433,
test_000434,
test_000435,
test_000436,
test_000437,
test_000438,
test_000439,
test_000440,
test_000441,
test_000442,
test_000443,
test_000444,
test_000445,
test_000446,
test_000447,
test_000448,
test_000449,
test_000450,
test_000451,
test_000452,
test_000453,
test_000454,
test_000455,
test_000456,
test_000457,
test_000458,
test_000459,
test_000460,
test_000461,
test_000462,
test_000463,
test_000464,
test_000465,
test_000466,
test_000467,
test_000468,
test_000469,
test_000470,
test_000471,
test_000472,
test_000473,
test_000474,
test_000475,
test_000476,
test_000477,
test_000478,
test_000479,
test_000480,
test_000481,
test_000482,
test_000483,
test_000484,
test_000485,
test_000486,
test_000487,
test_000488,
test_000489,
test_000490,
test_000491,
test_000492,
test_000493,
test_000494,
test_000495,
test_000496,
test_000497,
test_000498,
test_000499,
test_000500,
test_000501,
test_000502,
test_000503,
test_000504,
test_000505,
test_000506,
test_000507,
test_000508,
test_000509,
test_000510,
test_000511,
test_000512,
test_000513,
test_000514,
test_000515,
test_000516,
test_000517,
test_000518,
test_000519,
test_000520,
test_000521,
test_000522,
test_000523,
test_000524,
test_000525,
test_000526,
test_000527,
test_000528,
test_000529,
test_000530,
test_000531,
test_000532,
test_000533,
test_000534,
test_000535,
test_000536,
test_000537,
test_000538,
test_000539,
test_000540,
test_000541,
test_000542,
test_000543,
test_000544,
test_000545,
test_000546,
test_000547,
test_000548,
test_000549,
test_000550,
test_000551,
test_000552,
test_000553,
test_000554,
test_000555,
test_000556,
test_000557,
test_000558,
test_000559,
test_000560,
test_000561,
test_000562,
test_000563,
test_000564,
test_000565,
test_000566,
test_000567,
test_000568,
test_000569,
test_000570,
test_000571,
test_000572,
test_000573,
test_000574,
test_000575,
test_000576,
test_000577,
test_000578,
test_000579,
test_000580,
test_000581,
test_000582,
test_000583,
test_000584,
test_000585,
test_000586,
test_000587,
test_000588,
test_000589,
test_000590,
test_000591,
test_000592,
test_000593,
test_000594,
test_000595,
test_000596,
test_000597,
test_000598,
test_000599,
test_000600,
test_000601,
test_000602,
test_000603,
test_000604,
test_000605,
test_000606,
test_000607,
test_000608,
test_000609,
test_000610,
test_000611,
test_000612,
test_000613,
test_000614,
test_000615,
test_000616,
test_000617,
test_000618,
test_000619,
test_000620,
test_000621,
test_000622,
test_000623,
test_000624,
test_000625,
test_000626,
test_000627,
test_000628,
test_000629,
test_000630,
test_000631,
test_000632,
test_000633,
test_000634,
test_000635,
test_000636,
test_000637,
test_000638,
test_000639,
test_000640,
test_000641,
test_000642,
test_000643,
test_000644,
test_000645,
test_000646,
test_000647,
test_000648,
test_000649,
test_000650,
test_000651,
test_000652,
test_000653,
test_000654,
test_000655,
test_000656,
test_000657,
test_000658,
test_000659,
test_000660,
test_000661,
test_000662,
test_000663,
test_000664,
test_000665,
test_000666,
test_000667,
test_000668,
test_000669,
test_000670,
test_000671,
test_000672,
test_000673,
test_000674,
test_000675,
test_000676,
test_000677,
test_000678,
test_000679,
test_000680,
test_000681,
test_000682,
test_000683,
test_000684,
test_000685,
test_000686,
test_000687,
test_000688,
test_000689,
test_000690,
test_000691,
test_000692,
test_000693,
test_000694,
test_000695,
test_000696,
test_000697,
test_000698,
test_000699,
test_000700,
test_000701,
test_000702,
test_000703,
test_000704,
test_000705,
test_000706,
test_000707,
test_000708,
test_000709,
test_000710,
test_000711,
test_000712,
test_000713,
test_000714,
test_000715,
test_000716,
test_000717,
test_000718,
test_000719,
test_000720,
test_000721,
test_000722,
test_000723,
test_000724,
test_000725,
test_000726,
test_000727,
test_000728,
test_000729,
test_000730,
test_000731,
test_000732,
test_000733,
test_000734,
test_000735,
test_000736,
test_000737,
test_000738,
test_000739,
test_000740,
test_000741,
test_000742,
test_000743,
test_000744,
test_000745,
test_000746,
test_000747,
test_000748,
test_000749,
test_000750,
test_000751,
test_000752,
test_000753,
test_000754,
test_000755,
test_000756,
test_000757,
test_000758,
test_000759,
test_000760,
test_000761,
test_000762,
test_000763,
test_000764,
test_000765,
test_000766,
test_000767,
test_000768,
test_000769,
test_000770,
test_000771,
test_000772,
test_000773,
test_000774,
test_000775,
test_000776,
test_000777,
test_000778,
test_000779,
test_000780,
test_000781,
test_000782,
test_000783,
test_000784,
test_000785,
test_000786,
test_000787,
test_000788,
test_000789,
test_000790,
test_000791,
test_000792,
test_000793,
test_000794,
test_000795,
test_000796,
test_000797,
test_000798,
test_000799,
test_000800,
test_000801,
test_000802,
test_000803,
test_000804,
test_000805,
test_000806,
test_000807,
test_000808,
test_000809,
test_000810,
test_000811,
test_000812,
test_000813,
test_000814,
test_000815,
test_000816,
test_000817,
test_000818,
test_000819,
test_000820,
test_000821,
test_000822,
test_000823,
test_000824,
test_000825,
test_000826,
test_000827,
test_000828,
test_000829,
test_000830,
test_000831,
test_000832,
test_000833,
test_000834,
test_000835,
test_000836,
test_000837,
test_000838,
test_000839,
test_000840,
test_000841,
test_000842,
test_000843,
test_000844,
test_000845,
test_000846,
test_000847,
test_000848,
test_000849,
test_000850,
test_000851,
test_000852,
test_000853,
test_000854,
test_000855,
test_000856,
test_000857,
test_000858,
test_000859,
test_000860,
test_000861,
test_000862,
test_000863,
test_000864,
test_000865,
test_000866,
test_000867,
test_000868,
test_000869,
test_000870,
test_000871,
test_000872,
test_000873,
test_000874,
test_000875,
test_000876,
test_000877,
test_000878,
test_000879,
test_000880,
test_000881,
test_000882,
test_000883,
test_000884,
test_000885,
test_000886,
test_000887,
test_000888,
test_000889,
test_000890,
test_000891,
test_000892,
test_000893,
test_000894,
test_000895,
test_000896,
test_000897,
test_000898,
test_000899,
test_000900,
test_000901,
test_000902,
test_000903,
test_000904,
test_000905,
test_000906,
test_000907,
test_000908,
test_000909,
test_000910,
test_000911,
test_000912,
test_000913,
test_000914,
test_000915,
test_000916,
test_000917,
test_000918,
test_000919,
test_000920,
test_000921,
test_000922,
test_000923,
test_000924,
test_000925,
test_000926,
test_000927,
test_000928,
test_000929,
test_000930,
test_000931,
test_000932,
test_000933,
test_000934,
test_000935,
test_000936,
test_000937,
test_000938,
test_000939,
test_000940,
test_000941,
test_000942,
test_000943,
test_000944,
test_000945,
test_000946,
test_000947,
test_000948,
test_000949,
test_000950,
test_000951,
test_000952,
test_000953,
test_000954,
test_000955,
test_000956,
test_000957,
test_000958,
test_000959,
test_000960,
test_000961,
test_000962,
test_000963,
test_000964,
test_000965,
test_000966,
test_000967,
test_000968,
test_000969,
test_000970,
test_000971,
test_000972,
test_000973,
test_000974,
test_000975,
test_000976,
test_000977,
test_000978,
test_000979,
test_000980,
test_000981,
test_000982,
test_000983,
test_000984,
test_000985,
test_000986,
test_000987,
test_000988,
test_000989,
test_000990,
test_000991,
test_000992,
test_000993,
test_000994,
test_000995,
test_000996,
test_000997,
test_000998,
test_000999,
test_001000,
test_001001,
test_001002,
test_001003,
test_001004,
test_001005,
test_001006,
test_001007,
test_001008,
test_001009,
test_001010,
test_001011,
test_001012,
test_001013,
test_001014,
test_001015,
test_001016,
test_001017,
test_001018,
test_001019,
test_001020,
test_001021,
test_001022,
test_001023,
test_001024,
test_001025,
test_001026,
test_001027,
test_001028,
test_001029,
test_001030,
test_001031,
test_001032,
test_001033,
test_001034,
test_001035,
test_001036,
test_001037,
test_001038,
test_001039,
test_001040,
test_001041,
test_001042,
test_001043,
test_001044,
test_001045,
test_001046,
test_001047,
test_001048,
test_001049,
test_001050,
test_001051,
test_001052,
test_001053,
test_001054,
test_001055,
test_001056,
test_001057,
test_001058,
test_001059,
test_001060,
test_001061,
test_001062,
test_001063,
test_001064,
test_001065,
test_001066,
test_001067,
test_001068,
test_001069,
test_001070,
test_001071,
test_001072,
test_001073,
test_001074,
test_001075,
test_001076,
test_001077,
test_001078,
test_001079,
test_001080,
test_001081,
test_001082,
test_001083,
test_001084,
test_001085,
test_001086,
test_001087,
test_001088,
test_001089,
test_001090,
test_001091,
test_001092,
test_001093,
test_001094,
test_001095,
test_001096,
test_001097,
test_001098,
test_001099,
test_001100,
test_001101,
test_001102,
test_001103,
test_001104,
test_001105,
test_001106,
test_001107,
test_001108,
test_001109,
test_001110,
test_001111,
test_001112,
test_001113,
test_001114,
test_001115,
test_001116,
test_001117,
test_001118,
test_001119,
test_001120,
test_001121,
test_001122,
test_001123,
test_001124,
test_001125,
test_001126,
test_001127,
test_001128,
test_001129,
test_001130,
test_001131,
test_001132,
test_001133,
test_001134,
test_001135,
test_001136,
test_001137,
test_001138,
test_001139,
test_001140,
test_001141,
test_001142,
test_001143,
test_001144,
test_001145,
test_001146,
test_001147,
test_001148,
test_001149,
test_001150,
test_001151,
test_001152,
test_001153,
test_001154,
test_001155,
test_001156,
test_001157,
test_001158,
test_001159,
test_001160,
test_001161,
test_001162,
test_001163,
test_001164,
test_001165,
test_001166,
test_001167,
test_001168,
test_001169,
test_001170,
test_001171,
test_001172,
test_001173,
test_001174,
test_001175,
test_001176,
test_001177,
test_001178,
test_001179,
test_001180,
test_001181,
test_001182,
test_001183,
test_001184,
test_001185,
test_001186,
test_001187,
test_001188,
test_001189,
test_001190,
test_001191,
test_001192,
test_001193,
test_001194,
test_001195,
test_001196,
test_001197,
test_001198,
test_001199,
test_001200,
test_001201,
test_001202,
test_001203,
test_001204,
test_001205,
test_001206,
test_001207,
test_001208,
test_001209,
test_001210,
test_001211,
test_001212,
test_001213,
test_001214,
test_001215,
test_001216,
test_001217,
test_001218,
test_001219,
test_001220,
test_001221,
test_001222,
test_001223,
test_001224,
test_001225,
test_001226,
test_001227,
test_001228,
test_001229,
test_001230,
test_001231,
test_001232,
test_001233,
test_001234,
test_001235,
test_001236,
test_001237,
test_001238,
test_001239,
test_001240,
test_001241,
test_001242,
test_001243,
test_001244,
test_001245,
test_001246,
test_001247,
test_001248,
test_001249,
test_001250,
test_001251,
test_001252,
test_001253,
test_001254,
test_001255,
test_001256,
test_001257,
test_001258,
test_001259,
test_001260,
test_001261,
test_001262,
test_001263,
test_001264,
test_001265,
test_001266,
test_001267,
test_001268,
test_001269,
test_001270,
test_001271,
test_001272,
test_001273,
test_001274,
test_001275,
test_001276,
test_001277,
test_001278,
test_001279,
test_001280,
test_001281,
test_001282,
test_001283,
test_001284,
test_001285,
test_001286,
test_001287,
test_001288,
test_001289,
test_001290,
test_001291,
test_001292,
test_001293,
test_001294,
test_001295,
test_001296,
test_001297,
test_001298,
test_001299,
test_001300,
test_001301,
test_001302,
test_001303,
test_001304,
test_001305,
test_001306,
test_001307,
test_001308,
test_001309,
test_001310,
test_001311,
test_001312,
test_001313,
test_001314,
test_001315,
test_001316,
test_001317,
test_001318,
test_001319,
test_001320,
test_001321,
test_001322,
test_001323,
test_001324,
test_001325,
test_001326,
test_001327,
test_001328,
test_001329,
test_001330,
test_001331,
test_001332,
test_001333,
test_001334,
test_001335,
test_001336,
test_001337,
test_001338,
test_001339,
test_001340,
test_001341,
test_001342,
test_001343,
test_001344,
test_001345,
test_001346,
test_001347,
test_001348,
test_001349,
test_001350,
test_001351,
test_001352,
test_001353,
test_001354,
test_001355,
test_001356,
test_001357,
test_001358,
test_001359,
test_001360,
test_001361,
test_001362,
test_001363,
test_001364,
test_001365,
test_001366,
test_001367,
test_001368,
test_001369,
test_001370,
test_001371,
test_001372,
test_001373,
test_001374,
test_001375,
test_001376,
test_001377,
test_001378,
test_001379,
test_001380,
test_001381,
test_001382,
test_001383,
test_001384,
test_001385,
test_001386,
test_001387,
test_001388,
test_001389,
test_001390,
test_001391,
test_001392,
test_001393,
test_001394,
test_001395,
test_001396,
test_001397,
test_001398,
test_001399,
test_001400,
test_001401,
test_001402,
test_001403,
test_001404,
test_001405,
test_001406,
test_001407,
test_001408,
test_001409,
test_001410,
test_001411,
test_001412,
test_001413,
test_001414,
test_001415,
test_001416,
test_001417,
test_001418,
test_001419,
test_001420,
test_001421,
test_001422,
test_001423,
test_001424,
test_001425,
test_001426,
test_001427,
test_001428,
test_001429,
test_001430,
test_001431,
test_001432,
test_001433,
test_001434,
test_001435,
test_001436,
test_001437,
test_001438,
test_001439,
test_001440,
test_001441,
test_001442,
test_001443,
test_001444,
test_001445,
test_001446,
test_001447,
test_001448,
test_001449,
test_001450,
test_001451,
test_001452,
test_001453,
test_001454,
test_001455,
test_001456,
test_001457,
test_001458,
test_001459,
test_001460,
test_001461,
test_001462,
test_001463,
test_001464,
test_001465,
test_001466,
test_001467,
test_001468,
test_001469,
test_001470,
test_001471,
test_001472,
test_001473,
test_001474,
test_001475,
test_001476,
test_001477,
test_001478,
test_001479,
test_001480,
test_001481,
test_001482,
test_001483,
test_001484,
test_001485,
test_001486,
test_001487,
test_001488,
test_001489,
test_001490,
test_001491,
test_001492,
test_001493,
test_001494,
test_001495,
test_001496,
test_001497,
test_001498,
test_001499,
test_001500,
test_001501,
test_001502,
test_001503,
test_001504,
test_001505,
test_001506,
test_001507,
test_001508,
test_001509,
test_001510,
test_001511,
test_001512,
test_001513,
test_001514,
test_001515,
test_001516,
test_001517,
test_001518,
test_001519,
test_001520,
test_001521,
test_001522,
test_001523,
test_001524,
test_001525,
test_001526,
test_001527,
test_001528,
test_001529,
test_001530,
test_001531,
test_001532,
test_001533,
test_001534,
test_001535,
test_001536,
test_001537,
test_001538,
test_001539,
test_001540,
test_001541,
test_001542,
test_001543,
test_001544,
test_001545,
test_001546,
test_001547,
test_001548,
test_001549,
test_001550,
test_001551,
test_001552,
test_001553,
test_001554,
test_001555,
test_001556,
test_001557,
test_001558,
test_001559,
test_001560,
test_001561,
test_001562,
test_001563,
test_001564,
test_001565,
test_001566,
test_001567,
test_001568,
test_001569,
test_001570,
test_001571,
test_001572,
test_001573,
test_001574,
test_001575,
test_001576,
test_001577,
test_001578,
test_001579,
test_001580,
test_001581,
test_001582,
test_001583,
test_001584,
test_001585,
test_001586,
test_001587,
test_001588,
test_001589,
test_001590,
test_001591,
test_001592,
test_001593,
test_001594,
test_001595,
test_001596,
test_001597,
test_001598,
test_001599,
test_001600,
test_001601,
test_001602,
test_001603,
test_001604,
test_001605,
test_001606,
test_001607,
test_001608,
test_001609,
test_001610,
test_001611,
test_001612,
test_001613,
test_001614,
test_001615,
test_001616,
test_001617,
test_001618,
test_001619,
test_001620,
test_001621,
test_001622,
test_001623,
test_001624,
test_001625,
test_001626,
test_001627,
test_001628,
test_001629,
test_001630,
test_001631,
test_001632,
test_001633,
test_001634,
test_001635,
test_001636,
test_001637,
test_001638,
test_001639,
test_001640,
test_001641,
test_001642,
test_001643,
test_001644,
test_001645,
test_001646,
test_001647,
test_001648,
test_001649,
test_001650,
test_001651,
test_001652,
test_001653,
test_001654,
test_001655,
test_001656,
test_001657,
test_001658,
test_001659,
test_001660,
test_001661,
test_001662,
test_001663,
test_001664,
test_001665,
test_001666,
test_001667,
test_001668,
test_001669,
test_001670,
test_001671,
test_001672,
test_001673,
test_001674,
test_001675,
test_001676,
test_001677,
test_001678,
test_001679,
test_001680,
test_001681,
test_001682,
test_001683,
test_001684,
test_001685,
test_001686,
test_001687,
test_001688,
test_001689,
test_001690,
test_001691,
test_001692,
test_001693,
test_001694,
test_001695,
test_001696,
test_001697,
test_001698,
test_001699,
test_001700,
test_001701,
test_001702,
test_001703,
test_001704,
test_001705,
test_001706,
test_001707,
test_001708,
test_001709,
test_001710,
test_001711,
test_001712,
test_001713,
test_001714,
test_001715,
test_001716,
test_001717,
test_001718,
test_001719,
test_001720,
test_001721,
test_001722,
test_001723,
test_001724,
test_001725,
test_001726,
test_001727,
test_001728,
test_001729,
test_001730,
test_001731,
test_001732,
test_001733,
test_001734,
test_001735,
test_001736,
test_001737,
test_001738,
test_001739,
test_001740,
test_001741,
test_001742,
test_001743,
test_001744,
test_001745,
test_001746,
test_001747,
test_001748,
test_001749,
test_001750,
test_001751,
test_001752,
test_001753,
test_001754,
test_001755,
test_001756,
test_001757,
test_001758,
test_001759,
test_001760,
test_001761,
test_001762,
test_001763,
test_001764,
test_001765,
test_001766,
test_001767,
test_001768,
test_001769,
test_001770,
test_001771,
test_001772,
test_001773,
test_001774,
test_001775,
test_001776,
test_001777,
test_001778,
test_001779,
test_001780,
test_001781,
test_001782,
test_001783,
test_001784,
test_001785,
test_001786,
test_001787,
test_001788,
test_001789,
test_001790,
test_001791,
test_001792,
test_001793,
test_001794,
test_001795,
test_001796,
test_001797,
test_001798,
test_001799,
test_001800,
test_001801,
test_001802,
test_001803,
test_001804,
test_001805,
test_001806,
test_001807,
test_001808,
test_001809,
test_001810,
test_001811,
test_001812,
test_001813,
test_001814,
test_001815,
test_001816,
test_001817,
test_001818,
test_001819,
test_001820,
test_001821,
test_001822,
test_001823,
test_001824,
test_001825,
test_001826,
test_001827,
test_001828,
test_001829,
test_001830,
test_001831,
test_001832,
test_001833,
test_001834,
test_001835,
test_001836,
test_001837,
test_001838,
test_001839,
test_001840,
test_001841,
test_001842,
test_001843,
test_001844,
test_001845,
test_001846,
test_001847,
test_001848,
test_001849,
test_001850,
test_001851,
test_001852,
test_001853,
test_001854,
test_001855,
test_001856,
test_001857,
test_001858,
test_001859,
test_001860,
test_001861,
test_001862,
test_001863,
test_001864,
test_001865,
test_001866,
test_001867,
test_001868,
test_001869,
test_001870,
test_001871,
test_001872,
test_001873,
test_001874,
test_001875,
test_001876,
test_001877,
test_001878,
test_001879,
test_001880,
test_001881,
test_001882,
test_001883,
test_001884,
test_001885,
test_001886,
test_001887,
test_001888,
test_001889,
test_001890,
test_001891,
test_001892,
test_001893,
test_001894,
test_001895,
test_001896,
test_001897,
test_001898,
test_001899,
test_001900,
test_001901,
test_001902,
test_001903,
test_001904,
test_001905,
test_001906,
test_001907,
test_001908,
test_001909,
test_001910,
test_001911,
test_001912,
test_001913,
test_001914,
test_001915,
test_001916,
test_001917,
test_001918,
test_001919,
test_001920,
test_001921,
test_001922,
test_001923,
test_001924,
test_001925,
test_001926,
test_001927,
test_001928,
test_001929,
test_001930,
test_001931,
test_001932,
test_001933,
test_001934,
test_001935,
test_001936,
test_001937,
test_001938,
test_001939,
test_001940,
test_001941,
test_001942,
test_001943,
test_001944,
test_001945,
test_001946,
test_001947,
test_001948,
test_001949,
test_001950,
test_001951,
test_001952,
test_001953,
test_001954,
test_001955,
test_001956,
test_001957,
test_001958,
test_001959,
test_001960,
test_001961,
test_001962,
test_001963,
test_001964,
test_001965,
test_001966,
test_001967,
test_001968,
test_001969,
test_001970,
test_001971,
test_001972,
test_001973,
test_001974,
test_001975,
test_001976,
test_001977,
test_001978,
test_001979,
test_001980,
test_001981,
test_001982,
test_001983,
test_001984,
test_001985,
test_001986,
test_001987,
test_001988,
test_001989,
test_001990,
test_001991,
test_001992,
test_001993,
test_001994,
test_001995,
test_001996,
test_001997,
test_001998,
test_001999,
test_002000,
test_002001,
test_002002,
test_002003,
test_002004,
test_002005,
test_002006,
test_002007,
test_002008,
test_002009,
test_002010,
test_002011,
test_002012,
test_002013,
test_002014,
test_002015,
test_002016,
test_002017,
test_002018,
test_002019,
test_002020,
test_002021,
test_002022,
test_002023,
test_002024,
test_002025,
test_002026,
test_002027,
test_002028,
test_002029,
test_002030,
test_002031,
test_002032,
test_002033,
test_002034,
test_002035,
test_002036,
test_002037,
test_002038,
test_002039,
test_002040,
test_002041,
test_002042,
test_002043,
test_002044,
test_002045,
test_002046,
test_002047,
test_002048,
test_002049,
test_002050,
test_002051,
test_002052,
test_002053,
test_002054,
test_002055,
test_002056,
test_002057,
test_002058,
test_002059,
test_002060,
test_002061,
test_002062,
test_002063,
test_002064,
test_002065,
test_002066,
test_002067,
test_002068,
test_002069,
test_002070,
test_002071,
test_002072,
test_002073,
test_002074,
test_002075,
test_002076,
test_002077,
test_002078,
test_002079,
test_002080,
test_002081,
test_002082,
test_002083,
test_002084,
test_002085,
test_002086,
test_002087,
test_002088,
test_002089,
test_002090,
test_002091,
test_002092,
test_002093,
test_002094,
test_002095,
test_002096,
test_002097,
test_002098,
test_002099,
test_002100,
test_002101,
test_002102,
test_002103,
test_002104,
test_002105,
test_002106,
test_002107,
test_002108,
test_002109,
test_002110,
test_002111,
test_002112,
test_002113,
test_002114,
test_002115,
test_002116,
test_002117,
test_002118,
test_002119,
test_002120,
test_002121,
test_002122,
test_002123,
test_002124,
test_002125,
test_002126,
test_002127,
test_002128,
test_002129,
test_002130,
test_002131,
test_002132,
test_002133,
test_002134,
test_002135,
test_002136,
test_002137,
test_002138,
test_002139,
test_002140,
test_002141,
test_002142,
test_002143,
test_002144,
test_002145,
test_002146,
test_002147,
test_002148,
test_002149,
test_002150,
test_002151,
test_002152,
test_002153,
test_002154,
test_002155,
test_002156,
test_002157,
test_002158,
test_002159,
test_002160,
test_002161,
test_002162,
test_002163,
test_002164,
test_002165,
test_002166,
test_002167,
test_002168,
test_002169,
test_002170,
test_002171,
test_002172,
test_002173,
test_002174,
test_002175,
test_002176,
test_002177,
test_002178,
test_002179,
test_002180,
test_002181,
test_002182,
test_002183,
test_002184,
test_002185,
test_002186,
test_002187,
test_002188,
test_002189,
test_002190,
test_002191,
test_002192,
test_002193,
test_002194,
test_002195,
test_002196,
test_002197,
test_002198,
test_002199,
test_002200,
test_002201,
test_002202,
test_002203,
test_002204,
test_002205,
test_002206,
test_002207,
test_002208,
test_002209,
test_002210,
test_002211,
test_002212,
test_002213,
test_002214,
test_002215,
test_002216,
test_002217,
test_002218,
test_002219,
test_002220,
test_002221,
test_002222,
test_002223,
test_002224,
test_002225,
test_002226,
test_002227,
test_002228,
test_002229,
test_002230,
test_002231,
test_002232,
test_002233,
test_002234,
test_002235,
test_002236,
test_002237,
test_002238,
test_002239,
test_002240,
test_002241,
test_002242,
test_002243,
test_002244,
test_002245,
test_002246,
test_002247,
test_002248,
test_002249,
test_002250,
test_002251,
test_002252,
test_002253,
test_002254,
test_002255,
test_002256,
test_002257,
test_002258,
test_002259,
test_002260,
test_002261,
test_002262,
test_002263,
test_002264,
test_002265,
test_002266,
test_002267,
test_002268,
test_002269,
test_002270,
test_002271,
test_002272,
test_002273,
test_002274,
test_002275,
test_002276,
test_002277,
test_002278,
test_002279,
test_002280,
test_002281,
test_002282,
test_002283,
test_002284,
test_002285,
test_002286,
test_002287,
test_002288,
test_002289,
test_002290,
test_002291,
test_002292,
test_002293,
test_002294,
test_002295,
test_002296,
test_002297,
test_002298,
test_002299,
test_002300,
test_002301,
test_002302,
test_002303,
test_002304,
test_002305,
test_002306,
test_002307,
test_002308,
test_002309,
test_002310,
test_002311,
test_002312,
test_002313,
test_002314,
test_002315,
test_002316,
test_002317,
test_002318,
test_002319,
test_002320,
test_002321,
test_002322,
test_002323,
test_002324,
test_002325,
test_002326,
test_002327,
test_002328,
test_002329,
test_002330,
test_002331,
test_002332,
test_002333,
test_002334,
test_002335,
test_002336,
test_002337,
test_002338,
test_002339,
test_002340,
test_002341,
test_002342,
test_002343,
test_002344,
test_002345,
test_002346,
test_002347,
test_002348,
test_002349,
test_002350,
test_002351,
test_002352,
test_002353,
test_002354,
test_002355,
test_002356,
test_002357,
test_002358,
test_002359,
test_002360,
test_002361,
test_002362,
test_002363,
test_002364,
test_002365,
test_002366,
test_002367,
test_002368,
test_002369,
test_002370,
test_002371,
test_002372,
test_002373,
test_002374,
test_002375,
test_002376,
test_002377,
test_002378,
test_002379,
test_002380,
test_002381,
test_002382,
test_002383,
test_002384,
test_002385,
test_002386,
test_002387,
test_002388,
test_002389,
test_002390,
test_002391,
test_002392,
test_002393,
test_002394,
test_002395,
test_002396,
test_002397,
test_002398,
test_002399,
test_002400,
test_002401,
test_002402,
test_002403,
test_002404,
test_002405,
test_002406,
test_002407,
test_002408,
test_002409,
test_002410,
test_002411,
test_002412,
test_002413,
test_002414,
test_002415,
test_002416,
test_002417,
test_002418,
test_002419,
test_002420,
test_002421,
test_002422,
test_002423,
test_002424,
test_002425,
test_002426,
test_002427,
test_002428,
test_002429,
test_002430,
test_002431,
test_002432,
test_002433,
test_002434,
test_002435,
test_002436,
test_002437,
test_002438,
test_002439,
test_002440,
test_002441,
test_002442,
test_002443,
test_002444,
test_002445,
test_002446,
test_002447,
test_002448,
test_002449,
test_002450,
test_002451,
test_002452,
test_002453,
test_002454,
test_002455,
test_002456,
test_002457,
test_002458,
test_002459,
test_002460,
test_002461,
test_002462,
test_002463,
test_002464,
test_002465,
test_002466,
test_002467,
test_002468,
test_002469,
test_002470,
test_002471,
test_002472,
test_002473,
test_002474,
test_002475,
test_002476,
test_002477,
test_002478,
test_002479,
test_002480,
test_002481,
test_002482,
test_002483,
test_002484,
test_002485,
test_002486,
test_002487,
test_002488,
test_002489,
test_002490,
test_002491,
test_002492,
test_002493,
test_002494,
test_002495,
test_002496,
test_002497,
test_002498,
test_002499,
test_002500,
test_002501,
test_002502,
test_002503,
test_002504,
test_002505,
test_002506,
test_002507,
test_002508,
test_002509,
test_002510,
test_002511,
test_002512,
test_002513,
test_002514,
test_002515,
test_002516,
test_002517,
test_002518,
test_002519,
test_002520,
test_002521,
test_002522,
test_002523,
test_002524,
test_002525,
test_002526,
test_002527,
test_002528,
test_002529,
test_002530,
test_002531,
test_002532,
test_002533,
test_002534,
test_002535,
test_002536,
test_002537,
test_002538,
test_002539,
test_002540,
test_002541,
test_002542,
test_002543,
test_002544,
test_002545,
test_002546,
test_002547,
test_002548,
test_002549,
test_002550,
test_002551,
test_002552,
test_002553,
test_002554,
test_002555,
test_002556,
test_002557,
test_002558,
test_002559,
test_002560,
test_002561,
test_002562,
test_002563,
test_002564,
test_002565,
test_002566,
test_002567,
test_002568,
test_002569,
test_002570,
test_002571,
test_002572,
test_002573,
test_002574,
test_002575,
test_002576,
test_002577,
test_002578,
test_002579,
test_002580,
test_002581,
test_002582,
test_002583,
test_002584,
test_002585,
test_002586,
test_002587,
test_002588,
test_002589,
test_002590,
test_002591,
test_002592,
test_002593,
test_002594,
test_002595,
test_002596,
test_002597,
test_002598,
test_002599,
test_002600,
test_002601,
test_002602,
test_002603,
test_002604,
test_002605,
test_002606,
test_002607,
test_002608,
test_002609,
test_002610,
test_002611,
test_002612,
test_002613,
test_002614,
test_002615,
test_002616,
test_002617,
test_002618,
test_002619,
test_002620,
test_002621,
test_002622,
test_002623,
test_002624,
test_002625,
test_002626,
test_002627,
test_002628,
test_002629,
test_002630,
test_002631,
test_002632,
test_002633,
test_002634,
test_002635,
test_002636,
test_002637,
test_002638,
test_002639,
test_002640,
test_002641,
test_002642,
test_002643,
test_002644,
test_002645,
test_002646,
test_002647,
test_002648,
test_002649,
test_002650,
test_002651,
test_002652,
test_002653,
test_002654,
test_002655,
test_002656,
test_002657,
test_002658,
test_002659,
test_002660,
test_002661,
test_002662,
test_002663,
test_002664,
test_002665,
test_002666,
test_002667,
test_002668,
test_002669,
test_002670,
test_002671,
test_002672,
test_002673,
test_002674,
test_002675,
test_002676,
test_002677,
test_002678,
test_002679,
test_002680,
test_002681,
test_002682,
test_002683,
test_002684,
test_002685,
test_002686,
test_002687,
test_002688,
test_002689,
test_002690,
test_002691,
test_002692,
test_002693,
test_002694,
test_002695,
test_002696,
test_002697,
test_002698,
test_002699,
test_002700,
test_002701,
test_002702,
test_002703,
test_002704,
test_002705,
test_002706,
test_002707,
test_002708,
test_002709,
test_002710,
test_002711,
test_002712,
test_002713,
test_002714,
test_002715,
test_002716,
test_002717,
test_002718,
test_002719,
test_002720,
test_002721,
test_002722,
test_002723,
test_002724,
test_002725,
test_002726,
test_002727,
test_002728,
test_002729,
test_002730,
test_002731,
test_002732,
test_002733,
test_002734,
test_002735,
test_002736,
test_002737,
test_002738,
test_002739,
test_002740,
test_002741,
test_002742,
test_002743,
test_002744,
test_002745,
test_002746,
test_002747,
test_002748,
test_002749,
test_002750,
test_002751,
test_002752,
test_002753,
test_002754,
test_002755,
test_002756,
test_002757,
test_002758,
test_002759,
test_002760,
test_002761,
test_002762,
test_002763,
test_002764,
test_002765,
test_002766,
test_002767,
test_002768,
test_002769,
test_002770,
test_002771,
test_002772,
test_002773,
test_002774,
test_002775,
test_002776,
test_002777,
test_002778,
test_002779,
test_002780,
test_002781,
test_002782,
test_002783,
test_002784,
test_002785,
test_002786,
test_002787,
test_002788,
test_002789,
test_002790,
test_002791,
test_002792,
test_002793,
test_002794,
test_002795,
test_002796,
test_002797,
test_002798,
test_002799,
test_002800,
test_002801,
test_002802,
test_002803,
test_002804,
test_002805,
test_002806,
test_002807,
test_002808,
test_002809,
test_002810,
test_002811,
test_002812,
test_002813,
test_002814,
test_002815,
test_002816,
test_002817,
test_002818,
test_002819,
test_002820,
test_002821,
test_002822,
test_002823,
test_002824,
test_002825,
test_002826,
test_002827,
test_002828,
test_002829,
test_002830,
test_002831,
test_002832,
test_002833,
test_002834,
test_002835,
test_002836,
test_002837,
test_002838,
test_002839,
test_002840,
test_002841,
test_002842,
test_002843,
test_002844,
test_002845,
test_002846,
test_002847,
test_002848,
test_002849,
test_002850,
test_002851,
test_002852,
test_002853,
test_002854,
test_002855,
test_002856,
test_002857,
test_002858,
test_002859,
test_002860,
test_002861,
test_002862,
test_002863,
test_002864,
test_002865,
test_002866,
test_002867,
test_002868,
test_002869,
test_002870,
test_002871,
test_002872,
test_002873,
test_002874,
test_002875,
test_002876,
test_002877,
test_002878,
test_002879,
test_002880,
test_002881,
test_002882,
test_002883,
test_002884,
test_002885,
test_002886,
test_002887,
test_002888,
test_002889,
test_002890,
test_002891,
test_002892,
test_002893,
test_002894,
test_002895,
test_002896,
test_002897,
test_002898,
test_002899,
test_002900,
test_002901,
test_002902,
test_002903,
test_002904,
test_002905,
test_002906,
test_002907,
test_002908,
test_002909,
test_002910,
test_002911,
test_002912,
test_002913,
test_002914,
test_002915,
test_002916,
test_002917,
test_002918,
test_002919,
test_002920,
test_002921,
test_002922,
test_002923,
test_002924,
test_002925,
test_002926,
test_002927,
test_002928,
test_002929,
test_002930,
test_002931,
test_002932,
test_002933,
test_002934,
test_002935,
test_002936,
test_002937,
test_002938,
test_002939,
test_002940,
test_002941,
test_002942,
test_002943,
test_002944,
test_002945,
test_002946,
test_002947,
test_002948,
test_002949,
test_002950,
test_002951,
test_002952,
test_002953,
test_002954,
test_002955,
test_002956,
test_002957,
test_002958,
test_002959,
test_002960,
test_002961,
test_002962,
test_002963,
test_002964,
test_002965,
test_002966,
test_002967,
test_002968,
test_002969,
test_002970,
test_002971,
test_002972,
test_002973,
test_002974,
test_002975,
test_002976,
test_002977,
test_002978,
test_002979,
test_002980,
test_002981,
test_002982,
test_002983,
test_002984,
test_002985,
test_002986,
test_002987,
test_002988,
test_002989,
test_002990,
test_002991,
test_002992,
test_002993,
test_002994,
test_002995,
test_002996,
test_002997,
test_002998,
test_002999,
test_003000,
test_003001,
test_003002,
test_003003,
test_003004,
test_003005,
test_003006,
test_003007,
test_003008,
test_003009,
test_003010,
test_003011,
test_003012,
test_003013,
test_003014,
test_003015,
test_003016,
test_003017,
test_003018,
test_003019,
test_003020,
test_003021,
test_003022,
test_003023,
test_003024,
test_003025,
test_003026,
test_003027,
test_003028,
test_003029,
test_003030,
test_003031,
test_003032,
test_003033,
test_003034,
test_003035,
test_003036,
test_003037,
test_003038,
test_003039,
test_003040,
test_003041,
test_003042,
test_003043,
test_003044,
test_003045,
test_003046,
test_003047,
test_003048,
test_003049,
test_003050,
test_003051,
test_003052,
test_003053,
test_003054,
test_003055,
test_003056,
test_003057,
test_003058,
test_003059,
test_003060,
test_003061,
test_003062,
test_003063,
test_003064,
test_003065,
test_003066,
test_003067,
test_003068,
test_003069,
test_003070,
test_003071,
test_003072,
test_003073,
test_003074,
test_003075,
test_003076,
test_003077,
test_003078,
test_003079,
test_003080,
test_003081,
test_003082,
test_003083,
test_003084,
test_003085,
test_003086,
test_003087,
test_003088,
test_003089,
test_003090,
test_003091,
test_003092,
test_003093,
test_003094,
test_003095,
test_003096,
test_003097,
test_003098,
test_003099,
test_003100,
test_003101,
test_003102,
test_003103,
test_003104,
test_003105,
test_003106,
test_003107,
test_003108,
test_003109,
test_003110,
test_003111,
test_003112,
test_003113,
test_003114,
test_003115,
test_003116,
test_003117,
test_003118,
test_003119,
test_003120,
test_003121,
test_003122,
test_003123,
test_003124,
test_003125,
test_003126,
test_003127,
test_003128,
test_003129,
test_003130,
test_003131,
test_003132,
test_003133,
test_003134,
test_003135,
test_003136,
test_003137,
test_003138,
test_003139,
test_003140,
test_003141,
test_003142,
test_003143,
test_003144,
test_003145,
test_003146,
test_003147,
test_003148,
test_003149,
test_003150,
test_003151,
test_003152,
test_003153,
test_003154,
test_003155,
test_003156,
test_003157,
test_003158,
test_003159,
test_003160,
test_003161,
test_003162,
test_003163,
test_003164,
test_003165,
test_003166,
test_003167,
test_003168,
test_003169,
test_003170,
test_003171,
test_003172,
test_003173,
test_003174,
test_003175,
test_003176,
test_003177,
test_003178,
test_003179,
test_003180,
test_003181,
test_003182,
test_003183,
test_003184,
test_003185,
test_003186,
test_003187,
test_003188,
test_003189,
test_003190,
test_003191,
test_003192,
test_003193,
test_003194,
test_003195,
test_003196,
test_003197,
test_003198,
test_003199,
test_003200,
test_003201,
test_003202,
test_003203,
test_003204,
test_003205,
test_003206,
test_003207,
test_003208,
test_003209,
test_003210,
test_003211,
test_003212,
test_003213,
test_003214,
test_003215,
test_003216,
test_003217,
test_003218,
test_003219,
test_003220,
test_003221,
test_003222,
test_003223,
test_003224,
test_003225,
test_003226,
test_003227,
test_003228,
test_003229,
test_003230,
test_003231,
test_003232,
test_003233,
test_003234,
test_003235,
test_003236,
test_003237,
test_003238,
test_003239,
test_003240,
test_003241,
test_003242,
test_003243,
test_003244,
test_003245,
test_003246,
test_003247,
test_003248,
test_003249,
test_003250,
test_003251,
test_003252,
test_003253,
test_003254,
test_003255,
test_003256,
test_003257,
test_003258,
test_003259,
test_003260,
test_003261,
test_003262,
test_003263,
test_003264,
test_003265,
test_003266,
test_003267,
test_003268,
test_003269,
test_003270,
test_003271,
test_003272,
test_003273,
test_003274,
test_003275,
test_003276,
test_003277,
test_003278,
test_003279,
test_003280,
test_003281,
test_003282,
test_003283,
test_003284,
test_003285,
test_003286,
test_003287,
test_003288,
test_003289,
test_003290,
test_003291,
test_003292,
test_003293,
test_003294,
test_003295,
test_003296,
test_003297,
test_003298,
test_003299,
test_003300,
test_003301,
test_003302,
test_003303,
test_003304,
test_003305,
test_003306,
test_003307,
test_003308,
test_003309,
test_003310,
test_003311,
test_003312,
test_003313,
test_003314,
test_003315,
test_003316,
test_003317,
test_003318,
test_003319,
test_003320,
test_003321,
test_003322,
test_003323,
test_003324,
test_003325,
test_003326,
test_003327,
test_003328,
test_003329,
test_003330,
test_003331,
test_003332,
test_003333,
test_003334,
test_003335,
test_003336,
test_003337,
test_003338,
test_003339,
test_003340,
test_003341,
test_003342,
test_003343,
test_003344,
test_003345,
test_003346,
test_003347,
test_003348,
test_003349,
test_003350,
test_003351,
test_003352,
test_003353,
test_003354,
test_003355,
test_003356,
test_003357,
test_003358,
test_003359,
test_003360,
test_003361,
test_003362,
test_003363,
test_003364,
test_003365,
test_003366,
test_003367,
test_003368,
test_003369,
test_003370,
test_003371,
test_003372,
test_003373,
test_003374,
test_003375,
test_003376,
test_003377,
test_003378,
test_003379,
test_003380,
test_003381,
test_003382,
test_003383,
test_003384,
test_003385,
test_003386,
test_003387,
test_003388,
test_003389,
test_003390,
test_003391,
test_003392,
test_003393,
test_003394,
test_003395,
test_003396,
test_003397,
test_003398,
test_003399,
test_003400,
test_003401,
test_003402,
test_003403,
test_003404,
test_003405,
test_003406,
test_003407,
test_003408,
test_003409,
test_003410,
test_003411,
test_003412,
test_003413,
test_003414,
test_003415,
test_003416,
test_003417,
test_003418,
test_003419,
test_003420,
test_003421,
test_003422,
test_003423,
test_003424,
test_003425,
test_003426,
test_003427,
test_003428,
test_003429,
test_003430,
test_003431,
test_003432,
test_003433,
test_003434,
test_003435,
test_003436,
test_003437,
test_003438,
test_003439,
test_003440,
test_003441,
test_003442,
test_003443,
test_003444,
test_003445,
test_003446,
test_003447,
test_003448,
test_003449,
test_003450,
test_003451,
test_003452,
test_003453,
test_003454,
test_003455,
test_003456,
test_003457,
test_003458,
test_003459,
test_003460,
test_003461,
test_003462,
test_003463,
test_003464,
test_003465,
test_003466,
test_003467,
test_003468,
test_003469,
test_003470,
test_003471,
test_003472,
test_003473,
test_003474,
test_003475,
test_003476,
test_003477,
test_003478,
test_003479,
test_003480,
test_003481,
test_003482,
test_003483,
test_003484,
test_003485,
test_003486,
test_003487,
test_003488,
test_003489,
test_003490,
test_003491,
test_003492,
test_003493,
test_003494,
test_003495,
test_003496,
test_003497,
test_003498,
test_003499,
test_003500,
test_003501,
test_003502,
test_003503,
test_003504,
test_003505,
test_003506,
test_003507,
test_003508,
test_003509,
test_003510,
test_003511,
test_003512,
test_003513,
test_003514,
test_003515,
test_003516,
test_003517,
test_003518,
test_003519,
test_003520,
test_003521,
test_003522,
test_003523,
test_003524,
test_003525,
test_003526,
test_003527,
test_003528,
test_003529,
test_003530,
test_003531,
test_003532,
test_003533,
test_003534,
test_003535,
test_003536,
test_003537,
test_003538,
test_003539,
test_003540,
test_003541,
test_003542,
test_003543,
test_003544,
test_003545,
test_003546,
test_003547,
test_003548,
test_003549,
test_003550,
test_003551,
test_003552,
test_003553,
test_003554,
test_003555,
test_003556,
test_003557,
test_003558,
test_003559,
test_003560,
test_003561,
test_003562,
test_003563,
test_003564,
test_003565,
test_003566,
test_003567,
test_003568,
test_003569,
test_003570,
test_003571,
test_003572,
test_003573,
test_003574,
test_003575,
test_003576,
test_003577,
test_003578,
test_003579,
test_003580,
test_003581,
test_003582,
test_003583,
test_003584,
test_003585,
test_003586,
test_003587,
test_003588,
test_003589,
test_003590,
test_003591,
test_003592,
test_003593,
test_003594,
test_003595,
test_003596,
test_003597,
test_003598,
test_003599,
test_003600,
test_003601,
test_003602,
test_003603,
test_003604,
test_003605,
test_003606,
test_003607,
test_003608,
test_003609,
test_003610,
test_003611,
test_003612,
test_003613,
test_003614,
test_003615,
test_003616,
test_003617,
test_003618,
test_003619,
test_003620,
test_003621,
test_003622,
test_003623,
test_003624,
test_003625,
test_003626,
test_003627,
test_003628,
test_003629,
test_003630,
test_003631,
test_003632,
test_003633,
test_003634,
test_003635,
test_003636,
test_003637,
test_003638,
test_003639,
test_003640,
test_003641,
test_003642,
test_003643,
test_003644,
test_003645,
test_003646,
test_003647,
test_003648,
test_003649,
test_003650,
test_003651,
test_003652,
test_003653,
test_003654,
test_003655,
test_003656,
test_003657,
test_003658,
test_003659,
test_003660,
test_003661,
test_003662,
test_003663,
test_003664,
test_003665,
test_003666,
test_003667,
test_003668,
test_003669,
test_003670,
test_003671,
test_003672,
test_003673,
test_003674,
test_003675,
test_003676,
test_003677,
test_003678,
test_003679,
test_003680,
test_003681,
test_003682,
test_003683,
test_003684,
test_003685,
test_003686,
test_003687,
test_003688,
test_003689,
test_003690,
test_003691,
test_003692,
test_003693,
test_003694,
test_003695,
test_003696,
test_003697,
test_003698,
test_003699,
test_003700,
test_003701,
test_003702,
test_003703,
test_003704,
test_003705,
test_003706,
test_003707,
test_003708,
test_003709,
test_003710,
test_003711,
test_003712,
test_003713,
test_003714,
test_003715,
test_003716,
test_003717,
test_003718,
test_003719,
test_003720,
test_003721,
test_003722,
test_003723,
test_003724,
test_003725,
test_003726,
test_003727,
test_003728,
test_003729,
test_003730,
test_003731,
test_003732,
test_003733,
test_003734,
test_003735,
test_003736,
test_003737,
test_003738,
test_003739,
test_003740,
test_003741,
test_003742,
test_003743,
test_003744,
test_003745,
test_003746,
test_003747,
test_003748,
test_003749,
test_003750,
test_003751,
test_003752,
test_003753,
test_003754,
test_003755,
test_003756,
test_003757,
test_003758,
test_003759,
test_003760,
test_003761,
test_003762,
test_003763,
test_003764,
test_003765,
test_003766,
test_003767,
test_003768,
test_003769,
test_003770,
test_003771,
test_003772,
test_003773,
test_003774,
test_003775,
test_003776,
test_003777,
test_003778,
test_003779,
test_003780,
test_003781,
test_003782,
test_003783,
test_003784,
test_003785,
test_003786,
test_003787,
test_003788,
test_003789,
test_003790,
test_003791,
test_003792,
test_003793,
test_003794,
test_003795,
test_003796,
test_003797,
test_003798,
test_003799,
test_003800,
test_003801,
test_003802,
test_003803,
test_003804,
test_003805,
test_003806,
test_003807,
test_003808,
test_003809,
test_003810,
test_003811,
test_003812,
test_003813,
test_003814,
test_003815,
test_003816,
test_003817,
test_003818,
test_003819,
test_003820,
test_003821,
test_003822,
test_003823,
test_003824,
test_003825,
test_003826,
test_003827,
test_003828,
test_003829,
test_003830,
test_003831,
test_003832,
test_003833,
test_003834,
test_003835,
test_003836,
test_003837,
test_003838,
test_003839,
test_003840,
test_003841,
test_003842,
test_003843,
test_003844,
test_003845,
test_003846,
test_003847,
test_003848,
test_003849,
test_003850,
test_003851,
test_003852,
test_003853,
test_003854,
test_003855,
test_003856,
test_003857,
test_003858,
test_003859,
test_003860,
test_003861,
test_003862,
test_003863,
test_003864,
test_003865,
test_003866,
test_003867,
test_003868,
test_003869,
test_003870,
test_003871,
test_003872,
test_003873,
test_003874,
test_003875,
test_003876,
test_003877,
test_003878,
test_003879,
test_003880,
test_003881,
test_003882,
test_003883,
test_003884,
test_003885,
test_003886,
test_003887,
test_003888,
test_003889,
test_003890,
test_003891,
test_003892,
test_003893,
test_003894,
test_003895,
test_003896,
test_003897,
test_003898,
test_003899,
test_003900,
test_003901,
test_003902,
test_003903,
test_003904,
test_003905,
test_003906,
test_003907,
test_003908,
test_003909,
test_003910,
test_003911,
test_003912,
test_003913,
test_003914,
test_003915,
test_003916,
test_003917,
test_003918,
test_003919,
test_003920,
test_003921,
test_003922,
test_003923,
test_003924,
test_003925,
test_003926,
test_003927,
test_003928,
test_003929,
test_003930,
test_003931,
test_003932,
test_003933,
test_003934,
test_003935,
test_003936,
test_003937,
test_003938,
test_003939,
test_003940,
test_003941,
test_003942,
test_003943,
test_003944,
test_003945,
test_003946,
test_003947,
test_003948,
test_003949,
test_003950,
test_003951,
test_003952,
test_003953,
test_003954,
test_003955,
test_003956,
test_003957,
test_003958,
test_003959,
test_003960,
test_003961,
test_003962,
test_003963,
test_003964,
test_003965,
test_003966,
test_003967,
test_003968,
test_003969,
test_003970,
test_003971,
test_003972,
test_003973,
test_003974,
test_003975,
test_003976,
test_003977,
test_003978,
test_003979,
test_003980,
test_003981,
test_003982,
test_003983,
test_003984,
test_003985,
test_003986,
test_003987,
test_003988,
test_003989,
test_003990,
test_003991,
test_003992,
test_003993,
test_003994,
test_003995,
test_003996,
test_003997,
test_003998,
test_003999,
test_004000,
test_004001,
test_004002,
test_004003,
test_004004,
test_004005,
test_004006,
test_004007,
test_004008,
test_004009,
test_004010,
test_004011,
test_004012,
test_004013,
test_004014,
test_004015,
test_004016,
test_004017,
test_004018,
test_004019,
test_004020,
test_004021,
test_004022,
test_004023,
test_004024,
test_004025,
test_004026,
test_004027,
test_004028,
test_004029,
test_004030,
test_004031,
test_004032,
test_004033,
test_004034,
test_004035,
test_004036,
test_004037,
test_004038,
test_004039,
test_004040,
test_004041,
test_004042,
test_004043,
test_004044,
test_004045,
test_004046,
test_004047,
test_004048,
test_004049,
test_004050,
test_004051,
test_004052,
test_004053,
test_004054,
test_004055,
test_004056,
test_004057,
test_004058,
test_004059,
test_004060,
test_004061,
test_004062,
test_004063,
test_004064,
test_004065,
test_004066,
test_004067,
test_004068,
test_004069,
test_004070,
test_004071,
test_004072,
test_004073,
test_004074,
test_004075,
test_004076,
test_004077,
test_004078,
test_004079,
test_004080,
test_004081,
test_004082,
test_004083,
test_004084,
test_004085,
test_004086,
test_004087,
test_004088,
test_004089,
test_004090,
test_004091,
test_004092,
test_004093,
test_004094,
test_004095,
test_004096,
test_004097,
test_004098,
test_004099,
test_004100,
test_004101,
test_004102,
test_004103,
test_004104,
test_004105,
test_004106,
test_004107,
test_004108,
test_004109,
test_004110,
test_004111,
test_004112,
test_004113,
test_004114,
test_004115,
test_004116,
test_004117,
test_004118,
test_004119,
test_004120,
test_004121,
test_004122,
test_004123,
test_004124,
test_004125,
test_004126,
test_004127,
test_004128,
test_004129,
test_004130,
test_004131,
test_004132,
test_004133,
test_004134,
test_004135,
test_004136,
test_004137,
test_004138,
test_004139,
test_004140,
test_004141,
test_004142,
test_004143,
test_004144,
test_004145,
test_004146,
test_004147,
test_004148,
test_004149,
test_004150,
test_004151,
test_004152,
test_004153,
test_004154,
test_004155,
test_004156,
test_004157,
test_004158,
test_004159,
test_004160,
test_004161,
test_004162,
test_004163,
test_004164,
test_004165,
test_004166,
test_004167,
test_004168,
test_004169,
test_004170,
test_004171,
test_004172,
test_004173,
test_004174,
test_004175,
test_004176,
test_004177,
test_004178,
test_004179,
test_004180,
test_004181,
test_004182,
test_004183,
test_004184,
test_004185,
test_004186,
test_004187,
test_004188,
test_004189,
test_004190,
test_004191,
test_004192,
test_004193,
test_004194,
test_004195,
test_004196,
test_004197,
test_004198,
test_004199,
test_004200,
test_004201,
test_004202,
test_004203,
test_004204,
test_004205,
test_004206,
test_004207,
test_004208,
test_004209,
test_004210,
test_004211,
test_004212,
test_004213,
test_004214,
test_004215,
test_004216,
test_004217,
test_004218,
test_004219,
test_004220,
test_004221,
test_004222,
test_004223,
test_004224,
test_004225,
test_004226,
test_004227,
test_004228,
test_004229,
test_004230,
test_004231,
test_004232,
test_004233,
test_004234,
test_004235,
test_004236,
test_004237,
test_004238,
test_004239,
test_004240,
test_004241,
test_004242,
test_004243,
test_004244,
test_004245,
test_004246,
test_004247,
test_004248,
test_004249,
test_004250,
test_004251,
test_004252,
test_004253,
test_004254,
test_004255,
test_004256,
test_004257,
test_004258,
test_004259,
test_004260,
test_004261,
test_004262,
test_004263,
test_004264,
test_004265,
test_004266,
test_004267,
test_004268,
test_004269,
test_004270,
test_004271,
test_004272,
test_004273,
test_004274,
test_004275,
test_004276,
test_004277,
test_004278,
test_004279,
test_004280,
test_004281,
test_004282,
test_004283,
test_004284,
test_004285,
test_004286,
test_004287,
test_004288,
test_004289,
test_004290,
test_004291,
test_004292,
test_004293,
test_004294,
test_004295,
test_004296,
test_004297,
test_004298,
test_004299,
test_004300,
test_004301,
test_004302,
test_004303,
test_004304,
test_004305,
test_004306,
test_004307,
test_004308,
test_004309,
test_004310,
test_004311,
test_004312,
test_004313,
test_004314,
test_004315,
test_004316,
test_004317,
test_004318,
test_004319,
test_004320,
test_004321,
test_004322,
test_004323,
test_004324,
test_004325,
test_004326,
test_004327,
test_004328,
test_004329,
test_004330,
test_004331,
test_004332,
test_004333,
test_004334,
test_004335,
test_004336,
test_004337,
test_004338,
test_004339,
test_004340,
test_004341,
test_004342,
test_004343,
test_004344,
test_004345,
test_004346,
test_004347,
test_004348,
test_004349,
test_004350,
test_004351,
test_004352,
test_004353,
test_004354,
test_004355,
test_004356,
test_004357,
test_004358,
test_004359,
test_004360,
test_004361,
test_004362,
test_004363,
test_004364,
test_004365,
test_004366,
test_004367,
test_004368,
test_004369,
test_004370,
test_004371,
test_004372,
test_004373,
test_004374,
test_004375,
test_004376,
test_004377,
test_004378,
test_004379,
test_004380,
test_004381,
test_004382,
test_004383,
test_004384,
test_004385,
test_004386,
test_004387,
test_004388,
test_004389,
test_004390,
test_004391,
test_004392,
test_004393,
test_004394,
test_004395,
test_004396,
test_004397,
test_004398,
test_004399,
test_004400,
test_004401,
test_004402,
test_004403,
test_004404,
test_004405,
test_004406,
test_004407,
test_004408,
test_004409,
test_004410,
test_004411,
test_004412,
test_004413,
test_004414,
test_004415,
test_004416,
test_004417,
test_004418,
test_004419,
test_004420,
test_004421,
test_004422,
test_004423,
test_004424,
test_004425,
test_004426,
test_004427,
test_004428,
test_004429,
test_004430,
test_004431,
test_004432,
test_004433,
test_004434,
test_004435,
test_004436,
test_004437,
test_004438,
test_004439,
test_004440,
test_004441,
test_004442,
test_004443,
test_004444,
test_004445,
test_004446,
test_004447,
test_004448,
test_004449,
test_004450,
test_004451,
test_004452,
test_004453,
test_004454,
test_004455,
test_004456,
test_004457,
test_004458,
test_004459,
test_004460,
test_004461,
test_004462,
test_004463,
test_004464,
test_004465,
test_004466,
test_004467,
test_004468,
test_004469,
test_004470,
test_004471,
test_004472,
test_004473,
test_004474,
test_004475,
test_004476,
test_004477,
test_004478,
test_004479,
test_004480,
test_004481,
test_004482,
test_004483,
test_004484,
test_004485,
test_004486,
test_004487,
test_004488,
test_004489,
test_004490,
test_004491,
test_004492,
test_004493,
test_004494,
test_004495,
test_004496,
test_004497,
test_004498,
test_004499,
test_004500,
test_004501,
test_004502,
test_004503,
test_004504,
test_004505,
test_004506,
test_004507,
test_004508,
test_004509,
test_004510,
test_004511,
test_004512,
test_004513,
test_004514,
test_004515,
test_004516,
test_004517,
test_004518,
test_004519,
test_004520,
test_004521,
test_004522,
test_004523,
test_004524,
test_004525,
test_004526,
test_004527,
test_004528,
test_004529,
test_004530,
test_004531,
test_004532,
test_004533,
test_004534,
test_004535,
test_004536,
test_004537,
test_004538,
test_004539,
test_004540,
test_004541,
test_004542,
test_004543,
test_004544,
test_004545,
test_004546,
test_004547,
test_004548,
test_004549,
test_004550,
test_004551,
test_004552,
test_004553,
test_004554,
test_004555,
test_004556,
test_004557,
test_004558,
test_004559,
test_004560,
test_004561,
test_004562,
test_004563,
test_004564,
test_004565,
test_004566,
test_004567,
test_004568,
test_004569,
test_004570,
test_004571,
test_004572,
test_004573,
test_004574,
test_004575,
test_004576,
test_004577,
test_004578,
test_004579,
test_004580,
test_004581,
test_004582,
test_004583,
test_004584,
test_004585,
test_004586,
test_004587,
test_004588,
test_004589,
test_004590,
test_004591,
test_004592,
test_004593,
test_004594,
test_004595,
test_004596,
test_004597,
test_004598,
test_004599,
test_004600,
test_004601,
test_004602,
test_004603,
test_004604,
test_004605,
test_004606,
test_004607,
test_004608,
test_004609,
test_004610,
test_004611,
test_004612,
test_004613,
test_004614,
test_004615,
test_004616,
test_004617,
test_004618,
test_004619,
test_004620,
test_004621,
test_004622,
test_004623,
test_004624,
test_004625,
test_004626,
test_004627,
test_004628,
test_004629,
test_004630,
test_004631,
test_004632,
test_004633,
test_004634,
test_004635,
test_004636,
test_004637,
test_004638,
test_004639,
test_004640,
test_004641,
test_004642,
test_004643,
test_004644,
test_004645,
test_004646,
test_004647,
test_004648,
test_004649,
test_004650,
test_004651,
test_004652,
test_004653,
test_004654,
test_004655,
test_004656,
test_004657,
test_004658,
test_004659,
test_004660,
test_004661,
test_004662,
test_004663,
test_004664,
test_004665,
test_004666,
test_004667,
test_004668,
test_004669,
test_004670,
test_004671,
test_004672,
test_004673,
test_004674,
test_004675,
test_004676,
test_004677,
test_004678,
test_004679,
test_004680,
test_004681,
test_004682,
test_004683,
test_004684,
test_004685,
test_004686,
test_004687,
test_004688,
test_004689,
test_004690,
test_004691,
test_004692,
test_004693,
test_004694,
test_004695,
test_004696,
test_004697,
test_004698,
test_004699,
test_004700,
test_004701,
test_004702,
test_004703,
test_004704,
test_004705,
test_004706,
test_004707,
test_004708,
test_004709,
test_004710,
test_004711,
test_004712,
test_004713,
test_004714,
test_004715,
test_004716,
test_004717,
test_004718,
test_004719,
test_004720,
test_004721,
test_004722,
test_004723,
test_004724,
test_004725,
test_004726,
test_004727,
test_004728,
test_004729,
test_004730,
test_004731,
test_004732,
test_004733,
test_004734,
test_004735,
test_004736,
test_004737,
test_004738,
test_004739,
test_004740,
test_004741,
test_004742,
test_004743,
test_004744,
test_004745,
test_004746,
test_004747,
test_004748,
test_004749,
test_004750,
test_004751,
test_004752,
test_004753,
test_004754,
test_004755,
test_004756,
test_004757,
test_004758,
test_004759,
test_004760,
test_004761,
test_004762,
test_004763,
test_004764,
test_004765,
test_004766,
test_004767,
test_004768,
test_004769,
test_004770,
test_004771,
test_004772,
test_004773,
test_004774,
test_004775,
test_004776,
test_004777,
test_004778,
test_004779,
test_004780,
test_004781,
test_004782,
test_004783,
test_004784,
test_004785,
test_004786,
test_004787,
test_004788,
test_004789,
test_004790,
test_004791,
test_004792,
test_004793,
test_004794,
test_004795,
test_004796,
test_004797,
test_004798,
test_004799,
test_004800,
test_004801,
test_004802,
test_004803,
test_004804,
test_004805,
test_004806,
test_004807,
test_004808,
test_004809,
test_004810,
test_004811,
test_004812,
test_004813,
test_004814,
test_004815,
test_004816,
test_004817,
test_004818,
test_004819,
test_004820,
test_004821,
test_004822,
test_004823,
test_004824,
test_004825,
test_004826,
test_004827,
test_004828,
test_004829,
test_004830,
test_004831,
test_004832,
test_004833,
test_004834,
test_004835,
test_004836,
test_004837,
test_004838,
test_004839,
test_004840,
test_004841,
test_004842,
test_004843,
test_004844,
test_004845,
test_004846,
test_004847,
test_004848,
test_004849,
test_004850,
test_004851,
test_004852,
test_004853,
test_004854,
test_004855,
test_004856,
test_004857,
test_004858,
test_004859,
test_004860,
test_004861,
test_004862,
test_004863,
test_004864,
test_004865,
test_004866,
test_004867,
test_004868,
test_004869,
test_004870,
test_004871,
test_004872,
test_004873,
test_004874,
test_004875,
test_004876,
test_004877,
test_004878,
test_004879,
test_004880,
test_004881,
test_004882,
test_004883,
test_004884,
test_004885,
test_004886,
test_004887,
test_004888,
test_004889,
test_004890,
test_004891,
test_004892,
test_004893,
test_004894,
test_004895,
test_004896,
test_004897,
test_004898,
test_004899,
test_004900,
test_004901,
test_004902,
test_004903,
test_004904,
test_004905,
test_004906,
test_004907,
test_004908,
test_004909,
test_004910,
test_004911,
test_004912,
test_004913,
test_004914,
test_004915,
test_004916,
test_004917,
test_004918,
test_004919,
test_004920,
test_004921,
test_004922,
test_004923,
test_004924,
test_004925,
test_004926,
test_004927,
test_004928,
test_004929,
test_004930,
test_004931,
test_004932,
test_004933,
test_004934,
test_004935,
test_004936,
test_004937,
test_004938,
test_004939,
test_004940,
test_004941,
test_004942,
test_004943,
test_004944,
test_004945,
test_004946,
test_004947,
test_004948,
test_004949,
test_004950,
test_004951,
test_004952,
test_004953,
test_004954,
test_004955,
test_004956,
test_004957,
test_004958,
test_004959,
test_004960,
test_004961,
test_004962,
test_004963,
test_004964,
test_004965,
test_004966,
test_004967,
test_004968,
test_004969,
test_004970,
test_004971,
test_004972,
test_004973,
test_004974,
test_004975,
test_004976,
test_004977,
test_004978,
test_004979,
test_004980,
test_004981,
test_004982,
test_004983,
test_004984,
test_004985,
test_004986,
test_004987,
test_004988,
test_004989,
test_004990,
test_004991,
test_004992,
test_004993,
test_004994,
test_004995,
test_004996,
test_004997,
test_004998,
test_004999,
test_005000,
test_005001,
test_005002,
test_005003,
test_005004,
test_005005,
test_005006,
test_005007,
test_005008,
test_005009,
test_005010,
test_005011,
test_005012,
test_005013,
test_005014,
test_005015,
test_005016,
test_005017,
test_005018,
test_005019,
test_005020,
test_005021,
test_005022,
test_005023,
test_005024,
test_005025,
test_005026,
test_005027,
test_005028,
test_005029,
test_005030,
test_005031,
test_005032,
test_005033,
test_005034,
test_005035,
test_005036,
test_005037,
test_005038,
test_005039,
test_005040,
test_005041,
test_005042,
test_005043,
test_005044,
test_005045,
test_005046,
test_005047,
test_005048,
test_005049,
test_005050,
test_005051,
test_005052,
test_005053,
test_005054,
test_005055,
test_005056,
test_005057,
test_005058,
test_005059,
test_005060,
test_005061,
test_005062,
test_005063,
test_005064,
test_005065,
test_005066,
test_005067,
test_005068,
test_005069,
test_005070,
test_005071,
test_005072,
test_005073,
test_005074,
test_005075,
test_005076,
test_005077,
test_005078,
test_005079,
test_005080,
test_005081,
test_005082,
test_005083,
test_005084,
test_005085,
test_005086,
test_005087,
test_005088,
test_005089,
test_005090,
test_005091,
test_005092,
test_005093,
test_005094,
test_005095,
test_005096,
test_005097,
test_005098,
test_005099,
test_005100,
test_005101,
test_005102,
test_005103,
test_005104,
test_005105,
test_005106,
test_005107,
test_005108,
test_005109,
test_005110,
test_005111,
test_005112,
test_005113,
test_005114,
test_005115,
test_005116,
test_005117,
test_005118,
test_005119,
test_005120,
test_005121,
test_005122,
test_005123,
test_005124,
test_005125,
test_005126,
test_005127,
test_005128,
test_005129,
test_005130,
test_005131,
test_005132,
test_005133,
test_005134,
test_005135,
test_005136,
test_005137,
test_005138,
test_005139,
test_005140,
test_005141,
test_005142,
test_005143,
test_005144,
test_005145,
test_005146,
test_005147,
test_005148,
test_005149,
test_005150,
test_005151,
test_005152,
test_005153,
test_005154,
test_005155,
test_005156,
test_005157,
test_005158,
test_005159,
test_005160,
test_005161,
test_005162,
test_005163,
test_005164,
test_005165,
test_005166,
test_005167,
test_005168,
test_005169,
test_005170,
test_005171,
test_005172,
test_005173,
test_005174,
test_005175,
test_005176,
test_005177,
test_005178,
test_005179,
test_005180,
test_005181,
test_005182,
test_005183,
test_005184,
test_005185,
test_005186,
test_005187,
test_005188,
test_005189,
test_005190,
test_005191,
test_005192,
test_005193,
test_005194,
test_005195,
test_005196,
test_005197,
test_005198,
test_005199,
test_005200,
test_005201,
test_005202,
test_005203,
test_005204,
test_005205,
test_005206,
test_005207,
test_005208,
test_005209,
test_005210,
test_005211,
test_005212,
test_005213,
test_005214,
test_005215,
test_005216,
test_005217,
test_005218,
test_005219,
test_005220,
test_005221,
test_005222,
test_005223,
test_005224,
test_005225,
test_005226,
test_005227,
test_005228,
test_005229,
test_005230,
test_005231,
test_005232,
test_005233,
test_005234,
test_005235,
test_005236,
test_005237,
test_005238,
test_005239,
test_005240,
test_005241,
test_005242,
test_005243,
test_005244,
test_005245,
test_005246,
test_005247,
test_005248,
test_005249,
test_005250,
test_005251,
test_005252,
test_005253,
test_005254,
test_005255,
test_005256,
test_005257,
test_005258,
test_005259,
test_005260,
test_005261,
test_005262,
test_005263,
test_005264,
test_005265,
test_005266,
test_005267,
test_005268,
test_005269,
test_005270,
test_005271,
test_005272,
test_005273,
test_005274,
test_005275,
test_005276,
test_005277,
test_005278,
test_005279,
test_005280,
test_005281,
test_005282,
test_005283,
test_005284,
test_005285,
test_005286,
test_005287,
test_005288,
test_005289,
test_005290,
test_005291,
test_005292,
test_005293,
test_005294,
test_005295,
test_005296,
test_005297,
test_005298,
test_005299,
test_005300,
test_005301,
test_005302,
test_005303,
test_005304,
test_005305,
test_005306,
test_005307,
test_005308,
test_005309,
test_005310,
test_005311,
test_005312,
test_005313,
test_005314,
test_005315,
test_005316,
test_005317,
test_005318,
test_005319,
test_005320,
test_005321,
test_005322,
test_005323,
test_005324,
test_005325,
test_005326,
test_005327,
test_005328,
test_005329,
test_005330,
test_005331,
test_005332,
test_005333,
test_005334,
test_005335,
test_005336,
test_005337,
test_005338,
test_005339,
test_005340,
test_005341,
test_005342,
test_005343,
test_005344,
test_005345,
test_005346,
test_005347,
test_005348,
test_005349,
test_005350,
test_005351,
test_005352,
test_005353,
test_005354,
test_005355,
test_005356,
test_005357,
test_005358,
test_005359,
test_005360,
test_005361,
test_005362,
test_005363,
test_005364,
test_005365,
test_005366,
test_005367,
test_005368,
test_005369,
test_005370,
test_005371,
test_005372,
test_005373,
test_005374,
test_005375,
test_005376,
test_005377,
test_005378,
test_005379,
test_005380,
test_005381,
test_005382,
test_005383,
test_005384,
test_005385,
test_005386,
test_005387,
test_005388,
test_005389,
test_005390,
test_005391,
test_005392,
test_005393,
test_005394,
test_005395,
test_005396,
test_005397,
test_005398,
test_005399,
test_005400,
test_005401,
test_005402,
test_005403,
test_005404,
test_005405,
test_005406,
test_005407,
test_005408,
test_005409,
test_005410,
test_005411,
test_005412,
test_005413,
test_005414,
test_005415,
test_005416,
test_005417,
test_005418,
test_005419,
test_005420,
test_005421,
test_005422,
test_005423,
test_005424,
test_005425,
test_005426,
test_005427,
test_005428,
test_005429,
test_005430,
test_005431,
test_005432,
test_005433,
test_005434,
test_005435,
test_005436,
test_005437,
test_005438,
test_005439,
test_005440,
test_005441,
test_005442,
test_005443,
test_005444,
test_005445,
test_005446,
test_005447,
test_005448,
test_005449,
test_005450,
test_005451,
test_005452,
test_005453,
test_005454,
test_005455,
test_005456,
test_005457,
test_005458,
test_005459,
test_005460,
test_005461,
test_005462,
test_005463,
test_005464,
test_005465,
test_005466,
test_005467,
test_005468,
test_005469,
test_005470,
test_005471,
test_005472,
test_005473,
test_005474,
test_005475,
test_005476,
test_005477,
test_005478,
test_005479,
test_005480,
test_005481,
test_005482,
test_005483,
test_005484,
test_005485,
test_005486,
test_005487,
test_005488,
test_005489,
test_005490,
test_005491,
test_005492,
test_005493,
test_005494,
test_005495,
test_005496,
test_005497,
test_005498,
test_005499,
test_005500,
test_005501,
test_005502,
test_005503,
test_005504,
test_005505,
test_005506,
test_005507,
test_005508,
test_005509,
test_005510,
test_005511,
test_005512,
test_005513,
test_005514,
test_005515,
test_005516,
test_005517,
test_005518,
test_005519,
test_005520,
test_005521,
test_005522,
test_005523,
test_005524,
test_005525,
test_005526,
test_005527,
test_005528,
test_005529,
test_005530,
test_005531,
test_005532,
test_005533,
test_005534,
test_005535,
test_005536,
test_005537,
test_005538,
test_005539,
test_005540,
test_005541,
test_005542,
test_005543,
test_005544,
test_005545,
test_005546,
test_005547,
test_005548,
test_005549,
test_005550,
test_005551,
test_005552,
test_005553,
test_005554,
test_005555,
test_005556,
test_005557,
test_005558,
test_005559,
test_005560,
test_005561,
test_005562,
test_005563,
test_005564,
test_005565,
test_005566,
test_005567,
test_005568,
test_005569,
test_005570,
test_005571,
test_005572,
test_005573,
test_005574,
test_005575,
test_005576,
test_005577,
test_005578,
test_005579,
test_005580,
test_005581,
test_005582,
test_005583,
test_005584,
test_005585,
test_005586,
test_005587,
test_005588,
test_005589,
test_005590,
test_005591,
test_005592,
test_005593,
test_005594,
test_005595,
test_005596,
test_005597,
test_005598,
test_005599,
test_005600,
test_005601,
test_005602,
test_005603,
test_005604,
test_005605,
test_005606,
test_005607,
test_005608,
test_005609,
test_005610,
test_005611,
test_005612,
test_005613,
test_005614,
test_005615,
test_005616,
test_005617,
test_005618,
test_005619,
test_005620,
test_005621,
test_005622,
test_005623,
test_005624,
test_005625,
test_005626,
test_005627,
test_005628,
test_005629,
test_005630,
test_005631,
test_005632,
test_005633,
test_005634,
test_005635,
test_005636,
test_005637,
test_005638,
test_005639,
test_005640,
test_005641,
test_005642,
test_005643,
test_005644,
test_005645,
test_005646,
test_005647,
test_005648,
test_005649,
test_005650,
test_005651,
test_005652,
test_005653,
test_005654,
test_005655,
test_005656,
test_005657,
test_005658,
test_005659,
test_005660,
test_005661,
test_005662,
test_005663,
test_005664,
test_005665,
test_005666,
test_005667,
test_005668,
test_005669,
test_005670,
test_005671,
test_005672,
test_005673,
test_005674,
test_005675,
test_005676,
test_005677,
test_005678,
test_005679,
test_005680,
test_005681,
test_005682,
test_005683,
test_005684,
test_005685,
test_005686,
test_005687,
test_005688,
test_005689,
test_005690,
test_005691,
test_005692,
test_005693,
test_005694,
test_005695,
test_005696,
test_005697,
test_005698,
test_005699,
test_005700,
test_005701,
test_005702,
test_005703,
test_005704,
test_005705,
test_005706,
test_005707,
test_005708,
test_005709,
test_005710,
test_005711,
test_005712,
test_005713,
test_005714,
test_005715,
test_005716,
test_005717,
test_005718,
test_005719,
test_005720,
test_005721,
test_005722,
test_005723,
test_005724,
test_005725,
test_005726,
test_005727,
test_005728,
test_005729,
test_005730,
test_005731,
test_005732,
test_005733,
test_005734,
test_005735,
test_005736,
test_005737,
test_005738,
test_005739,
test_005740,
test_005741,
test_005742,
test_005743,
test_005744,
test_005745,
test_005746,
test_005747,
test_005748,
test_005749,
test_005750,
test_005751,
test_005752,
test_005753,
test_005754,
test_005755,
test_005756,
test_005757,
test_005758,
test_005759,
test_005760,
test_005761,
test_005762,
test_005763,
test_005764,
test_005765,
test_005766,
test_005767,
test_005768,
test_005769,
test_005770,
test_005771,
test_005772,
test_005773,
test_005774,
test_005775,
test_005776,
test_005777,
test_005778,
test_005779,
test_005780,
test_005781,
test_005782,
test_005783,
test_005784,
test_005785,
test_005786,
test_005787,
test_005788,
test_005789,
test_005790,
test_005791,
test_005792,
test_005793,
test_005794,
test_005795,
test_005796,
test_005797,
test_005798,
test_005799,
test_005800,
test_005801,
test_005802,
test_005803,
test_005804,
test_005805,
test_005806,
test_005807,
test_005808,
test_005809,
test_005810,
test_005811,
test_005812,
test_005813,
test_005814,
test_005815,
test_005816,
test_005817,
test_005818,
test_005819,
test_005820,
test_005821,
test_005822,
test_005823,
test_005824,
test_005825,
test_005826,
test_005827,
test_005828,
test_005829,
test_005830,
test_005831,
test_005832,
test_005833,
test_005834,
test_005835,
test_005836,
test_005837,
test_005838,
test_005839,
test_005840,
test_005841,
test_005842,
test_005843,
test_005844,
test_005845,
test_005846,
test_005847,
test_005848,
test_005849,
test_005850,
test_005851,
test_005852,
test_005853,
test_005854,
test_005855,
test_005856,
test_005857,
test_005858,
test_005859,
test_005860,
test_005861,
test_005862,
test_005863,
test_005864,
test_005865,
test_005866,
test_005867,
test_005868,
test_005869,
test_005870,
test_005871,
test_005872,
test_005873,
test_005874,
test_005875,
test_005876,
test_005877,
test_005878,
test_005879,
test_005880,
test_005881,
test_005882,
test_005883,
test_005884,
test_005885,
test_005886,
test_005887,
test_005888,
test_005889,
test_005890,
test_005891,
test_005892,
test_005893,
test_005894,
test_005895,
test_005896,
test_005897,
test_005898,
test_005899,
test_005900,
test_005901,
test_005902,
test_005903,
test_005904,
test_005905,
test_005906,
test_005907,
test_005908,
test_005909,
test_005910,
test_005911,
test_005912,
test_005913,
test_005914,
test_005915,
test_005916,
test_005917,
test_005918,
test_005919,
test_005920,
test_005921,
test_005922,
test_005923,
test_005924,
test_005925,
test_005926,
test_005927,
test_005928,
test_005929,
test_005930,
test_005931,
test_005932,
test_005933,
test_005934,
test_005935,
test_005936,
test_005937,
test_005938,
test_005939,
test_005940,
test_005941,
test_005942,
test_005943,
test_005944,
test_005945,
test_005946,
test_005947,
test_005948,
test_005949,
test_005950,
test_005951,
test_005952,
test_005953,
test_005954,
test_005955,
test_005956,
test_005957,
test_005958,
test_005959,
test_005960,
test_005961,
test_005962,
test_005963,
test_005964,
test_005965,
test_005966,
test_005967,
test_005968,
test_005969,
test_005970,
test_005971,
test_005972,
test_005973,
test_005974,
test_005975,
test_005976,
test_005977,
test_005978,
test_005979,
test_005980,
test_005981,
test_005982,
test_005983,
test_005984,
test_005985,
test_005986,
test_005987,
test_005988,
test_005989,
test_005990,
test_005991,
test_005992,
test_005993,
test_005994,
test_005995,
test_005996,
test_005997,
test_005998,
test_005999,
test_006000,
test_006001,
test_006002,
test_006003,
test_006004,
test_006005,
test_006006,
test_006007,
test_006008,
test_006009,
test_006010,
test_006011,
test_006012,
test_006013,
test_006014,
test_006015,
test_006016,
test_006017,
test_006018,
test_006019,
test_006020,
test_006021,
test_006022,
test_006023,
test_006024,
test_006025,
test_006026,
test_006027,
test_006028,
test_006029,
test_006030,
test_006031,
test_006032,
test_006033,
test_006034,
test_006035,
test_006036,
test_006037,
test_006038,
test_006039,
test_006040,
test_006041,
test_006042,
test_006043,
test_006044,
test_006045,
test_006046,
test_006047,
test_006048,
test_006049,
test_006050,
test_006051,
test_006052,
test_006053,
test_006054,
test_006055,
test_006056,
test_006057,
test_006058,
test_006059,
test_006060,
test_006061,
test_006062,
test_006063,
test_006064,
test_006065,
test_006066,
test_006067,
test_006068,
test_006069,
test_006070,
test_006071,
test_006072,
test_006073,
test_006074,
test_006075,
test_006076,
test_006077,
test_006078,
test_006079,
test_006080,
test_006081,
test_006082,
test_006083,
test_006084,
test_006085,
test_006086,
test_006087,
test_006088,
test_006089,
test_006090,
test_006091,
test_006092,
test_006093,
test_006094,
test_006095,
test_006096,
test_006097,
test_006098,
test_006099,
test_006100,
test_006101,
test_006102,
test_006103,
test_006104,
test_006105,
test_006106,
test_006107,
test_006108,
test_006109,
test_006110,
test_006111,
test_006112,
test_006113,
test_006114,
test_006115,
test_006116,
test_006117,
test_006118,
test_006119,
test_006120,
test_006121,
test_006122,
test_006123,
test_006124,
test_006125,
test_006126,
test_006127,
test_006128,
test_006129,
test_006130,
test_006131,
test_006132,
test_006133,
test_006134,
test_006135,
test_006136,
test_006137,
test_006138,
test_006139,
test_006140,
test_006141,
test_006142,
test_006143,
test_006144,
test_006145,
test_006146,
test_006147,
test_006148,
test_006149,
test_006150,
test_006151,
test_006152,
test_006153,
test_006154,
test_006155,
test_006156,
test_006157,
test_006158,
test_006159,
test_006160,
test_006161,
test_006162,
test_006163,
test_006164,
test_006165,
test_006166,
test_006167,
test_006168,
test_006169,
test_006170,
test_006171,
test_006172,
test_006173,
test_006174,
test_006175,
test_006176,
test_006177,
test_006178,
test_006179,
test_006180,
test_006181,
test_006182,
test_006183,
test_006184,
test_006185,
test_006186,
test_006187,
test_006188,
test_006189,
test_006190,
test_006191,
test_006192,
test_006193,
test_006194,
test_006195,
test_006196,
test_006197,
test_006198,
test_006199,
test_006200,
test_006201,
test_006202,
test_006203,
test_006204,
test_006205,
test_006206,
test_006207,
test_006208,
test_006209,
test_006210,
test_006211,
test_006212,
test_006213,
test_006214,
test_006215,
test_006216,
test_006217,
test_006218,
test_006219,
test_006220,
test_006221,
test_006222,
test_006223,
test_006224,
test_006225,
test_006226,
test_006227,
test_006228,
test_006229,
test_006230,
test_006231,
test_006232,
test_006233,
test_006234,
test_006235,
test_006236,
test_006237,
test_006238,
test_006239,
test_006240,
test_006241,
test_006242,
test_006243,
test_006244,
test_006245,
test_006246,
test_006247,
test_006248,
test_006249,
test_006250,
test_006251,
test_006252,
test_006253,
test_006254,
test_006255,
test_006256,
test_006257,
test_006258,
test_006259,
test_006260,
test_006261,
test_006262,
test_006263,
test_006264,
test_006265,
test_006266,
test_006267,
test_006268,
test_006269,
test_006270,
test_006271,
test_006272,
test_006273,
test_006274,
test_006275,
test_006276,
test_006277,
test_006278,
test_006279,
test_006280,
test_006281,
test_006282,
test_006283,
test_006284,
test_006285,
test_006286,
test_006287,
test_006288,
test_006289,
test_006290,
test_006291,
test_006292,
test_006293,
test_006294,
test_006295,
test_006296,
test_006297,
test_006298,
test_006299,
test_006300,
test_006301,
test_006302,
test_006303,
test_006304,
test_006305,
test_006306,
test_006307,
test_006308,
test_006309,
test_006310,
test_006311,
test_006312,
test_006313,
test_006314,
test_006315,
test_006316,
test_006317,
test_006318,
test_006319,
test_006320,
test_006321,
test_006322,
test_006323,
test_006324,
test_006325,
test_006326,
test_006327,
test_006328,
test_006329,
test_006330,
test_006331,
test_006332,
test_006333,
test_006334,
test_006335,
test_006336,
test_006337,
test_006338,
test_006339,
test_006340,
test_006341,
test_006342,
test_006343,
test_006344,
test_006345,
test_006346,
test_006347,
test_006348,
test_006349,
test_006350,
test_006351,
test_006352,
test_006353,
test_006354,
test_006355,
test_006356,
test_006357,
test_006358,
test_006359,
test_006360,
test_006361,
test_006362,
test_006363,
test_006364,
test_006365,
test_006366,
test_006367,
test_006368,
test_006369,
test_006370,
test_006371,
test_006372,
test_006373,
test_006374,
test_006375,
test_006376,
test_006377,
test_006378,
test_006379,
test_006380,
test_006381,
test_006382,
test_006383,
test_006384,
test_006385,
test_006386,
test_006387,
test_006388,
test_006389,
test_006390,
test_006391,
test_006392,
test_006393,
test_006394,
test_006395,
test_006396,
test_006397,
test_006398,
test_006399,
test_006400,
test_006401,
test_006402,
test_006403,
test_006404,
test_006405,
test_006406,
test_006407,
test_006408,
test_006409,
test_006410,
test_006411,
test_006412,
test_006413,
test_006414,
test_006415,
test_006416,
test_006417,
test_006418,
test_006419,
test_006420,
test_006421,
test_006422,
test_006423,
test_006424,
test_006425,
test_006426,
test_006427,
test_006428,
test_006429,
test_006430,
test_006431,
test_006432,
test_006433,
test_006434,
test_006435,
test_006436,
test_006437,
test_006438,
test_006439,
test_006440,
test_006441,
test_006442,
test_006443,
test_006444,
test_006445,
test_006446,
test_006447,
test_006448,
test_006449,
test_006450,
test_006451,
test_006452,
test_006453,
test_006454,
test_006455,
test_006456,
test_006457,
test_006458,
test_006459,
test_006460,
test_006461,
test_006462,
test_006463,
test_006464,
test_006465,
test_006466,
test_006467,
test_006468,
test_006469,
test_006470,
test_006471,
test_006472,
test_006473,
test_006474,
test_006475,
test_006476,
test_006477,
test_006478,
test_006479,
test_006480,
test_006481,
test_006482,
test_006483,
test_006484,
test_006485,
test_006486,
test_006487,
test_006488,
test_006489,
test_006490,
test_006491,
test_006492,
test_006493,
test_006494,
test_006495,
test_006496,
test_006497,
test_006498,
test_006499,
test_006500,
test_006501,
test_006502,
test_006503,
test_006504,
test_006505,
test_006506,
test_006507,
test_006508,
test_006509,
test_006510,
test_006511,
test_006512,
test_006513,
test_006514,
test_006515,
test_006516,
test_006517,
test_006518,
test_006519,
test_006520,
test_006521,
test_006522,
test_006523,
test_006524,
test_006525,
test_006526,
test_006527,
test_006528,
test_006529,
test_006530,
test_006531,
test_006532,
test_006533,
test_006534,
test_006535,
test_006536,
test_006537,
test_006538,
test_006539,
test_006540,
test_006541,
test_006542,
test_006543,
test_006544,
test_006545,
test_006546,
test_006547,
test_006548,
test_006549,
test_006550,
test_006551,
test_006552,
test_006553,
test_006554,
test_006555,
test_006556,
test_006557,
test_006558,
test_006559,
test_006560,
test_006561,
test_006562,
test_006563,
test_006564,
test_006565,
test_006566,
test_006567,
test_006568,
test_006569,
test_006570,
test_006571,
test_006572,
test_006573,
test_006574,
test_006575,
test_006576,
test_006577,
test_006578,
test_006579,
test_006580,
test_006581,
test_006582,
test_006583,
test_006584,
test_006585,
test_006586,
test_006587,
test_006588,
test_006589,
test_006590,
test_006591,
test_006592,
test_006593,
test_006594,
test_006595,
test_006596,
test_006597,
test_006598,
test_006599,
test_006600,
test_006601,
test_006602,
test_006603,
test_006604,
test_006605,
test_006606,
test_006607,
test_006608,
test_006609,
test_006610,
test_006611,
test_006612,
test_006613,
test_006614,
test_006615,
test_006616,
test_006617,
test_006618,
test_006619,
test_006620,
test_006621,
test_006622,
test_006623,
test_006624,
test_006625,
test_006626,
test_006627,
test_006628,
test_006629,
test_006630,
test_006631,
test_006632,
test_006633,
test_006634,
test_006635,
test_006636,
test_006637,
test_006638,
test_006639,
test_006640,
test_006641,
test_006642,
test_006643,
test_006644,
test_006645,
test_006646,
test_006647,
test_006648,
test_006649,
test_006650,
test_006651,
test_006652,
test_006653,
test_006654,
test_006655,
test_006656,
test_006657,
test_006658,
test_006659,
test_006660,
test_006661,
test_006662,
test_006663,
test_006664,
test_006665,
test_006666,
test_006667,
test_006668,
test_006669,
test_006670,
test_006671,
test_006672,
test_006673,
test_006674,
test_006675,
test_006676,
test_006677,
test_006678,
test_006679,
test_006680,
test_006681,
test_006682,
test_006683,
test_006684,
test_006685,
test_006686,
test_006687,
test_006688,
test_006689,
test_006690,
test_006691,
test_006692,
test_006693,
test_006694,
test_006695,
test_006696,
test_006697,
test_006698,
test_006699,
test_006700,
test_006701,
test_006702,
test_006703,
test_006704,
test_006705,
test_006706,
test_006707,
test_006708,
test_006709,
test_006710,
test_006711,
test_006712,
test_006713,
test_006714,
test_006715,
test_006716,
test_006717,
test_006718,
test_006719,
test_006720,
test_006721,
test_006722,
test_006723,
test_006724,
test_006725,
test_006726,
test_006727,
test_006728,
test_006729,
test_006730,
test_006731,
test_006732,
test_006733,
test_006734,
test_006735,
test_006736,
test_006737,
test_006738,
test_006739,
test_006740,
test_006741,
test_006742,
test_006743,
test_006744,
test_006745,
test_006746,
test_006747,
test_006748,
test_006749,
test_006750,
test_006751,
test_006752,
test_006753,
test_006754,
test_006755,
test_006756,
test_006757,
test_006758,
test_006759,
test_006760,
test_006761,
test_006762,
test_006763,
test_006764,
test_006765,
test_006766,
test_006767,
test_006768,
test_006769,
test_006770,
test_006771,
test_006772,
test_006773,
test_006774,
test_006775,
test_006776,
test_006777,
test_006778,
test_006779,
test_006780,
test_006781,
test_006782,
test_006783,
test_006784,
test_006785,
test_006786,
test_006787,
test_006788,
test_006789,
test_006790,
test_006791,
test_006792,
test_006793,
test_006794,
test_006795,
test_006796,
test_006797,
test_006798,
test_006799,
test_006800,
test_006801,
test_006802,
test_006803,
test_006804,
test_006805,
test_006806,
test_006807,
test_006808,
test_006809,
test_006810,
test_006811,
test_006812,
test_006813,
test_006814,
test_006815,
test_006816,
test_006817,
test_006818,
test_006819,
test_006820,
test_006821,
test_006822,
test_006823,
test_006824,
test_006825,
test_006826,
test_006827,
test_006828,
test_006829,
test_006830,
test_006831,
test_006832,
test_006833,
test_006834,
test_006835,
test_006836,
test_006837,
test_006838,
test_006839,
test_006840,
test_006841,
test_006842,
test_006843,
test_006844,
test_006845,
test_006846,
test_006847,
test_006848,
test_006849,
test_006850,
test_006851,
test_006852,
test_006853,
test_006854,
test_006855,
test_006856,
test_006857,
test_006858,
test_006859,
test_006860,
test_006861,
test_006862,
test_006863,
test_006864,
test_006865,
test_006866,
test_006867,
test_006868,
test_006869,
test_006870,
test_006871,
test_006872,
test_006873,
test_006874,
test_006875,
test_006876,
test_006877,
test_006878,
test_006879,
test_006880,
test_006881,
test_006882,
test_006883,
test_006884,
test_006885,
test_006886,
test_006887,
test_006888,
test_006889,
test_006890,
test_006891,
test_006892,
test_006893,
test_006894,
test_006895,
test_006896,
test_006897,
test_006898,
test_006899,
test_006900,
test_006901,
test_006902,
test_006903,
test_006904,
test_006905,
test_006906,
test_006907,
test_006908,
test_006909,
test_006910,
test_006911,
test_006912,
test_006913,
test_006914,
test_006915,
test_006916,
test_006917,
test_006918,
test_006919,
test_006920,
test_006921,
test_006922,
test_006923,
test_006924,
test_006925,
test_006926,
test_006927,
test_006928,
test_006929,
test_006930,
test_006931,
test_006932,
test_006933,
test_006934,
test_006935,
test_006936,
test_006937,
test_006938,
test_006939,
test_006940,
test_006941,
test_006942,
test_006943,
test_006944,
test_006945,
test_006946,
test_006947,
test_006948,
test_006949,
test_006950,
test_006951,
test_006952,
test_006953,
test_006954,
test_006955,
test_006956,
test_006957,
test_006958,
test_006959,
test_006960,
test_006961,
test_006962,
test_006963,
test_006964,
test_006965,
test_006966,
test_006967,
test_006968,
test_006969,
test_006970,
test_006971,
test_006972,
test_006973,
test_006974,
test_006975,
test_006976,
test_006977,
test_006978,
test_006979,
test_006980,
test_006981,
test_006982,
test_006983,
test_006984,
test_006985,
test_006986,
test_006987,
test_006988,
test_006989,
test_006990,
test_006991,
test_006992,
test_006993,
test_006994,
test_006995,
test_006996,
test_006997,
test_006998,
test_006999,
test_007000,
test_007001,
test_007002,
test_007003,
test_007004,
test_007005,
test_007006,
test_007007,
test_007008,
test_007009,
test_007010,
test_007011,
test_007012,
test_007013,
test_007014,
test_007015,
test_007016,
test_007017,
test_007018,
test_007019,
test_007020,
test_007021,
test_007022,
test_007023,
test_007024,
test_007025,
test_007026,
test_007027,
test_007028,
test_007029,
test_007030,
test_007031,
test_007032,
test_007033,
test_007034,
test_007035,
test_007036,
test_007037,
test_007038,
test_007039,
test_007040,
test_007041,
test_007042,
test_007043,
test_007044,
test_007045,
test_007046,
test_007047,
test_007048,
test_007049,
test_007050,
test_007051,
test_007052,
test_007053,
test_007054,
test_007055,
test_007056,
test_007057,
test_007058,
test_007059,
test_007060,
test_007061,
test_007062,
test_007063,
test_007064,
test_007065,
test_007066,
test_007067,
test_007068,
test_007069,
test_007070,
test_007071,
test_007072,
test_007073,
test_007074,
test_007075,
test_007076,
test_007077,
test_007078,
test_007079,
test_007080,
test_007081,
test_007082,
test_007083,
test_007084,
test_007085,
test_007086,
test_007087,
test_007088,
test_007089,
test_007090,
test_007091,
test_007092,
test_007093,
test_007094,
test_007095,
test_007096,
test_007097,
test_007098,
test_007099,
test_007100,
test_007101,
test_007102,
test_007103,
test_007104,
test_007105,
test_007106,
test_007107,
test_007108,
test_007109,
test_007110,
test_007111,
test_007112,
test_007113,
test_007114,
test_007115,
test_007116,
test_007117,
test_007118,
test_007119,
test_007120,
test_007121,
test_007122,
test_007123,
test_007124,
test_007125,
test_007126,
test_007127,
test_007128,
test_007129,
test_007130,
test_007131,
test_007132,
test_007133,
test_007134,
test_007135,
test_007136,
test_007137,
test_007138,
test_007139,
test_007140,
test_007141,
test_007142,
test_007143,
test_007144,
test_007145,
test_007146,
test_007147,
test_007148,
test_007149,
test_007150,
test_007151,
test_007152,
test_007153,
test_007154,
test_007155,
test_007156,
test_007157,
test_007158,
test_007159,
test_007160,
test_007161,
test_007162,
test_007163,
test_007164,
test_007165,
test_007166,
test_007167,
test_007168,
test_007169,
test_007170,
test_007171,
test_007172,
test_007173,
test_007174,
test_007175,
test_007176,
test_007177,
test_007178,
test_007179,
test_007180,
test_007181,
test_007182,
test_007183,
test_007184,
test_007185,
test_007186,
test_007187,
test_007188,
test_007189,
test_007190,
test_007191,
test_007192,
test_007193,
test_007194,
test_007195,
test_007196,
test_007197,
test_007198,
test_007199,
test_007200,
test_007201,
test_007202,
test_007203,
test_007204,
test_007205,
test_007206,
test_007207,
test_007208,
test_007209,
test_007210,
test_007211,
test_007212,
test_007213,
test_007214,
test_007215,
test_007216,
test_007217,
test_007218,
test_007219,
test_007220,
test_007221,
test_007222,
test_007223,
test_007224,
test_007225,
test_007226,
test_007227,
test_007228,
test_007229,
test_007230,
test_007231,
test_007232,
test_007233,
test_007234,
test_007235,
test_007236,
test_007237,
test_007238,
test_007239,
test_007240,
test_007241,
test_007242,
test_007243,
test_007244,
test_007245,
test_007246,
test_007247,
test_007248,
test_007249,
test_007250,
test_007251,
test_007252,
test_007253,
test_007254,
test_007255,
test_007256,
test_007257,
test_007258,
test_007259,
test_007260,
test_007261,
test_007262,
test_007263,
test_007264,
test_007265,
test_007266,
test_007267,
test_007268,
test_007269,
test_007270,
test_007271,
test_007272,
test_007273,
test_007274,
test_007275,
test_007276,
test_007277,
test_007278,
test_007279,
test_007280,
test_007281,
test_007282,
test_007283,
test_007284,
test_007285,
test_007286,
test_007287,
test_007288,
test_007289,
test_007290,
test_007291,
test_007292,
test_007293,
test_007294,
test_007295,
test_007296,
test_007297,
test_007298,
test_007299,
test_007300,
test_007301,
test_007302,
test_007303,
test_007304,
test_007305,
test_007306,
test_007307,
test_007308,
test_007309,
test_007310,
test_007311,
test_007312,
test_007313,
test_007314,
test_007315,
test_007316,
test_007317,
test_007318,
test_007319,
test_007320,
test_007321,
test_007322,
test_007323,
test_007324,
test_007325,
test_007326,
test_007327,
test_007328,
test_007329,
test_007330,
test_007331,
test_007332,
test_007333,
test_007334,
test_007335,
test_007336,
test_007337,
test_007338,
test_007339,
test_007340,
test_007341,
test_007342,
test_007343,
test_007344,
test_007345,
test_007346,
test_007347,
test_007348,
test_007349,
test_007350,
test_007351,
test_007352,
test_007353,
test_007354,
test_007355,
test_007356,
test_007357,
test_007358,
test_007359,
test_007360,
test_007361,
test_007362,
test_007363,
test_007364,
test_007365,
test_007366,
test_007367,
test_007368,
test_007369,
test_007370,
test_007371,
test_007372,
test_007373,
test_007374,
test_007375,
test_007376,
test_007377,
test_007378,
test_007379,
test_007380,
test_007381,
test_007382,
test_007383,
test_007384,
test_007385,
test_007386,
test_007387,
test_007388,
test_007389,
test_007390,
test_007391,
test_007392,
test_007393,
test_007394,
test_007395,
test_007396,
test_007397,
test_007398,
test_007399,
test_007400,
test_007401,
test_007402,
test_007403,
test_007404,
test_007405,
test_007406,
test_007407,
test_007408,
test_007409,
test_007410,
test_007411,
test_007412,
test_007413,
test_007414,
test_007415,
test_007416,
test_007417,
test_007418,
test_007419,
test_007420,
test_007421,
test_007422,
test_007423,
test_007424,
test_007425,
test_007426,
test_007427,
test_007428,
test_007429,
test_007430,
test_007431,
test_007432,
test_007433,
test_007434,
test_007435,
test_007436,
test_007437,
test_007438,
test_007439,
test_007440,
test_007441,
test_007442,
test_007443,
test_007444,
test_007445,
test_007446,
test_007447,
test_007448,
test_007449,
test_007450,
test_007451,
test_007452,
test_007453,
test_007454,
test_007455,
test_007456,
test_007457,
test_007458,
test_007459,
test_007460,
test_007461,
test_007462,
test_007463,
test_007464,
test_007465,
test_007466,
test_007467,
test_007468,
test_007469,
test_007470,
test_007471,
test_007472,
test_007473,
test_007474,
test_007475,
test_007476,
test_007477,
test_007478,
test_007479,
test_007480,
test_007481,
test_007482,
test_007483,
test_007484,
test_007485,
test_007486,
test_007487,
test_007488,
test_007489,
test_007490,
test_007491,
test_007492,
test_007493,
test_007494,
test_007495,
test_007496,
test_007497,
test_007498,
test_007499,
test_007500,
test_007501,
test_007502,
test_007503,
test_007504,
test_007505,
test_007506,
test_007507,
test_007508,
test_007509,
test_007510,
test_007511,
test_007512,
test_007513,
test_007514,
test_007515,
test_007516,
test_007517,
test_007518,
test_007519,
test_007520,
test_007521,
test_007522,
test_007523,
test_007524,
test_007525,
test_007526,
test_007527,
test_007528,
test_007529,
test_007530,
test_007531,
test_007532,
test_007533,
test_007534,
test_007535,
test_007536,
test_007537,
test_007538,
test_007539,
test_007540,
test_007541,
test_007542,
test_007543,
test_007544,
test_007545,
test_007546,
test_007547,
test_007548,
test_007549,
test_007550,
test_007551,
test_007552,
test_007553,
test_007554,
test_007555,
test_007556,
test_007557,
test_007558,
test_007559,
test_007560,
test_007561,
test_007562,
test_007563,
test_007564,
test_007565,
test_007566,
test_007567,
test_007568,
test_007569,
test_007570,
test_007571,
test_007572,
test_007573,
test_007574,
test_007575,
test_007576,
test_007577,
test_007578,
test_007579,
test_007580,
test_007581,
test_007582,
test_007583,
test_007584,
test_007585,
test_007586,
test_007587,
test_007588,
test_007589,
test_007590,
test_007591,
test_007592,
test_007593,
test_007594,
test_007595,
test_007596,
test_007597,
test_007598,
test_007599,
test_007600,
test_007601,
test_007602,
test_007603,
test_007604,
test_007605,
test_007606,
test_007607,
test_007608,
test_007609,
test_007610,
test_007611,
test_007612,
test_007613,
test_007614,
test_007615,
test_007616,
test_007617,
test_007618,
test_007619,
test_007620,
test_007621,
test_007622,
test_007623,
test_007624,
test_007625,
test_007626,
test_007627,
test_007628,
test_007629,
test_007630,
test_007631,
test_007632,
test_007633,
test_007634,
test_007635,
test_007636,
test_007637,
test_007638,
test_007639,
test_007640,
test_007641,
test_007642,
test_007643,
test_007644,
test_007645,
test_007646,
test_007647,
test_007648,
test_007649,
test_007650,
test_007651,
test_007652,
test_007653,
test_007654,
test_007655,
test_007656,
test_007657,
test_007658,
test_007659,
test_007660,
test_007661,
test_007662,
test_007663,
test_007664,
test_007665,
test_007666,
test_007667,
test_007668,
test_007669,
test_007670,
test_007671,
test_007672,
test_007673,
test_007674,
test_007675,
test_007676,
test_007677,
test_007678,
test_007679,
test_007680,
test_007681,
test_007682,
test_007683,
test_007684,
test_007685,
test_007686,
test_007687,
test_007688,
test_007689,
test_007690,
test_007691,
test_007692,
test_007693,
test_007694,
test_007695,
test_007696,
test_007697,
test_007698,
test_007699,
test_007700,
test_007701,
test_007702,
test_007703,
test_007704,
test_007705,
test_007706,
test_007707,
test_007708,
test_007709,
test_007710,
test_007711,
test_007712,
test_007713,
test_007714,
test_007715,
test_007716,
test_007717,
test_007718,
test_007719,
test_007720,
test_007721,
test_007722,
test_007723,
test_007724,
test_007725,
test_007726,
test_007727,
test_007728,
test_007729,
test_007730,
test_007731,
test_007732,
test_007733,
test_007734,
test_007735,
test_007736,
test_007737,
test_007738,
test_007739,
test_007740,
test_007741,
test_007742,
test_007743,
test_007744,
test_007745,
test_007746,
test_007747,
test_007748,
test_007749,
test_007750,
test_007751,
test_007752,
test_007753,
test_007754,
test_007755,
test_007756,
test_007757,
test_007758,
test_007759,
test_007760,
test_007761,
test_007762,
test_007763,
test_007764,
test_007765,
test_007766,
test_007767,
test_007768,
test_007769,
test_007770,
test_007771,
test_007772,
test_007773,
test_007774,
test_007775,
test_007776,
test_007777,
test_007778,
test_007779,
test_007780,
test_007781,
test_007782,
test_007783,
test_007784,
test_007785,
test_007786,
test_007787,
test_007788,
test_007789,
test_007790,
test_007791,
test_007792,
test_007793,
test_007794,
test_007795,
test_007796,
test_007797,
test_007798,
test_007799,
test_007800,
test_007801,
test_007802,
test_007803,
test_007804,
test_007805,
test_007806,
test_007807,
test_007808,
test_007809,
test_007810,
test_007811,
test_007812,
test_007813,
test_007814,
test_007815,
test_007816,
test_007817,
test_007818,
test_007819,
test_007820,
test_007821,
test_007822,
test_007823,
test_007824,
test_007825,
test_007826,
test_007827,
test_007828,
test_007829,
test_007830,
test_007831,
test_007832,
test_007833,
test_007834,
test_007835,
test_007836,
test_007837,
test_007838,
test_007839,
test_007840,
test_007841,
test_007842,
test_007843,
test_007844,
test_007845,
test_007846,
test_007847,
test_007848,
test_007849,
test_007850,
test_007851,
test_007852,
test_007853,
test_007854,
test_007855,
test_007856,
test_007857,
test_007858,
test_007859,
test_007860,
test_007861,
test_007862,
test_007863,
test_007864,
test_007865,
test_007866,
test_007867,
test_007868,
test_007869,
test_007870,
test_007871,
test_007872,
test_007873,
test_007874,
test_007875,
test_007876,
test_007877,
test_007878,
test_007879,
test_007880,
test_007881,
test_007882,
test_007883,
test_007884,
test_007885,
test_007886,
test_007887,
test_007888,
test_007889,
test_007890,
test_007891,
test_007892,
test_007893,
test_007894,
test_007895,
test_007896,
test_007897,
test_007898,
test_007899,
test_007900,
test_007901,
test_007902,
test_007903,
test_007904,
test_007905,
test_007906,
test_007907,
test_007908,
test_007909,
test_007910,
test_007911,
test_007912,
test_007913,
test_007914,
test_007915,
test_007916,
test_007917,
test_007918,
test_007919,
test_007920,
test_007921,
test_007922,
test_007923,
test_007924,
test_007925,
test_007926,
test_007927,
test_007928,
test_007929,
test_007930,
test_007931,
test_007932,
test_007933,
test_007934,
test_007935,
test_007936,
test_007937,
test_007938,
test_007939,
test_007940,
test_007941,
test_007942,
test_007943,
test_007944,
test_007945,
test_007946,
test_007947,
test_007948,
test_007949,
test_007950,
test_007951,
test_007952,
test_007953,
test_007954,
test_007955,
test_007956,
test_007957,
test_007958,
test_007959,
test_007960,
test_007961,
test_007962,
test_007963,
test_007964,
test_007965,
test_007966,
test_007967,
test_007968,
test_007969,
test_007970,
test_007971,
test_007972,
test_007973,
test_007974,
test_007975,
test_007976,
test_007977,
test_007978,
test_007979,
test_007980,
test_007981,
test_007982,
test_007983,
test_007984,
test_007985,
test_007986,
test_007987,
test_007988,
test_007989,
test_007990,
test_007991,
test_007992,
test_007993,
test_007994,
test_007995,
test_007996,
test_007997,
test_007998,
test_007999,
test_008000,
test_008001,
test_008002,
test_008003,
test_008004,
test_008005,
test_008006,
test_008007,
test_008008,
test_008009,
test_008010,
test_008011,
test_008012,
test_008013,
test_008014,
test_008015,
test_008016,
test_008017,
test_008018,
test_008019,
test_008020,
test_008021,
test_008022,
test_008023,
test_008024,
test_008025,
test_008026,
test_008027,
test_008028,
test_008029,
test_008030,
test_008031,
test_008032,
test_008033,
test_008034,
test_008035,
test_008036,
test_008037,
test_008038,
test_008039,
test_008040,
test_008041,
test_008042,
test_008043,
test_008044,
test_008045,
test_008046,
test_008047,
test_008048,
test_008049,
test_008050,
test_008051,
test_008052,
test_008053,
test_008054,
test_008055,
test_008056,
test_008057,
test_008058,
test_008059,
test_008060,
test_008061,
test_008062,
test_008063,
test_008064,
test_008065,
test_008066,
test_008067,
test_008068,
test_008069,
test_008070,
test_008071,
test_008072,
test_008073,
test_008074,
test_008075,
test_008076,
test_008077,
test_008078,
test_008079,
test_008080,
test_008081,
test_008082,
test_008083,
test_008084,
test_008085,
test_008086,
test_008087,
test_008088,
test_008089,
test_008090,
test_008091,
test_008092,
test_008093,
test_008094,
test_008095,
test_008096,
test_008097,
test_008098,
test_008099,
test_008100,
test_008101,
test_008102,
test_008103,
test_008104,
test_008105,
test_008106,
test_008107,
test_008108,
test_008109,
test_008110,
test_008111,
test_008112,
test_008113,
test_008114,
test_008115,
test_008116,
test_008117,
test_008118,
test_008119,
test_008120,
test_008121,
test_008122,
test_008123,
test_008124,
test_008125,
test_008126,
test_008127,
test_008128,
test_008129,
test_008130,
test_008131,
test_008132,
test_008133,
test_008134,
test_008135,
test_008136,
test_008137,
test_008138,
test_008139,
test_008140,
test_008141,
test_008142,
test_008143,
test_008144,
test_008145,
test_008146,
test_008147,
test_008148,
test_008149,
test_008150,
test_008151,
test_008152,
test_008153,
test_008154,
test_008155,
test_008156,
test_008157,
test_008158,
test_008159,
test_008160,
test_008161,
test_008162,
test_008163,
test_008164,
test_008165,
test_008166,
test_008167,
test_008168,
test_008169,
test_008170,
test_008171,
test_008172,
test_008173,
test_008174,
test_008175,
test_008176,
test_008177,
test_008178,
test_008179,
test_008180,
test_008181,
test_008182,
test_008183,
test_008184,
test_008185,
test_008186,
test_008187,
test_008188,
test_008189,
test_008190,
test_008191,
test_008192,
test_008193,
test_008194,
test_008195,
test_008196,
test_008197,
test_008198,
test_008199,
test_008200,
test_008201,
test_008202,
test_008203,
test_008204,
test_008205,
test_008206,
test_008207,
test_008208,
test_008209,
test_008210,
test_008211,
test_008212,
test_008213,
test_008214,
test_008215,
test_008216,
test_008217,
test_008218,
test_008219,
test_008220,
test_008221,
test_008222,
test_008223,
test_008224,
test_008225,
test_008226,
test_008227,
test_008228,
test_008229,
test_008230,
test_008231,
test_008232,
test_008233,
test_008234,
test_008235,
test_008236,
test_008237,
test_008238,
test_008239,
test_008240,
test_008241,
test_008242,
test_008243,
test_008244,
test_008245,
test_008246,
test_008247,
test_008248,
test_008249,
test_008250,
test_008251,
test_008252,
test_008253,
test_008254,
test_008255,
test_008256,
test_008257,
test_008258,
test_008259,
test_008260,
test_008261,
test_008262,
test_008263,
test_008264,
test_008265,
test_008266,
test_008267,
test_008268,
test_008269,
test_008270,
test_008271,
test_008272,
test_008273,
test_008274,
test_008275,
test_008276,
test_008277,
test_008278,
test_008279,
test_008280,
test_008281,
test_008282,
test_008283,
test_008284,
test_008285,
test_008286,
test_008287,
test_008288,
test_008289,
test_008290,
test_008291,
test_008292,
test_008293,
test_008294,
test_008295,
test_008296,
test_008297,
test_008298,
test_008299,
test_008300,
test_008301,
test_008302,
test_008303,
test_008304,
test_008305,
test_008306,
test_008307,
test_008308,
test_008309,
test_008310,
test_008311,
test_008312,
test_008313,
test_008314,
test_008315,
test_008316,
test_008317,
test_008318,
test_008319,
test_008320,
test_008321,
test_008322,
test_008323,
test_008324,
test_008325,
test_008326,
test_008327,
test_008328,
test_008329,
test_008330,
test_008331,
test_008332,
test_008333,
test_008334,
test_008335,
test_008336,
test_008337,
test_008338,
test_008339,
test_008340,
test_008341,
test_008342,
test_008343,
test_008344,
test_008345,
test_008346,
test_008347,
test_008348,
test_008349,
test_008350,
test_008351,
test_008352,
test_008353,
test_008354,
test_008355,
test_008356,
test_008357,
test_008358,
test_008359,
test_008360,
test_008361,
test_008362,
test_008363,
test_008364,
test_008365,
test_008366,
test_008367,
test_008368,
test_008369,
test_008370,
test_008371,
test_008372,
test_008373,
test_008374,
test_008375,
test_008376,
test_008377,
test_008378,
test_008379,
test_008380,
test_008381,
test_008382,
test_008383,
test_008384,
test_008385,
test_008386,
test_008387,
test_008388,
test_008389,
test_008390,
test_008391,
test_008392,
test_008393,
test_008394,
test_008395,
test_008396,
test_008397,
test_008398,
test_008399,
test_008400,
test_008401,
test_008402,
test_008403,
test_008404,
test_008405,
test_008406,
test_008407,
test_008408,
test_008409,
test_008410,
test_008411,
test_008412,
test_008413,
test_008414,
test_008415,
test_008416,
test_008417,
test_008418,
test_008419,
test_008420,
test_008421,
test_008422,
test_008423,
test_008424,
test_008425,
test_008426,
test_008427,
test_008428,
test_008429,
test_008430,
test_008431,
test_008432,
test_008433,
test_008434,
test_008435,
test_008436,
test_008437,
test_008438,
test_008439,
test_008440,
test_008441,
test_008442,
test_008443,
test_008444,
test_008445,
test_008446,
test_008447,
test_008448,
test_008449,
test_008450,
test_008451,
test_008452,
test_008453,
test_008454,
test_008455,
test_008456,
test_008457,
test_008458,
test_008459,
test_008460,
test_008461,
test_008462,
test_008463,
test_008464,
test_008465,
test_008466,
test_008467,
test_008468,
test_008469,
test_008470,
test_008471,
test_008472,
test_008473,
test_008474,
test_008475,
test_008476,
test_008477,
test_008478,
test_008479,
test_008480,
test_008481,
test_008482,
test_008483,
test_008484,
test_008485,
test_008486,
test_008487,
test_008488,
test_008489,
test_008490,
test_008491,
test_008492,
test_008493,
test_008494,
test_008495,
test_008496,
test_008497,
test_008498,
test_008499,
test_008500,
test_008501,
test_008502,
test_008503,
test_008504,
test_008505,
test_008506,
test_008507,
test_008508,
test_008509,
test_008510,
test_008511,
test_008512,
test_008513,
test_008514,
test_008515,
test_008516,
test_008517,
test_008518,
test_008519,
test_008520,
test_008521,
test_008522,
test_008523,
test_008524,
test_008525,
test_008526,
test_008527,
test_008528,
test_008529,
test_008530,
test_008531,
test_008532,
test_008533,
test_008534,
test_008535,
test_008536,
test_008537,
test_008538,
test_008539,
test_008540,
test_008541,
test_008542,
test_008543,
test_008544,
test_008545,
test_008546,
test_008547,
test_008548,
test_008549,
test_008550,
test_008551,
test_008552,
test_008553,
test_008554,
test_008555,
test_008556,
test_008557,
test_008558,
test_008559,
test_008560,
test_008561,
test_008562,
test_008563,
test_008564,
test_008565,
test_008566,
test_008567,
test_008568,
test_008569,
test_008570,
test_008571,
test_008572,
test_008573,
test_008574,
test_008575,
test_008576,
test_008577,
test_008578,
test_008579,
test_008580,
test_008581,
test_008582,
test_008583,
test_008584,
test_008585,
test_008586,
test_008587,
test_008588,
test_008589,
test_008590,
test_008591,
test_008592,
test_008593,
test_008594,
test_008595,
test_008596,
test_008597,
test_008598,
test_008599,
test_008600,
test_008601,
test_008602,
test_008603,
test_008604,
test_008605,
test_008606,
test_008607,
test_008608,
test_008609,
test_008610,
test_008611,
test_008612,
test_008613,
test_008614,
test_008615,
test_008616,
test_008617,
test_008618,
test_008619,
test_008620,
test_008621,
test_008622,
test_008623,
test_008624,
test_008625,
test_008626,
test_008627,
test_008628,
test_008629,
test_008630,
test_008631,
test_008632,
test_008633,
test_008634,
test_008635,
test_008636,
test_008637,
test_008638,
test_008639,
test_008640,
test_008641,
test_008642,
test_008643,
test_008644,
test_008645,
test_008646,
test_008647,
test_008648,
test_008649,
test_008650,
test_008651,
test_008652,
test_008653,
test_008654,
test_008655,
test_008656,
test_008657,
test_008658,
test_008659,
test_008660,
test_008661,
test_008662,
test_008663,
test_008664,
test_008665,
test_008666,
test_008667,
test_008668,
test_008669,
test_008670,
test_008671,
test_008672,
test_008673,
test_008674,
test_008675,
test_008676,
test_008677,
test_008678,
test_008679,
test_008680,
test_008681,
test_008682,
test_008683,
test_008684,
test_008685,
test_008686,
test_008687,
test_008688,
test_008689,
test_008690,
test_008691,
test_008692,
test_008693,
test_008694,
test_008695,
test_008696,
test_008697,
test_008698,
test_008699,
test_008700,
test_008701,
test_008702,
test_008703,
test_008704,
test_008705,
test_008706,
test_008707,
test_008708,
test_008709,
test_008710,
test_008711,
test_008712,
test_008713,
test_008714,
test_008715,
test_008716,
test_008717,
test_008718,
test_008719,
test_008720,
test_008721,
test_008722,
test_008723,
test_008724,
test_008725,
test_008726,
test_008727,
test_008728,
test_008729,
test_008730,
test_008731,
test_008732,
test_008733,
test_008734,
test_008735,
test_008736,
test_008737,
test_008738,
test_008739,
test_008740,
test_008741,
test_008742,
test_008743,
test_008744,
test_008745,
test_008746,
test_008747,
test_008748,
test_008749,
test_008750,
test_008751,
test_008752,
test_008753,
test_008754,
test_008755,
test_008756,
test_008757,
test_008758,
test_008759,
test_008760,
test_008761,
test_008762,
test_008763,
test_008764,
test_008765,
test_008766,
test_008767,
test_008768,
test_008769,
test_008770,
test_008771,
test_008772,
test_008773,
test_008774,
test_008775,
test_008776,
test_008777,
test_008778,
test_008779,
test_008780,
test_008781,
test_008782,
test_008783,
test_008784,
test_008785,
test_008786,
test_008787,
test_008788,
test_008789,
test_008790,
test_008791,
test_008792,
test_008793,
test_008794,
test_008795,
test_008796,
test_008797,
test_008798,
test_008799,
test_008800,
test_008801,
test_008802,
test_008803,
test_008804,
test_008805,
test_008806,
test_008807,
test_008808,
test_008809,
test_008810,
test_008811,
test_008812,
test_008813,
test_008814,
test_008815,
test_008816,
test_008817,
test_008818,
test_008819,
test_008820,
test_008821,
test_008822,
test_008823,
test_008824,
test_008825,
test_008826,
test_008827,
test_008828,
test_008829,
test_008830,
test_008831,
test_008832,
test_008833,
test_008834,
test_008835,
test_008836,
test_008837,
test_008838,
test_008839,
test_008840,
test_008841,
test_008842,
test_008843,
test_008844,
test_008845,
test_008846,
test_008847,
test_008848,
test_008849,
test_008850,
test_008851,
test_008852,
test_008853,
test_008854,
test_008855,
test_008856,
test_008857,
test_008858,
test_008859,
test_008860,
test_008861,
test_008862,
test_008863,
test_008864,
test_008865,
test_008866,
test_008867,
test_008868,
test_008869,
test_008870,
test_008871,
test_008872,
test_008873,
test_008874,
test_008875,
test_008876,
test_008877,
test_008878,
test_008879,
test_008880,
test_008881,
test_008882,
test_008883,
test_008884,
test_008885,
test_008886,
test_008887,
test_008888,
test_008889,
test_008890,
test_008891,
test_008892,
test_008893,
test_008894,
test_008895,
test_008896,
test_008897,
test_008898,
test_008899,
test_008900,
test_008901,
test_008902,
test_008903,
test_008904,
test_008905,
test_008906,
test_008907,
test_008908,
test_008909,
test_008910,
test_008911,
test_008912,
test_008913,
test_008914,
test_008915,
test_008916,
test_008917,
test_008918,
test_008919,
test_008920,
test_008921,
test_008922,
test_008923,
test_008924,
test_008925,
test_008926,
test_008927,
test_008928,
test_008929,
test_008930,
test_008931,
test_008932,
test_008933,
test_008934,
test_008935,
test_008936,
test_008937,
test_008938,
test_008939,
test_008940,
test_008941,
test_008942,
test_008943,
test_008944,
test_008945,
test_008946,
test_008947,
test_008948,
test_008949,
test_008950,
test_008951,
test_008952,
test_008953,
test_008954,
test_008955,
test_008956,
test_008957,
test_008958,
test_008959,
test_008960,
test_008961,
test_008962,
test_008963,
test_008964,
test_008965,
test_008966,
test_008967,
test_008968,
test_008969,
test_008970,
test_008971,
test_008972,
test_008973,
test_008974,
test_008975,
test_008976,
test_008977,
test_008978,
test_008979,
test_008980,
test_008981,
test_008982,
test_008983,
test_008984,
test_008985,
test_008986,
test_008987,
test_008988,
test_008989,
test_008990,
test_008991,
test_008992,
test_008993,
test_008994,
test_008995,
test_008996,
test_008997,
test_008998,
test_008999,
test_009000,
test_009001,
test_009002,
test_009003,
test_009004,
test_009005,
test_009006,
test_009007,
test_009008,
test_009009,
test_009010,
test_009011,
test_009012,
test_009013,
test_009014,
test_009015,
test_009016,
test_009017,
test_009018,
test_009019,
test_009020,
test_009021,
test_009022,
test_009023,
test_009024,
test_009025,
test_009026,
test_009027,
test_009028,
test_009029,
test_009030,
test_009031,
test_009032,
test_009033,
test_009034,
test_009035,
test_009036,
test_009037,
test_009038,
test_009039,
test_009040,
test_009041,
test_009042,
test_009043,
test_009044,
test_009045,
test_009046,
test_009047,
test_009048,
test_009049,
test_009050,
test_009051,
test_009052,
test_009053,
test_009054,
test_009055,
test_009056,
test_009057,
test_009058,
test_009059,
test_009060,
test_009061,
test_009062,
test_009063,
test_009064,
test_009065,
test_009066,
test_009067,
test_009068,
test_009069,
test_009070,
test_009071,
test_009072,
test_009073,
test_009074,
test_009075,
test_009076,
test_009077,
test_009078,
test_009079,
test_009080,
test_009081,
test_009082,
test_009083,
test_009084,
test_009085,
test_009086,
test_009087,
test_009088,
test_009089,
test_009090,
test_009091,
test_009092,
test_009093,
test_009094,
test_009095,
test_009096,
test_009097,
test_009098,
test_009099,
test_009100,
test_009101,
test_009102,
test_009103,
test_009104,
test_009105,
test_009106,
test_009107,
test_009108,
test_009109,
test_009110,
test_009111,
test_009112,
test_009113,
test_009114,
test_009115,
test_009116,
test_009117,
test_009118,
test_009119,
test_009120,
test_009121,
test_009122,
test_009123,
test_009124,
test_009125,
test_009126,
test_009127,
test_009128,
test_009129,
test_009130,
test_009131,
test_009132,
test_009133,
test_009134,
test_009135,
test_009136,
test_009137,
test_009138,
test_009139,
test_009140,
test_009141,
test_009142,
test_009143,
test_009144,
test_009145,
test_009146,
test_009147,
test_009148,
test_009149,
test_009150,
test_009151,
test_009152,
test_009153,
test_009154,
test_009155,
test_009156,
test_009157,
test_009158,
test_009159,
test_009160,
test_009161,
test_009162,
test_009163,
test_009164,
test_009165,
test_009166,
test_009167,
test_009168,
test_009169,
test_009170,
test_009171,
test_009172,
test_009173,
test_009174,
test_009175,
test_009176,
test_009177,
test_009178,
test_009179,
test_009180,
test_009181,
test_009182,
test_009183,
test_009184,
test_009185,
test_009186,
test_009187,
test_009188,
test_009189,
test_009190,
test_009191,
test_009192,
test_009193,
test_009194,
test_009195,
test_009196,
test_009197,
test_009198,
test_009199,
test_009200,
test_009201,
test_009202,
test_009203,
test_009204,
test_009205,
test_009206,
test_009207,
test_009208,
test_009209,
test_009210,
test_009211,
test_009212,
test_009213,
test_009214,
test_009215,
test_009216,
test_009217,
test_009218,
test_009219,
test_009220,
test_009221,
test_009222,
test_009223,
test_009224,
test_009225,
test_009226,
test_009227,
test_009228,
test_009229,
test_009230,
test_009231,
test_009232,
test_009233,
test_009234,
test_009235,
test_009236,
test_009237,
test_009238,
test_009239,
test_009240,
test_009241,
test_009242,
test_009243,
test_009244,
test_009245,
test_009246,
test_009247,
test_009248,
test_009249,
test_009250,
test_009251,
test_009252,
test_009253,
test_009254,
test_009255,
test_009256,
test_009257,
test_009258,
test_009259,
test_009260,
test_009261,
test_009262,
test_009263,
test_009264,
test_009265,
test_009266,
test_009267,
test_009268,
test_009269,
test_009270,
test_009271,
test_009272,
test_009273,
test_009274,
test_009275,
test_009276,
test_009277,
test_009278,
test_009279,
test_009280,
test_009281,
test_009282,
test_009283,
test_009284,
test_009285,
test_009286,
test_009287,
test_009288,
test_009289,
test_009290,
test_009291,
test_009292,
test_009293,
test_009294,
test_009295,
test_009296,
test_009297,
test_009298,
test_009299,
test_009300,
test_009301,
test_009302,
test_009303,
test_009304,
test_009305,
test_009306,
test_009307,
test_009308,
test_009309,
test_009310,
test_009311,
test_009312,
test_009313,
test_009314,
test_009315,
test_009316,
test_009317,
test_009318,
test_009319,
test_009320,
test_009321,
test_009322,
test_009323,
test_009324,
test_009325,
test_009326,
test_009327,
test_009328,
test_009329,
test_009330,
test_009331,
test_009332,
test_009333,
test_009334,
test_009335,
test_009336,
test_009337,
test_009338,
test_009339,
test_009340,
test_009341,
test_009342,
test_009343,
test_009344,
test_009345,
test_009346,
test_009347,
test_009348,
test_009349,
test_009350,
test_009351,
test_009352,
test_009353,
test_009354,
test_009355,
test_009356,
test_009357,
test_009358,
test_009359,
test_009360,
test_009361,
test_009362,
test_009363,
test_009364,
test_009365,
test_009366,
test_009367,
test_009368,
test_009369,
test_009370,
test_009371,
test_009372,
test_009373,
test_009374,
test_009375,
test_009376,
test_009377,
test_009378,
test_009379,
test_009380,
test_009381,
test_009382,
test_009383,
test_009384,
test_009385,
test_009386,
test_009387,
test_009388,
test_009389,
test_009390,
test_009391,
test_009392,
test_009393,
test_009394,
test_009395,
test_009396,
test_009397,
test_009398,
test_009399,
test_009400,
test_009401,
test_009402,
test_009403,
test_009404,
test_009405,
test_009406,
test_009407,
test_009408,
test_009409,
test_009410,
test_009411,
test_009412,
test_009413,
test_009414,
test_009415,
test_009416,
test_009417,
test_009418,
test_009419,
test_009420,
test_009421,
test_009422,
test_009423,
test_009424,
test_009425,
test_009426,
test_009427,
test_009428,
test_009429,
test_009430,
test_009431,
test_009432,
test_009433,
test_009434,
test_009435,
test_009436,
test_009437,
test_009438,
test_009439,
test_009440,
test_009441,
test_009442,
test_009443,
test_009444,
test_009445,
test_009446,
test_009447,
test_009448,
test_009449,
test_009450,
test_009451,
test_009452,
test_009453,
test_009454,
test_009455,
test_009456,
test_009457,
test_009458,
test_009459,
test_009460,
test_009461,
test_009462,
test_009463,
test_009464,
test_009465,
test_009466,
test_009467,
test_009468,
test_009469,
test_009470,
test_009471,
test_009472,
test_009473,
test_009474,
test_009475,
test_009476,
test_009477,
test_009478,
test_009479,
test_009480,
test_009481,
test_009482,
test_009483,
test_009484,
test_009485,
test_009486,
test_009487,
test_009488,
test_009489,
test_009490,
test_009491,
test_009492,
test_009493,
test_009494,
test_009495,
test_009496,
test_009497,
test_009498,
test_009499,
test_009500,
test_009501,
test_009502,
test_009503,
test_009504,
test_009505,
test_009506,
test_009507,
test_009508,
test_009509,
test_009510,
test_009511,
test_009512,
test_009513,
test_009514,
test_009515,
test_009516,
test_009517,
test_009518,
test_009519,
test_009520,
test_009521,
test_009522,
test_009523,
test_009524,
test_009525,
test_009526,
test_009527,
test_009528,
test_009529,
test_009530,
test_009531,
test_009532,
test_009533,
test_009534,
test_009535,
test_009536,
test_009537,
test_009538,
test_009539,
test_009540,
test_009541,
test_009542,
test_009543,
test_009544,
test_009545,
test_009546,
test_009547,
test_009548,
test_009549,
test_009550,
test_009551,
test_009552,
test_009553,
test_009554,
test_009555,
test_009556,
test_009557,
test_009558,
test_009559,
test_009560,
test_009561,
test_009562,
test_009563,
test_009564,
test_009565,
test_009566,
test_009567,
test_009568,
test_009569,
test_009570,
test_009571,
test_009572,
test_009573,
test_009574,
test_009575,
test_009576,
test_009577,
test_009578,
test_009579,
test_009580,
test_009581,
test_009582,
test_009583,
test_009584,
test_009585,
test_009586,
test_009587,
test_009588,
test_009589,
test_009590,
test_009591,
test_009592,
test_009593,
test_009594,
test_009595,
test_009596,
test_009597,
test_009598,
test_009599,
test_009600,
test_009601,
test_009602,
test_009603,
test_009604,
test_009605,
test_009606,
test_009607,
test_009608,
test_009609,
test_009610,
test_009611,
test_009612,
test_009613,
test_009614,
test_009615,
test_009616,
test_009617,
test_009618,
test_009619,
test_009620,
test_009621,
test_009622,
test_009623,
test_009624,
test_009625,
test_009626,
test_009627,
test_009628,
test_009629,
test_009630,
test_009631,
test_009632,
test_009633,
test_009634,
test_009635,
test_009636,
test_009637,
test_009638,
test_009639,
test_009640,
test_009641,
test_009642,
test_009643,
test_009644,
test_009645,
test_009646,
test_009647,
test_009648,
test_009649,
test_009650,
test_009651,
test_009652,
test_009653,
test_009654,
test_009655,
test_009656,
test_009657,
test_009658,
test_009659,
test_009660,
test_009661,
test_009662,
test_009663,
test_009664,
test_009665,
test_009666,
test_009667,
test_009668,
test_009669,
test_009670,
test_009671,
test_009672,
test_009673,
test_009674,
test_009675,
test_009676,
test_009677,
test_009678,
test_009679,
test_009680,
test_009681,
test_009682,
test_009683,
test_009684,
test_009685,
test_009686,
test_009687,
test_009688,
test_009689,
test_009690,
test_009691,
test_009692,
test_009693,
test_009694,
test_009695,
test_009696,
test_009697,
test_009698,
test_009699,
test_009700,
test_009701,
test_009702,
test_009703,
test_009704,
test_009705,
test_009706,
test_009707,
test_009708,
test_009709,
test_009710,
test_009711,
test_009712,
test_009713,
test_009714,
test_009715,
test_009716,
test_009717,
test_009718,
test_009719,
test_009720,
test_009721,
test_009722,
test_009723,
test_009724,
test_009725,
test_009726,
test_009727,
test_009728,
test_009729,
test_009730,
test_009731,
test_009732,
test_009733,
test_009734,
test_009735,
test_009736,
test_009737,
test_009738,
test_009739,
test_009740,
test_009741,
test_009742,
test_009743,
test_009744,
test_009745,
test_009746,
test_009747,
test_009748,
test_009749,
test_009750,
test_009751,
test_009752,
test_009753,
test_009754,
test_009755,
test_009756,
test_009757,
test_009758,
test_009759,
test_009760,
test_009761,
test_009762,
test_009763,
test_009764,
test_009765,
test_009766,
test_009767,
test_009768,
test_009769,
test_009770,
test_009771,
test_009772,
test_009773,
test_009774,
test_009775,
test_009776,
test_009777,
test_009778,
test_009779,
test_009780,
test_009781,
test_009782,
test_009783,
test_009784,
test_009785,
test_009786,
test_009787,
test_009788,
test_009789,
test_009790,
test_009791,
test_009792,
test_009793,
test_009794,
test_009795,
test_009796,
test_009797,
test_009798,
test_009799,
test_009800,
test_009801,
test_009802,
test_009803,
test_009804,
test_009805,
test_009806,
test_009807,
test_009808,
test_009809,
test_009810,
test_009811,
test_009812,
test_009813,
test_009814,
test_009815,
test_009816,
test_009817,
test_009818,
test_009819,
test_009820,
test_009821,
test_009822,
test_009823,
test_009824,
test_009825,
test_009826,
test_009827,
test_009828,
test_009829,
test_009830,
test_009831,
test_009832,
test_009833,
test_009834,
test_009835,
test_009836,
test_009837,
test_009838,
test_009839,
test_009840,
test_009841,
test_009842,
test_009843,
test_009844,
test_009845,
test_009846,
test_009847,
test_009848,
test_009849,
test_009850,
test_009851,
test_009852,
test_009853,
test_009854,
test_009855,
test_009856,
test_009857,
test_009858,
test_009859,
test_009860,
test_009861,
test_009862,
test_009863,
test_009864,
test_009865,
test_009866,
test_009867,
test_009868,
test_009869,
test_009870,
test_009871,
test_009872,
test_009873,
test_009874,
test_009875,
test_009876,
test_009877,
test_009878,
test_009879,
test_009880,
test_009881,
test_009882,
test_009883,
test_009884,
test_009885,
test_009886,
test_009887,
test_009888,
test_009889,
test_009890,
test_009891,
test_009892,
test_009893,
test_009894,
test_009895,
test_009896,
test_009897,
test_009898,
test_009899,
test_009900,
test_009901,
test_009902,
test_009903,
test_009904,
test_009905,
test_009906,
test_009907,
test_009908,
test_009909,
test_009910,
test_009911,
test_009912,
test_009913,
test_009914,
test_009915,
test_009916,
test_009917,
test_009918,
test_009919,
test_009920,
test_009921,
test_009922,
test_009923,
test_009924,
test_009925,
test_009926,
test_009927,
test_009928,
test_009929,
test_009930,
test_009931,
test_009932,
test_009933,
test_009934,
test_009935,
test_009936,
test_009937,
test_009938,
test_009939,
test_009940,
test_009941,
test_009942,
test_009943,
test_009944,
test_009945,
test_009946,
test_009947,
test_009948,
test_009949,
test_009950,
test_009951,
test_009952,
test_009953,
test_009954,
test_009955,
test_009956,
test_009957,
test_009958,
test_009959,
test_009960,
test_009961,
test_009962,
test_009963,
test_009964,
test_009965,
test_009966,
test_009967,
test_009968,
test_009969,
test_009970,
test_009971,
test_009972,
test_009973,
test_009974,
test_009975,
test_009976,
test_009977,
test_009978,
test_009979,
test_009980,
test_009981,
test_009982,
test_009983,
test_009984,
test_009985,
test_009986,
test_009987,
test_009988,
test_009989,
test_009990,
test_009991,
test_009992,
test_009993,
test_009994,
test_009995,
test_009996,
test_009997,
test_009998,
test_009999,
test_010000,
test_010001,
test_010002,
test_010003,
test_010004,
test_010005,
test_010006,
test_010007,
test_010008,
test_010009,
test_010010,
test_010011,
test_010012,
test_010013,
test_010014,
test_010015,
test_010016,
test_010017,
test_010018,
test_010019,
test_010020,
test_010021,
test_010022,
test_010023,
test_010024,
test_010025,
test_010026,
test_010027,
test_010028,
test_010029,
test_010030,
test_010031,
test_010032,
test_010033,
test_010034,
test_010035,
test_010036,
test_010037,
test_010038,
test_010039,
test_010040,
test_010041,
test_010042,
test_010043,
test_010044,
test_010045,
test_010046,
test_010047,
test_010048,
test_010049,
test_010050,
test_010051,
test_010052,
test_010053,
test_010054,
test_010055,
test_010056,
test_010057,
test_010058,
test_010059,
test_010060,
test_010061,
test_010062,
test_010063,
test_010064,
test_010065,
test_010066,
test_010067,
test_010068,
test_010069,
test_010070,
test_010071,
test_010072,
test_010073,
test_010074,
test_010075,
test_010076,
test_010077,
test_010078,
test_010079,
test_010080,
test_010081,
test_010082,
test_010083,
test_010084,
test_010085,
test_010086,
test_010087,
test_010088,
test_010089,
test_010090,
test_010091,
test_010092,
test_010093,
test_010094,
test_010095,
test_010096,
test_010097,
test_010098,
test_010099,
test_010100,
test_010101,
test_010102,
test_010103,
test_010104,
test_010105,
test_010106,
test_010107,
test_010108,
test_010109,
test_010110,
test_010111,
test_010112,
test_010113,
test_010114,
test_010115,
test_010116,
test_010117,
test_010118,
test_010119,
test_010120,
test_010121,
test_010122,
test_010123,
test_010124,
test_010125,
test_010126,
test_010127,
test_010128,
test_010129,
test_010130,
test_010131,
test_010132,
test_010133,
test_010134,
test_010135,
test_010136,
test_010137,
test_010138,
test_010139,
test_010140,
test_010141,
test_010142,
test_010143,
test_010144,
test_010145,
test_010146,
test_010147,
test_010148,
test_010149,
test_010150,
test_010151,
test_010152,
test_010153,
test_010154,
test_010155,
test_010156,
test_010157,
test_010158,
test_010159,
test_010160,
test_010161,
test_010162,
test_010163,
test_010164,
test_010165,
test_010166,
test_010167,
test_010168,
test_010169,
test_010170,
test_010171,
test_010172,
test_010173,
test_010174,
test_010175,
test_010176,
test_010177,
test_010178,
test_010179,
test_010180,
test_010181,
test_010182,
test_010183,
test_010184,
test_010185,
test_010186,
test_010187,
test_010188,
test_010189,
test_010190,
test_010191,
test_010192,
test_010193,
test_010194,
test_010195,
test_010196,
test_010197,
test_010198,
test_010199,
test_010200,
test_010201,
test_010202,
test_010203,
test_010204,
test_010205,
test_010206,
test_010207,
test_010208,
test_010209,
test_010210,
test_010211,
test_010212,
test_010213,
test_010214,
test_010215,
test_010216,
test_010217,
test_010218,
test_010219,
test_010220,
test_010221,
test_010222,
test_010223,
test_010224,
test_010225,
test_010226,
test_010227,
test_010228,
test_010229,
test_010230,
test_010231,
test_010232,
test_010233,
test_010234,
test_010235,
test_010236,
test_010237,
test_010238,
test_010239,
test_010240,
test_010241,
test_010242,
test_010243,
test_010244,
test_010245,
test_010246,
test_010247,
test_010248,
test_010249,
test_010250,
test_010251,
test_010252,
test_010253,
test_010254,
test_010255,
test_010256,
test_010257,
test_010258,
test_010259,
test_010260,
test_010261,
test_010262,
test_010263,
test_010264,
test_010265,
test_010266,
test_010267,
test_010268,
test_010269,
test_010270,
test_010271,
test_010272,
test_010273,
test_010274,
test_010275,
test_010276,
test_010277,
test_010278,
test_010279,
test_010280,
test_010281,
test_010282,
test_010283,
test_010284,
test_010285,
test_010286,
test_010287,
test_010288,
test_010289,
test_010290,
test_010291,
test_010292,
test_010293,
test_010294,
test_010295,
test_010296,
test_010297,
test_010298,
test_010299,
test_010300,
test_010301,
test_010302,
test_010303,
test_010304,
test_010305,
test_010306,
test_010307,
test_010308,
test_010309,
test_010310,
test_010311,
test_010312,
test_010313,
test_010314,
test_010315,
test_010316,
test_010317,
test_010318,
test_010319,
test_010320,
test_010321,
test_010322,
test_010323,
test_010324,
test_010325,
test_010326,
test_010327,
test_010328,
test_010329,
test_010330,
test_010331,
test_010332,
test_010333,
test_010334,
test_010335,
test_010336,
test_010337,
test_010338,
test_010339,
test_010340,
test_010341,
test_010342,
test_010343,
test_010344,
test_010345,
test_010346,
test_010347,
test_010348,
test_010349,
test_010350,
test_010351,
test_010352,
test_010353,
test_010354,
test_010355,
test_010356,
test_010357,
test_010358,
test_010359,
test_010360,
test_010361,
test_010362,
test_010363,
test_010364,
test_010365,
test_010366,
test_010367,
test_010368,
test_010369,
test_010370,
test_010371,
test_010372,
test_010373,
test_010374,
test_010375,
test_010376,
test_010377,
test_010378,
test_010379,
test_010380,
test_010381,
test_010382,
test_010383,
test_010384,
test_010385,
test_010386,
test_010387,
test_010388,
test_010389,
test_010390,
test_010391,
test_010392,
test_010393,
test_010394,
test_010395,
test_010396,
test_010397,
test_010398,
test_010399,
test_010400,
test_010401,
test_010402,
test_010403,
test_010404,
test_010405,
test_010406,
test_010407,
test_010408,
test_010409,
test_010410,
test_010411,
test_010412,
test_010413,
test_010414,
test_010415,
test_010416,
test_010417,
test_010418,
test_010419,
test_010420,
test_010421,
test_010422,
test_010423,
test_010424,
test_010425,
test_010426,
test_010427,
test_010428,
test_010429,
test_010430,
test_010431,
test_010432,
test_010433,
test_010434,
test_010435,
test_010436,
test_010437,
test_010438,
test_010439,
test_010440,
test_010441,
test_010442,
test_010443,
test_010444,
test_010445,
test_010446,
test_010447,
test_010448,
test_010449,
test_010450,
test_010451,
test_010452,
test_010453,
test_010454,
test_010455,
test_010456,
test_010457,
test_010458,
test_010459,
test_010460,
test_010461,
test_010462,
test_010463,
test_010464,
test_010465,
test_010466,
test_010467,
test_010468,
test_010469,
test_010470,
test_010471,
test_010472,
test_010473,
test_010474,
test_010475,
test_010476,
test_010477,
test_010478,
test_010479,
test_010480,
test_010481,
test_010482,
test_010483,
test_010484,
test_010485,
test_010486,
test_010487,
test_010488,
test_010489,
test_010490,
test_010491,
test_010492,
test_010493,
test_010494,
test_010495,
test_010496,
test_010497,
test_010498,
test_010499,
test_010500,
test_010501,
test_010502,
test_010503,
test_010504,
test_010505,
test_010506,
test_010507,
test_010508,
test_010509,
test_010510,
test_010511,
test_010512,
test_010513,
test_010514,
test_010515,
test_010516,
test_010517,
test_010518,
test_010519,
test_010520,
test_010521,
test_010522,
test_010523,
test_010524,
test_010525,
test_010526,
test_010527,
test_010528,
test_010529,
test_010530,
test_010531,
test_010532,
test_010533,
test_010534,
test_010535,
test_010536,
test_010537,
test_010538,
test_010539,
test_010540,
test_010541,
test_010542,
test_010543,
test_010544,
test_010545,
test_010546,
test_010547,
test_010548,
test_010549,
test_010550,
test_010551,
test_010552,
test_010553,
test_010554,
test_010555,
test_010556,
test_010557,
test_010558,
test_010559,
test_010560,
test_010561,
test_010562,
test_010563,
test_010564,
test_010565,
test_010566,
test_010567,
test_010568,
test_010569,
test_010570,
test_010571,
test_010572,
test_010573,
test_010574,
test_010575,
test_010576,
test_010577,
test_010578,
test_010579,
test_010580,
test_010581,
test_010582,
test_010583,
test_010584,
test_010585,
test_010586,
test_010587,
test_010588,
test_010589,
test_010590,
test_010591,
test_010592,
test_010593,
test_010594,
test_010595,
test_010596,
test_010597,
test_010598,
test_010599,
test_010600,
test_010601,
test_010602,
test_010603,
test_010604,
test_010605,
test_010606,
test_010607,
test_010608,
test_010609,
test_010610,
test_010611,
test_010612,
test_010613,
test_010614,
test_010615,
test_010616,
test_010617,
test_010618,
test_010619,
test_010620,
test_010621,
test_010622,
test_010623,
test_010624,
test_010625,
test_010626,
test_010627,
test_010628,
test_010629,
test_010630,
test_010631,
test_010632,
test_010633,
test_010634,
test_010635,
test_010636,
test_010637,
test_010638,
test_010639,
test_010640,
test_010641,
test_010642,
test_010643,
test_010644,
test_010645,
test_010646,
test_010647,
test_010648,
test_010649,
test_010650,
test_010651,
test_010652,
test_010653,
test_010654,
test_010655,
test_010656,
test_010657,
test_010658,
test_010659,
test_010660,
test_010661,
test_010662,
test_010663,
test_010664,
test_010665,
test_010666,
test_010667,
test_010668,
test_010669,
test_010670,
test_010671,
test_010672,
test_010673,
test_010674,
test_010675,
test_010676,
test_010677,
test_010678,
test_010679,
test_010680,
test_010681,
test_010682,
test_010683,
test_010684,
test_010685,
test_010686,
test_010687,
test_010688,
test_010689,
test_010690,
test_010691,
test_010692,
test_010693,
test_010694,
test_010695,
test_010696,
test_010697,
test_010698,
test_010699,
test_010700,
test_010701,
test_010702,
test_010703,
test_010704,
test_010705,
test_010706,
test_010707,
test_010708,
test_010709,
test_010710,
test_010711,
test_010712,
test_010713,
test_010714,
test_010715,
test_010716,
test_010717,
test_010718,
test_010719,
test_010720,
test_010721,
test_010722,
test_010723,
test_010724,
test_010725,
test_010726,
test_010727,
test_010728,
test_010729,
test_010730,
test_010731,
test_010732,
test_010733,
test_010734,
test_010735,
test_010736,
test_010737,
test_010738,
test_010739,
test_010740,
test_010741,
test_010742,
test_010743,
test_010744,
test_010745,
test_010746,
test_010747,
test_010748,
test_010749,
test_010750,
test_010751,
test_010752,
test_010753,
test_010754,
test_010755,
test_010756,
test_010757,
test_010758,
test_010759,
test_010760,
test_010761,
test_010762,
test_010763,
test_010764,
test_010765,
test_010766,
test_010767,
test_010768,
test_010769,
test_010770,
test_010771,
test_010772,
test_010773,
test_010774,
test_010775,
test_010776,
test_010777,
test_010778,
test_010779,
test_010780,
test_010781,
test_010782,
test_010783,
test_010784,
test_010785,
test_010786,
test_010787,
test_010788,
test_010789,
test_010790,
test_010791,
test_010792,
test_010793,
test_010794,
test_010795,
test_010796,
test_010797,
test_010798,
test_010799,
test_010800,
test_010801,
test_010802,
test_010803,
test_010804,
test_010805,
test_010806,
test_010807,
test_010808,
test_010809,
test_010810,
test_010811,
test_010812,
test_010813,
test_010814,
test_010815,
test_010816,
test_010817,
test_010818,
test_010819,
test_010820,
test_010821,
test_010822,
test_010823,
test_010824,
test_010825,
test_010826,
test_010827,
test_010828,
test_010829,
test_010830,
test_010831,
test_010832,
test_010833,
test_010834,
test_010835,
test_010836,
test_010837,
test_010838,
test_010839,
test_010840,
test_010841,
test_010842,
test_010843,
test_010844,
test_010845,
test_010846,
test_010847,
test_010848,
test_010849,
test_010850,
test_010851,
test_010852,
test_010853,
test_010854,
test_010855,
test_010856,
test_010857,
test_010858,
test_010859,
test_010860,
test_010861,
test_010862,
test_010863,
test_010864,
test_010865,
test_010866,
test_010867,
test_010868,
test_010869,
test_010870,
test_010871,
test_010872,
test_010873,
test_010874,
test_010875,
test_010876,
test_010877,
test_010878,
test_010879,
test_010880,
test_010881,
test_010882,
test_010883,
test_010884,
test_010885,
test_010886,
test_010887,
test_010888,
test_010889,
test_010890,
test_010891,
test_010892,
test_010893,
test_010894,
test_010895,
test_010896,
test_010897,
test_010898,
test_010899,
test_010900,
test_010901,
test_010902,
test_010903,
test_010904,
test_010905,
test_010906,
test_010907,
test_010908,
test_010909,
test_010910,
test_010911,
test_010912,
test_010913,
test_010914,
test_010915,
test_010916,
test_010917,
test_010918,
test_010919,
test_010920,
test_010921,
test_010922,
test_010923,
test_010924,
test_010925,
test_010926,
test_010927,
test_010928,
test_010929,
test_010930,
test_010931,
test_010932,
test_010933,
test_010934,
test_010935,
test_010936,
test_010937,
test_010938,
test_010939,
test_010940,
test_010941,
test_010942,
test_010943,
test_010944,
test_010945,
test_010946,
test_010947,
test_010948,
test_010949,
test_010950,
test_010951,
test_010952,
test_010953,
test_010954,
test_010955,
test_010956,
test_010957,
test_010958,
test_010959,
test_010960,
test_010961,
test_010962,
test_010963,
test_010964,
test_010965,
test_010966,
test_010967,
test_010968,
test_010969,
test_010970,
test_010971,
test_010972,
test_010973,
test_010974,
test_010975,
test_010976,
test_010977,
test_010978,
test_010979,
test_010980,
test_010981,
test_010982,
test_010983,
test_010984,
test_010985,
test_010986,
test_010987,
test_010988,
test_010989,
test_010990,
test_010991,
test_010992,
test_010993,
test_010994,
test_010995,
test_010996,
test_010997,
test_010998,
test_010999,
test_011000,
test_011001,
test_011002,
test_011003,
test_011004,
test_011005,
test_011006,
test_011007,
test_011008,
test_011009,
test_011010,
test_011011,
test_011012,
test_011013,
test_011014,
test_011015,
test_011016,
test_011017,
test_011018,
test_011019,
test_011020,
test_011021,
test_011022,
test_011023,
test_011024,
test_011025,
test_011026,
test_011027,
test_011028,
test_011029,
test_011030,
test_011031,
test_011032,
test_011033,
test_011034,
test_011035,
test_011036,
test_011037,
test_011038,
test_011039,
test_011040,
test_011041,
test_011042,
test_011043,
test_011044,
test_011045,
test_011046,
test_011047,
test_011048,
test_011049,
test_011050,
test_011051,
test_011052,
test_011053,
test_011054,
test_011055,
test_011056,
test_011057,
test_011058,
test_011059,
test_011060,
test_011061,
test_011062,
test_011063,
test_011064,
test_011065,
test_011066,
test_011067,
test_011068,
test_011069,
test_011070,
test_011071,
test_011072,
test_011073,
test_011074,
test_011075,
test_011076,
test_011077,
test_011078,
test_011079,
test_011080,
test_011081,
test_011082,
test_011083,
test_011084,
test_011085,
test_011086,
test_011087,
test_011088,
test_011089,
test_011090,
test_011091,
test_011092,
test_011093,
test_011094,
test_011095,
test_011096,
test_011097,
test_011098,
test_011099,
test_011100,
test_011101,
test_011102,
test_011103,
test_011104,
test_011105,
test_011106,
test_011107,
test_011108,
test_011109,
test_011110,
test_011111,
test_011112,
test_011113,
test_011114,
test_011115,
test_011116,
test_011117,
test_011118,
test_011119,
test_011120,
test_011121,
test_011122,
test_011123,
test_011124,
test_011125,
test_011126,
test_011127,
test_011128,
test_011129,
test_011130,
test_011131,
test_011132,
test_011133,
test_011134,
test_011135,
test_011136,
test_011137,
test_011138,
test_011139,
test_011140,
test_011141,
test_011142,
test_011143,
test_011144,
test_011145,
test_011146,
test_011147,
test_011148,
test_011149,
test_011150,
test_011151,
test_011152,
test_011153,
test_011154,
test_011155,
test_011156,
test_011157,
test_011158,
test_011159,
test_011160,
test_011161,
test_011162,
test_011163,
test_011164,
test_011165,
test_011166,
test_011167,
test_011168,
test_011169,
test_011170,
test_011171,
test_011172,
test_011173,
test_011174,
test_011175,
test_011176,
test_011177,
test_011178,
test_011179,
test_011180,
test_011181,
test_011182,
test_011183,
test_011184,
test_011185,
test_011186,
test_011187,
test_011188,
test_011189,
test_011190,
test_011191,
test_011192,
test_011193,
test_011194,
test_011195,
test_011196,
test_011197,
test_011198,
test_011199,
test_011200,
test_011201,
test_011202,
test_011203,
test_011204,
test_011205,
test_011206,
test_011207,
test_011208,
test_011209,
test_011210,
test_011211,
test_011212,
test_011213,
test_011214,
test_011215,
test_011216,
test_011217,
test_011218,
test_011219,
test_011220,
test_011221,
test_011222,
test_011223,
test_011224,
test_011225,
test_011226,
test_011227,
test_011228,
test_011229,
test_011230,
test_011231,
test_011232,
test_011233,
test_011234,
test_011235,
test_011236,
test_011237,
test_011238,
test_011239,
test_011240,
test_011241,
test_011242,
test_011243,
test_011244,
test_011245,
test_011246,
test_011247,
test_011248,
test_011249,
test_011250,
test_011251,
test_011252,
test_011253,
test_011254,
test_011255,
test_011256,
test_011257,
test_011258,
test_011259,
test_011260,
test_011261,
test_011262,
test_011263,
test_011264,
test_011265,
test_011266,
test_011267,
test_011268,
test_011269,
test_011270,
test_011271,
test_011272,
test_011273,
test_011274,
test_011275,
test_011276,
test_011277,
test_011278,
test_011279,
test_011280,
test_011281,
test_011282,
test_011283,
test_011284,
test_011285,
test_011286,
test_011287,
test_011288,
test_011289,
test_011290,
test_011291,
test_011292,
test_011293,
test_011294,
test_011295,
test_011296,
test_011297,
test_011298,
test_011299,
test_011300,
test_011301,
test_011302,
test_011303,
test_011304,
test_011305,
test_011306,
test_011307,
test_011308,
test_011309,
test_011310,
test_011311,
test_011312,
test_011313,
test_011314,
test_011315,
test_011316,
test_011317,
test_011318,
test_011319,
test_011320,
test_011321,
test_011322,
test_011323,
test_011324,
test_011325,
test_011326,
test_011327,
test_011328,
test_011329,
test_011330,
test_011331,
test_011332,
test_011333,
test_011334,
test_011335,
test_011336,
test_011337,
test_011338,
test_011339,
test_011340,
test_011341,
test_011342,
test_011343,
test_011344,
test_011345,
test_011346,
test_011347,
test_011348,
test_011349,
test_011350,
test_011351,
test_011352,
test_011353,
test_011354,
test_011355,
test_011356,
test_011357,
test_011358,
test_011359,
test_011360,
test_011361,
test_011362,
test_011363,
test_011364,
test_011365,
test_011366,
test_011367,
test_011368,
test_011369,
test_011370,
test_011371,
test_011372,
test_011373,
test_011374,
test_011375,
test_011376,
test_011377,
test_011378,
test_011379,
test_011380,
test_011381,
test_011382,
test_011383,
test_011384,
test_011385,
test_011386,
test_011387,
test_011388,
test_011389,
test_011390,
test_011391,
test_011392,
test_011393,
test_011394,
test_011395,
test_011396,
test_011397,
test_011398,
test_011399,
test_011400,
test_011401,
test_011402,
test_011403,
test_011404,
test_011405,
test_011406,
test_011407,
test_011408,
test_011409,
test_011410,
test_011411,
test_011412,
test_011413,
test_011414,
test_011415,
test_011416,
test_011417,
test_011418,
test_011419,
test_011420,
test_011421,
test_011422,
test_011423,
test_011424,
test_011425,
test_011426,
test_011427,
test_011428,
test_011429,
test_011430,
test_011431,
test_011432,
test_011433,
test_011434,
test_011435,
test_011436,
test_011437,
test_011438,
test_011439,
test_011440,
test_011441,
test_011442,
test_011443,
test_011444,
test_011445,
test_011446,
test_011447,
test_011448,
test_011449,
test_011450,
test_011451,
test_011452,
test_011453,
test_011454,
test_011455,
test_011456,
test_011457,
test_011458,
test_011459,
test_011460,
test_011461,
test_011462,
test_011463,
test_011464,
test_011465,
test_011466,
test_011467,
test_011468,
test_011469,
test_011470,
test_011471,
test_011472,
test_011473,
test_011474,
test_011475,
test_011476,
test_011477,
test_011478,
test_011479,
test_011480,
test_011481,
test_011482,
test_011483,
test_011484,
test_011485,
test_011486,
test_011487,
test_011488,
test_011489,
test_011490,
test_011491,
test_011492,
test_011493,
test_011494,
test_011495,
test_011496,
test_011497,
test_011498,
test_011499,
test_011500,
test_011501,
test_011502,
test_011503,
test_011504,
test_011505,
test_011506,
test_011507,
test_011508,
test_011509,
test_011510,
test_011511,
test_011512,
test_011513,
test_011514,
test_011515,
test_011516,
test_011517,
test_011518,
test_011519,
test_011520,
test_011521,
test_011522,
test_011523,
test_011524,
test_011525,
test_011526,
test_011527,
test_011528,
test_011529,
test_011530,
test_011531,
test_011532,
test_011533,
test_011534,
test_011535,
test_011536,
test_011537,
test_011538,
test_011539,
test_011540,
test_011541,
test_011542,
test_011543,
test_011544,
test_011545,
test_011546,
test_011547,
test_011548,
test_011549,
test_011550,
test_011551,
test_011552,
test_011553,
test_011554,
test_011555,
test_011556,
test_011557,
test_011558,
test_011559,
test_011560,
test_011561,
test_011562,
test_011563,
test_011564,
test_011565,
test_011566,
test_011567,
test_011568,
test_011569,
test_011570,
test_011571,
test_011572,
test_011573,
test_011574,
test_011575,
test_011576,
test_011577,
test_011578,
test_011579,
test_011580,
test_011581,
test_011582,
test_011583,
test_011584,
test_011585,
test_011586,
test_011587,
test_011588,
test_011589,
test_011590,
test_011591,
test_011592,
test_011593,
test_011594,
test_011595,
test_011596,
test_011597,
test_011598,
test_011599,
test_011600,
test_011601,
test_011602,
test_011603,
test_011604,
test_011605,
test_011606,
test_011607,
test_011608,
test_011609,
test_011610,
test_011611,
test_011612,
test_011613,
test_011614,
test_011615,
test_011616,
test_011617,
test_011618,
test_011619,
test_011620,
test_011621,
test_011622,
test_011623,
test_011624,
test_011625,
test_011626,
test_011627,
test_011628,
test_011629,
test_011630,
test_011631,
test_011632,
test_011633,
test_011634,
test_011635,
test_011636,
test_011637,
test_011638,
test_011639,
test_011640,
test_011641,
test_011642,
test_011643,
test_011644,
test_011645,
test_011646,
test_011647,
test_011648,
test_011649,
test_011650,
test_011651,
test_011652,
test_011653,
test_011654,
test_011655,
test_011656,
test_011657,
test_011658,
test_011659,
test_011660,
test_011661,
test_011662,
test_011663,
test_011664,
test_011665,
test_011666,
test_011667,
test_011668,
test_011669,
test_011670,
test_011671,
test_011672,
test_011673,
test_011674,
test_011675,
test_011676,
test_011677,
test_011678,
test_011679,
test_011680,
test_011681,
test_011682,
test_011683,
test_011684,
test_011685,
test_011686,
test_011687,
test_011688,
test_011689,
test_011690,
test_011691,
test_011692,
test_011693,
test_011694,
test_011695,
test_011696,
test_011697,
test_011698,
test_011699,
test_011700,
test_011701,
test_011702,
test_011703,
test_011704,
test_011705,
test_011706,
test_011707,
test_011708,
test_011709,
test_011710,
test_011711,
test_011712,
test_011713,
test_011714,
test_011715,
test_011716,
test_011717,
test_011718,
test_011719,
test_011720,
test_011721,
test_011722,
test_011723,
test_011724,
test_011725,
test_011726,
test_011727,
test_011728,
test_011729,
test_011730,
test_011731,
test_011732,
test_011733,
test_011734,
test_011735,
test_011736,
test_011737,
test_011738,
test_011739,
test_011740,
test_011741,
test_011742,
test_011743,
test_011744,
test_011745,
test_011746,
test_011747,
test_011748,
test_011749,
test_011750,
test_011751,
test_011752,
test_011753,
test_011754,
test_011755,
test_011756,
test_011757,
test_011758,
test_011759,
test_011760,
test_011761,
test_011762,
test_011763,
test_011764,
test_011765,
test_011766,
test_011767,
test_011768,
test_011769,
test_011770,
test_011771,
test_011772,
test_011773,
test_011774,
test_011775,
test_011776,
test_011777,
test_011778,
test_011779,
test_011780,
test_011781,
test_011782,
test_011783,
test_011784,
test_011785,
test_011786,
test_011787,
test_011788,
test_011789,
test_011790,
test_011791,
test_011792,
test_011793,
test_011794,
test_011795,
test_011796,
test_011797,
test_011798,
test_011799,
test_011800,
test_011801,
test_011802,
test_011803,
test_011804,
test_011805,
test_011806,
test_011807,
test_011808,
test_011809,
test_011810,
test_011811,
test_011812,
test_011813,
test_011814,
test_011815,
test_011816,
test_011817,
test_011818,
test_011819,
test_011820,
test_011821,
test_011822,
test_011823,
test_011824,
test_011825,
test_011826,
test_011827,
test_011828,
test_011829,
test_011830,
test_011831,
test_011832,
test_011833,
test_011834,
test_011835,
test_011836,
test_011837,
test_011838,
test_011839,
test_011840,
test_011841,
test_011842,
test_011843,
test_011844,
test_011845,
test_011846,
test_011847,
test_011848,
test_011849,
test_011850,
test_011851,
test_011852,
test_011853,
test_011854,
test_011855,
test_011856,
test_011857,
test_011858,
test_011859,
test_011860,
test_011861,
test_011862,
test_011863,
test_011864,
test_011865,
test_011866,
test_011867,
test_011868,
test_011869,
test_011870,
test_011871,
test_011872,
test_011873,
test_011874,
test_011875,
test_011876,
test_011877,
test_011878,
test_011879,
test_011880,
test_011881,
test_011882,
test_011883,
test_011884,
test_011885,
test_011886,
test_011887,
test_011888,
test_011889,
test_011890,
test_011891,
test_011892,
test_011893,
test_011894,
test_011895,
test_011896,
test_011897,
test_011898,
test_011899,
test_011900,
test_011901,
test_011902,
test_011903,
test_011904,
test_011905,
test_011906,
test_011907,
test_011908,
test_011909,
test_011910,
test_011911,
test_011912,
test_011913,
test_011914,
test_011915,
test_011916,
test_011917,
test_011918,
test_011919,
test_011920,
test_011921,
test_011922,
test_011923,
test_011924,
test_011925,
test_011926,
test_011927,
test_011928,
test_011929,
test_011930,
test_011931,
test_011932,
test_011933,
test_011934,
test_011935,
test_011936,
test_011937,
test_011938,
test_011939,
test_011940,
test_011941,
test_011942,
test_011943,
test_011944,
test_011945,
test_011946,
test_011947,
test_011948,
test_011949,
test_011950,
test_011951,
test_011952,
test_011953,
test_011954,
test_011955,
test_011956,
test_011957,
test_011958,
test_011959,
test_011960,
test_011961,
test_011962,
test_011963,
test_011964,
test_011965,
test_011966,
test_011967,
test_011968,
test_011969,
test_011970,
test_011971,
test_011972,
test_011973,
test_011974,
test_011975,
test_011976,
test_011977,
test_011978,
test_011979,
test_011980,
test_011981,
test_011982,
test_011983,
test_011984,
test_011985,
test_011986,
test_011987,
test_011988,
test_011989,
test_011990,
test_011991,
test_011992,
test_011993,
test_011994,
test_011995,
test_011996,
test_011997,
test_011998,
test_011999,
test_012000,
test_012001,
test_012002,
test_012003,
test_012004,
test_012005,
test_012006,
test_012007,
test_012008,
test_012009,
test_012010,
test_012011,
test_012012,
test_012013,
test_012014,
test_012015,
test_012016,
test_012017,
test_012018,
test_012019,
test_012020,
test_012021,
test_012022,
test_012023,
test_012024,
test_012025,
test_012026,
test_012027,
test_012028,
test_012029,
test_012030,
test_012031,
test_012032,
test_012033,
test_012034,
test_012035,
test_012036,
test_012037,
test_012038,
test_012039,
test_012040,
test_012041,
test_012042,
test_012043,
test_012044,
test_012045,
test_012046,
test_012047,
test_012048,
test_012049,
test_012050,
test_012051,
test_012052,
test_012053,
test_012054,
test_012055,
test_012056,
test_012057,
test_012058,
test_012059,
test_012060,
test_012061,
test_012062,
test_012063,
test_012064,
test_012065,
test_012066,
test_012067,
test_012068,
test_012069,
test_012070,
test_012071,
test_012072,
test_012073,
test_012074,
test_012075,
test_012076,
test_012077,
test_012078,
test_012079,
test_012080,
test_012081,
test_012082,
test_012083,
test_012084,
test_012085,
test_012086,
test_012087,
test_012088,
test_012089,
test_012090,
test_012091,
test_012092,
test_012093,
test_012094,
test_012095,
test_012096,
test_012097,
test_012098,
test_012099,
test_012100,
test_012101,
test_012102,
test_012103,
test_012104,
test_012105,
test_012106,
test_012107,
test_012108,
test_012109,
test_012110,
test_012111,
test_012112,
test_012113,
test_012114,
test_012115,
test_012116,
test_012117,
test_012118,
test_012119,
test_012120,
test_012121,
test_012122,
test_012123,
test_012124,
test_012125,
test_012126,
test_012127,
test_012128,
test_012129,
test_012130,
test_012131,
test_012132,
test_012133,
test_012134,
test_012135,
test_012136,
test_012137,
test_012138,
test_012139,
test_012140,
test_012141,
test_012142,
test_012143,
test_012144,
test_012145,
test_012146,
test_012147,
test_012148,
test_012149,
test_012150,
test_012151,
test_012152,
test_012153,
test_012154,
test_012155,
test_012156,
test_012157,
test_012158,
test_012159,
test_012160,
test_012161,
test_012162,
test_012163,
test_012164,
test_012165,
test_012166,
test_012167,
test_012168,
test_012169,
test_012170,
test_012171,
test_012172,
test_012173,
test_012174,
test_012175,
test_012176,
test_012177,
test_012178,
test_012179,
test_012180,
test_012181,
test_012182,
test_012183,
test_012184,
test_012185,
test_012186,
test_012187,
test_012188,
test_012189,
test_012190,
test_012191,
test_012192,
test_012193,
test_012194,
test_012195,
test_012196,
test_012197,
test_012198,
test_012199,
test_012200,
test_012201,
test_012202,
test_012203,
test_012204,
test_012205,
test_012206,
test_012207,
test_012208,
test_012209,
test_012210,
test_012211,
test_012212,
test_012213,
test_012214,
test_012215,
test_012216,
test_012217,
test_012218,
test_012219,
test_012220,
test_012221,
test_012222,
test_012223,
test_012224,
test_012225,
test_012226,
test_012227,
test_012228,
test_012229,
test_012230,
test_012231,
test_012232,
test_012233,
test_012234,
test_012235,
test_012236,
test_012237,
test_012238,
test_012239,
test_012240,
test_012241,
test_012242,
test_012243,
test_012244,
test_012245,
test_012246,
test_012247,
test_012248,
test_012249,
test_012250,
test_012251,
test_012252,
test_012253,
test_012254,
test_012255,
test_012256,
test_012257,
test_012258,
test_012259,
test_012260,
test_012261,
test_012262,
test_012263,
test_012264,
test_012265,
test_012266,
test_012267,
test_012268,
test_012269,
test_012270,
test_012271,
test_012272,
test_012273,
test_012274,
test_012275,
test_012276,
test_012277,
test_012278,
test_012279,
test_012280,
test_012281,
test_012282,
test_012283,
test_012284,
test_012285,
test_012286,
test_012287,
test_012288,
test_012289,
test_012290,
test_012291,
test_012292,
test_012293,
test_012294,
test_012295,
test_012296,
test_012297,
test_012298,
test_012299,
test_012300,
test_012301,
test_012302,
test_012303,
test_012304,
test_012305,
test_012306,
test_012307,
test_012308,
test_012309,
test_012310,
test_012311,
test_012312,
test_012313,
test_012314,
test_012315,
test_012316,
test_012317,
test_012318,
test_012319,
test_012320,
test_012321,
test_012322,
test_012323,
test_012324,
test_012325,
test_012326,
test_012327,
test_012328,
test_012329,
test_012330,
test_012331,
test_012332,
test_012333,
test_012334,
test_012335,
test_012336,
test_012337,
test_012338,
test_012339,
test_012340,
test_012341,
test_012342,
test_012343,
test_012344,
test_012345,
test_012346,
test_012347,
test_012348,
test_012349,
test_012350,
test_012351,
test_012352,
test_012353,
test_012354,
test_012355,
test_012356,
test_012357,
test_012358,
test_012359,
test_012360,
test_012361,
test_012362,
test_012363,
test_012364,
test_012365,
test_012366,
test_012367,
test_012368,
test_012369,
test_012370,
test_012371,
test_012372,
test_012373,
test_012374,
test_012375,
test_012376,
test_012377,
test_012378,
test_012379,
test_012380,
test_012381,
test_012382,
test_012383,
test_012384,
test_012385,
test_012386,
test_012387,
test_012388,
test_012389,
test_012390,
test_012391,
test_012392,
test_012393,
test_012394,
test_012395,
test_012396,
test_012397,
test_012398,
test_012399,
test_012400,
test_012401,
test_012402,
test_012403,
test_012404,
test_012405,
test_012406,
test_012407,
test_012408,
test_012409,
test_012410,
test_012411,
test_012412,
test_012413,
test_012414,
test_012415,
test_012416,
test_012417,
test_012418,
test_012419,
test_012420,
test_012421,
test_012422,
test_012423,
test_012424,
test_012425,
test_012426,
test_012427,
test_012428,
test_012429,
test_012430,
test_012431,
test_012432,
test_012433,
test_012434,
test_012435,
test_012436,
test_012437,
test_012438,
test_012439,
test_012440,
test_012441,
test_012442,
test_012443,
test_012444,
test_012445,
test_012446,
test_012447,
test_012448,
test_012449,
test_012450,
test_012451,
test_012452,
test_012453,
test_012454,
test_012455,
test_012456,
test_012457,
test_012458,
test_012459,
test_012460,
test_012461,
test_012462,
test_012463,
test_012464,
test_012465,
test_012466,
test_012467,
test_012468,
test_012469,
test_012470,
test_012471,
test_012472,
test_012473,
test_012474,
test_012475,
test_012476,
test_012477,
test_012478,
test_012479,
test_012480,
test_012481,
test_012482,
test_012483,
test_012484,
test_012485,
test_012486,
test_012487,
test_012488,
test_012489,
test_012490,
test_012491,
test_012492,
test_012493,
test_012494,
test_012495,
test_012496,
test_012497,
test_012498,
test_012499,
test_012500,
test_012501,
test_012502,
test_012503,
test_012504,
test_012505,
test_012506,
test_012507,
test_012508,
test_012509,
test_012510,
test_012511,
test_012512,
test_012513,
test_012514,
test_012515,
test_012516,
test_012517,
test_012518,
test_012519,
test_012520,
test_012521,
test_012522,
test_012523,
test_012524,
test_012525,
test_012526,
test_012527,
test_012528,
test_012529,
test_012530,
test_012531,
test_012532,
test_012533,
test_012534,
test_012535,
test_012536,
test_012537,
test_012538,
test_012539,
test_012540,
test_012541,
test_012542,
test_012543,
test_012544,
test_012545,
test_012546,
test_012547,
test_012548,
test_012549,
test_012550,
test_012551,
test_012552,
test_012553,
test_012554,
test_012555,
test_012556,
test_012557,
test_012558,
test_012559,
test_012560,
test_012561,
test_012562,
test_012563,
test_012564,
test_012565,
test_012566,
test_012567,
test_012568,
test_012569,
test_012570,
test_012571,
test_012572,
test_012573,
test_012574,
test_012575,
test_012576,
test_012577,
test_012578,
test_012579,
test_012580,
test_012581,
test_012582,
test_012583,
test_012584,
test_012585,
test_012586,
test_012587,
test_012588,
test_012589,
test_012590,
test_012591,
test_012592,
test_012593,
test_012594,
test_012595,
test_012596,
test_012597,
test_012598,
test_012599,
test_012600,
test_012601,
test_012602,
test_012603,
test_012604,
test_012605,
test_012606,
test_012607,
test_012608,
test_012609,
test_012610,
test_012611,
test_012612,
test_012613,
test_012614,
test_012615,
test_012616,
test_012617,
test_012618,
test_012619,
test_012620,
test_012621,
test_012622,
test_012623,
test_012624,
test_012625,
test_012626,
test_012627,
test_012628,
test_012629,
test_012630,
test_012631,
test_012632,
test_012633,
test_012634,
test_012635,
test_012636,
test_012637,
test_012638,
test_012639,
test_012640,
test_012641,
test_012642,
test_012643,
test_012644,
test_012645,
test_012646,
test_012647,
test_012648,
test_012649,
test_012650,
test_012651,
test_012652,
test_012653,
test_012654,
test_012655,
test_012656,
test_012657,
test_012658,
test_012659,
test_012660,
test_012661,
test_012662,
test_012663,
test_012664,
test_012665,
test_012666,
test_012667,
test_012668,
test_012669,
test_012670,
test_012671,
test_012672,
test_012673,
test_012674,
test_012675,
test_012676,
test_012677,
test_012678,
test_012679,
test_012680,
test_012681,
test_012682,
test_012683,
test_012684,
test_012685,
test_012686,
test_012687,
test_012688,
test_012689,
test_012690,
test_012691,
test_012692,
test_012693,
test_012694,
test_012695,
test_012696,
test_012697,
test_012698,
test_012699,
test_012700,
test_012701,
test_012702,
test_012703,
test_012704,
test_012705,
test_012706,
test_012707,
test_012708,
test_012709,
test_012710,
test_012711,
test_012712,
test_012713,
test_012714,
test_012715,
test_012716,
test_012717,
test_012718,
test_012719,
test_012720,
test_012721,
test_012722,
test_012723,
test_012724,
test_012725,
test_012726,
test_012727,
test_012728,
test_012729,
test_012730,
test_012731,
test_012732,
test_012733,
test_012734,
test_012735,
test_012736,
test_012737,
test_012738,
test_012739,
test_012740,
test_012741,
test_012742,
test_012743,
test_012744,
test_012745,
test_012746,
test_012747,
test_012748,
test_012749,
test_012750,
test_012751,
test_012752,
test_012753,
test_012754,
test_012755,
test_012756,
test_012757,
test_012758,
test_012759,
test_012760,
test_012761,
test_012762,
test_012763,
test_012764,
test_012765,
test_012766,
test_012767,
test_012768,
test_012769,
test_012770,
test_012771,
test_012772,
test_012773,
test_012774,
test_012775,
test_012776,
test_012777,
test_012778,
test_012779,
test_012780,
test_012781,
test_012782,
test_012783,
test_012784,
test_012785,
test_012786,
test_012787,
test_012788,
test_012789,
test_012790,
test_012791,
test_012792,
test_012793,
test_012794,
test_012795,
test_012796,
test_012797,
test_012798,
test_012799,
test_012800,
test_012801,
test_012802,
test_012803,
test_012804,
test_012805,
test_012806,
test_012807,
test_012808,
test_012809,
test_012810,
test_012811,
test_012812,
test_012813,
test_012814,
test_012815,
test_012816,
test_012817,
test_012818,
test_012819,
test_012820,
test_012821,
test_012822,
test_012823,
test_012824,
test_012825,
test_012826,
test_012827,
test_012828,
test_012829,
test_012830,
test_012831,
test_012832,
test_012833,
test_012834,
test_012835,
test_012836,
test_012837,
test_012838,
test_012839,
test_012840,
test_012841,
test_012842,
test_012843,
test_012844,
test_012845,
test_012846,
test_012847,
test_012848,
test_012849,
test_012850,
test_012851,
test_012852,
test_012853,
test_012854,
test_012855,
test_012856,
test_012857,
test_012858,
test_012859,
test_012860,
test_012861,
test_012862,
test_012863,
test_012864,
test_012865,
test_012866,
test_012867,
test_012868,
test_012869,
test_012870,
test_012871,
test_012872,
test_012873,
test_012874,
test_012875,
test_012876,
test_012877,
test_012878,
test_012879,
test_012880,
test_012881,
test_012882,
test_012883,
test_012884,
test_012885,
test_012886,
test_012887,
test_012888,
test_012889,
test_012890,
test_012891,
test_012892,
test_012893,
test_012894,
test_012895,
test_012896,
test_012897,
test_012898,
test_012899,
test_012900,
test_012901,
test_012902,
test_012903,
test_012904,
test_012905,
test_012906,
test_012907,
test_012908,
test_012909,
test_012910,
test_012911,
test_012912,
test_012913,
test_012914,
test_012915,
test_012916,
test_012917,
test_012918,
test_012919,
test_012920,
test_012921,
test_012922,
test_012923,
test_012924,
test_012925,
test_012926,
test_012927,
test_012928,
test_012929,
test_012930,
test_012931,
test_012932,
test_012933,
test_012934,
test_012935,
test_012936,
test_012937,
test_012938,
test_012939,
test_012940,
test_012941,
test_012942,
test_012943,
test_012944,
test_012945,
test_012946,
test_012947,
test_012948,
test_012949,
test_012950,
test_012951,
test_012952,
test_012953,
test_012954,
test_012955,
test_012956,
test_012957,
test_012958,
test_012959,
test_012960,
test_012961,
test_012962,
test_012963,
test_012964,
test_012965,
test_012966,
test_012967,
test_012968,
test_012969,
test_012970,
test_012971,
test_012972,
test_012973,
test_012974,
test_012975,
test_012976,
test_012977,
test_012978,
test_012979,
test_012980,
test_012981,
test_012982,
test_012983,
test_012984,
test_012985,
test_012986,
test_012987,
test_012988,
test_012989,
test_012990,
test_012991,
test_012992,
test_012993,
test_012994,
test_012995,
test_012996,
test_012997,
test_012998,
test_012999,
test_013000,
test_013001,
test_013002,
test_013003,
test_013004,
test_013005,
test_013006,
test_013007,
test_013008,
test_013009,
test_013010,
test_013011,
test_013012,
test_013013,
test_013014,
test_013015,
test_013016,
test_013017,
test_013018,
test_013019,
test_013020,
test_013021,
test_013022,
test_013023,
test_013024,
test_013025,
test_013026,
test_013027,
test_013028,
test_013029,
test_013030,
test_013031,
test_013032,
test_013033,
test_013034,
test_013035,
test_013036,
test_013037,
test_013038,
test_013039,
test_013040,
test_013041,
test_013042,
test_013043,
test_013044,
test_013045,
test_013046,
test_013047,
test_013048,
test_013049,
test_013050,
test_013051,
test_013052,
test_013053,
test_013054,
test_013055,
test_013056,
test_013057,
test_013058,
test_013059,
test_013060,
test_013061,
test_013062,
test_013063,
test_013064,
test_013065,
test_013066,
test_013067,
test_013068,
test_013069,
test_013070,
test_013071,
test_013072,
test_013073,
test_013074,
test_013075,
test_013076,
test_013077,
test_013078,
test_013079,
test_013080,
test_013081,
test_013082,
test_013083,
test_013084,
test_013085,
test_013086,
test_013087,
test_013088,
test_013089,
test_013090,
test_013091,
test_013092,
test_013093,
test_013094,
test_013095,
test_013096,
test_013097,
test_013098,
test_013099,
test_013100,
test_013101,
test_013102,
test_013103,
test_013104,
test_013105,
test_013106,
test_013107,
test_013108,
test_013109,
test_013110,
test_013111,
test_013112,
test_013113,
test_013114,
test_013115,
test_013116,
test_013117,
test_013118,
test_013119,
test_013120,
test_013121,
test_013122,
test_013123,
test_013124,
test_013125,
test_013126,
test_013127,
test_013128,
test_013129,
test_013130,
test_013131,
test_013132,
test_013133,
test_013134,
test_013135,
test_013136,
test_013137,
test_013138,
test_013139,
test_013140,
test_013141,
test_013142,
test_013143,
test_013144,
test_013145,
test_013146,
test_013147,
test_013148,
test_013149,
test_013150,
test_013151,
test_013152,
test_013153,
test_013154,
test_013155,
test_013156,
test_013157,
test_013158,
test_013159,
test_013160,
test_013161,
test_013162,
test_013163,
test_013164,
test_013165,
test_013166,
test_013167,
test_013168,
test_013169,
test_013170,
test_013171,
test_013172,
test_013173,
test_013174,
test_013175,
test_013176,
test_013177,
test_013178,
test_013179,
test_013180,
test_013181,
test_013182,
test_013183,
test_013184,
test_013185,
test_013186,
test_013187,
test_013188,
test_013189,
test_013190,
test_013191,
test_013192,
test_013193,
test_013194,
test_013195,
test_013196,
test_013197,
test_013198,
test_013199,
test_013200,
test_013201,
test_013202,
test_013203,
test_013204,
test_013205,
test_013206,
test_013207,
test_013208,
test_013209,
test_013210,
test_013211,
test_013212,
test_013213,
test_013214,
test_013215,
test_013216,
test_013217,
test_013218,
test_013219,
test_013220,
test_013221,
test_013222,
test_013223,
test_013224,
test_013225,
test_013226,
test_013227,
test_013228,
test_013229,
test_013230,
test_013231,
test_013232,
test_013233,
test_013234,
test_013235,
test_013236,
test_013237,
test_013238,
test_013239,
test_013240,
test_013241,
test_013242,
test_013243,
test_013244,
test_013245,
test_013246,
test_013247,
test_013248,
test_013249,
test_013250,
test_013251,
test_013252,
test_013253,
test_013254,
test_013255,
test_013256,
test_013257,
test_013258,
test_013259,
test_013260,
test_013261,
test_013262,
test_013263,
test_013264,
test_013265,
test_013266,
test_013267,
test_013268,
test_013269,
test_013270,
test_013271,
test_013272,
test_013273,
test_013274,
test_013275,
test_013276,
test_013277,
test_013278,
test_013279,
test_013280,
test_013281,
test_013282,
test_013283,
test_013284,
test_013285,
test_013286,
test_013287,
test_013288,
test_013289,
test_013290,
test_013291,
test_013292,
test_013293,
test_013294,
test_013295,
test_013296,
test_013297,
test_013298,
test_013299,
test_013300,
test_013301,
test_013302,
test_013303,
test_013304,
test_013305,
test_013306,
test_013307,
test_013308,
test_013309,
test_013310,
test_013311,
test_013312,
test_013313,
test_013314,
test_013315,
test_013316,
test_013317,
test_013318,
test_013319,
test_013320,
test_013321,
test_013322,
test_013323,
test_013324,
test_013325,
test_013326,
test_013327,
test_013328,
test_013329,
test_013330,
test_013331,
test_013332,
test_013333,
test_013334,
test_013335,
test_013336,
test_013337,
test_013338,
test_013339,
test_013340,
test_013341,
test_013342,
test_013343,
test_013344,
test_013345,
test_013346,
test_013347,
test_013348,
test_013349,
test_013350,
test_013351,
test_013352,
test_013353,
test_013354,
test_013355,
test_013356,
test_013357,
test_013358,
test_013359,
test_013360,
test_013361,
test_013362,
test_013363,
test_013364,
test_013365,
test_013366,
test_013367,
test_013368,
test_013369,
test_013370,
test_013371,
test_013372,
test_013373,
test_013374,
test_013375,
test_013376,
test_013377,
test_013378,
test_013379,
test_013380,
test_013381,
test_013382,
test_013383,
test_013384,
test_013385,
test_013386,
test_013387,
test_013388,
test_013389,
test_013390,
test_013391,
test_013392,
test_013393,
test_013394,
test_013395,
test_013396,
test_013397,
test_013398,
test_013399,
test_013400,
test_013401,
test_013402,
test_013403,
test_013404,
test_013405,
test_013406,
test_013407,
test_013408,
test_013409,
test_013410,
test_013411,
test_013412,
test_013413,
test_013414,
test_013415,
test_013416,
test_013417,
test_013418,
test_013419,
test_013420,
test_013421,
test_013422,
test_013423,
test_013424,
test_013425,
test_013426,
test_013427,
test_013428,
test_013429,
test_013430,
test_013431,
test_013432,
test_013433,
test_013434,
test_013435,
test_013436,
test_013437,
test_013438,
test_013439,
test_013440,
test_013441,
test_013442,
test_013443,
test_013444,
test_013445,
test_013446,
test_013447,
test_013448,
test_013449,
test_013450,
test_013451,
test_013452,
test_013453,
test_013454,
test_013455,
test_013456,
test_013457,
test_013458,
test_013459,
test_013460,
test_013461,
test_013462,
test_013463,
test_013464,
test_013465,
test_013466,
test_013467,
test_013468,
test_013469,
test_013470,
test_013471,
test_013472,
test_013473,
test_013474,
test_013475,
test_013476,
test_013477,
test_013478,
test_013479,
test_013480,
test_013481,
test_013482,
test_013483,
test_013484,
test_013485,
test_013486,
test_013487,
test_013488,
test_013489,
test_013490,
test_013491,
test_013492,
test_013493,
test_013494,
test_013495,
test_013496,
test_013497,
test_013498,
test_013499,
test_013500,
test_013501,
test_013502,
test_013503,
test_013504,
test_013505,
test_013506,
test_013507,
test_013508,
test_013509,
test_013510,
test_013511,
test_013512,
test_013513,
test_013514,
test_013515,
test_013516,
test_013517,
test_013518,
test_013519,
test_013520,
test_013521,
test_013522,
test_013523,
test_013524,
test_013525,
test_013526,
test_013527,
test_013528,
test_013529,
test_013530,
test_013531,
test_013532,
test_013533,
test_013534,
test_013535,
test_013536,
test_013537,
test_013538,
test_013539,
test_013540,
test_013541,
test_013542,
test_013543,
test_013544,
test_013545,
test_013546,
test_013547,
test_013548,
test_013549,
test_013550,
test_013551,
test_013552,
test_013553,
test_013554,
test_013555,
test_013556,
test_013557,
test_013558,
test_013559,
test_013560,
test_013561,
test_013562,
test_013563,
test_013564,
test_013565,
test_013566,
test_013567,
test_013568,
test_013569,
test_013570,
test_013571,
test_013572,
test_013573,
test_013574,
test_013575,
test_013576,
test_013577,
test_013578,
test_013579,
test_013580,
test_013581,
test_013582,
test_013583,
test_013584,
test_013585,
test_013586,
test_013587,
test_013588,
test_013589,
test_013590,
test_013591,
test_013592,
test_013593,
test_013594,
test_013595,
test_013596,
test_013597,
test_013598,
test_013599,
test_013600,
test_013601,
test_013602,
test_013603,
test_013604,
test_013605,
test_013606,
test_013607,
test_013608,
test_013609,
test_013610,
test_013611,
test_013612,
test_013613,
test_013614,
test_013615,
test_013616,
test_013617,
test_013618,
test_013619,
test_013620,
test_013621,
test_013622,
test_013623,
test_013624,
test_013625,
test_013626,
test_013627,
test_013628,
test_013629,
test_013630,
test_013631,
test_013632,
test_013633,
test_013634,
test_013635,
test_013636,
test_013637,
test_013638,
test_013639,
test_013640,
test_013641,
test_013642,
test_013643,
test_013644,
test_013645,
test_013646,
test_013647,
test_013648,
test_013649,
test_013650,
test_013651,
test_013652,
test_013653,
test_013654,
test_013655,
test_013656,
test_013657,
test_013658,
test_013659,
test_013660,
test_013661,
test_013662,
test_013663,
test_013664,
test_013665,
test_013666,
test_013667,
test_013668,
test_013669,
test_013670,
test_013671,
test_013672,
test_013673,
test_013674,
test_013675,
test_013676,
test_013677,
test_013678,
test_013679,
test_013680,
test_013681,
test_013682,
test_013683,
test_013684,
test_013685,
test_013686,
test_013687,
test_013688,
test_013689,
test_013690,
test_013691,
test_013692,
test_013693,
test_013694,
test_013695,
test_013696,
test_013697,
test_013698,
test_013699,
test_013700,
test_013701,
test_013702,
test_013703,
test_013704,
test_013705,
test_013706,
test_013707,
test_013708,
test_013709,
test_013710,
test_013711,
test_013712,
test_013713,
test_013714,
test_013715,
test_013716,
test_013717,
test_013718,
test_013719,
test_013720,
test_013721,
test_013722,
test_013723,
test_013724,
test_013725,
test_013726,
test_013727,
test_013728,
test_013729,
test_013730,
test_013731,
test_013732,
test_013733,
test_013734,
test_013735,
test_013736,
test_013737,
test_013738,
test_013739,
test_013740,
test_013741,
test_013742,
test_013743,
test_013744,
test_013745,
test_013746,
test_013747,
test_013748,
test_013749,
test_013750,
test_013751,
test_013752,
test_013753,
test_013754,
test_013755,
test_013756,
test_013757,
test_013758,
test_013759,
test_013760,
test_013761,
test_013762,
test_013763,
test_013764,
test_013765,
test_013766,
test_013767,
test_013768,
test_013769,
test_013770,
test_013771,
test_013772,
test_013773,
test_013774,
test_013775,
test_013776,
test_013777,
test_013778,
test_013779,
test_013780,
test_013781,
test_013782,
test_013783,
test_013784,
test_013785,
test_013786,
test_013787,
test_013788,
test_013789,
test_013790,
test_013791,
test_013792,
test_013793,
test_013794,
test_013795,
test_013796,
test_013797,
test_013798,
test_013799,
test_013800,
test_013801,
test_013802,
test_013803,
test_013804,
test_013805,
test_013806,
test_013807,
test_013808,
test_013809,
test_013810,
test_013811,
test_013812,
test_013813,
test_013814,
test_013815,
test_013816,
test_013817,
test_013818,
test_013819,
test_013820,
test_013821,
test_013822,
test_013823,
test_013824,
test_013825,
test_013826,
test_013827,
test_013828,
test_013829,
test_013830,
test_013831,
test_013832,
test_013833,
test_013834,
test_013835,
test_013836,
test_013837,
test_013838,
test_013839,
test_013840,
test_013841,
test_013842,
test_013843,
test_013844,
test_013845,
test_013846,
test_013847,
test_013848,
test_013849,
test_013850,
test_013851,
test_013852,
test_013853,
test_013854,
test_013855,
test_013856,
test_013857,
test_013858,
test_013859,
test_013860,
test_013861,
test_013862,
test_013863,
test_013864,
test_013865,
test_013866,
test_013867,
test_013868,
test_013869,
test_013870,
test_013871,
test_013872,
test_013873,
test_013874,
test_013875,
test_013876,
test_013877,
test_013878,
test_013879,
test_013880,
test_013881,
test_013882,
test_013883,
test_013884,
test_013885,
test_013886,
test_013887,
test_013888,
test_013889,
test_013890,
test_013891,
test_013892,
test_013893,
test_013894,
test_013895,
test_013896,
test_013897,
test_013898,
test_013899,
test_013900,
test_013901,
test_013902,
test_013903,
test_013904,
test_013905,
test_013906,
test_013907,
test_013908,
test_013909,
test_013910,
test_013911,
test_013912,
test_013913,
test_013914,
test_013915,
test_013916,
test_013917,
test_013918,
test_013919,
test_013920,
test_013921,
test_013922,
test_013923,
test_013924,
test_013925,
test_013926,
test_013927,
test_013928,
test_013929,
test_013930,
test_013931,
test_013932,
test_013933,
test_013934,
test_013935,
test_013936,
test_013937,
test_013938,
test_013939,
test_013940,
test_013941,
test_013942,
test_013943,
test_013944,
test_013945,
test_013946,
test_013947,
test_013948,
test_013949,
test_013950,
test_013951,
test_013952,
test_013953,
test_013954,
test_013955,
test_013956,
test_013957,
test_013958,
test_013959,
test_013960,
test_013961,
test_013962,
test_013963,
test_013964,
test_013965,
test_013966,
test_013967,
test_013968,
test_013969,
test_013970,
test_013971,
test_013972,
test_013973,
test_013974,
test_013975,
test_013976,
test_013977,
test_013978,
test_013979,
test_013980,
test_013981,
test_013982,
test_013983,
test_013984,
test_013985,
test_013986,
test_013987,
test_013988,
test_013989,
test_013990,
test_013991,
test_013992,
test_013993,
test_013994,
test_013995,
test_013996,
test_013997,
test_013998,
test_013999,
test_014000,
test_014001,
test_014002,
test_014003,
test_014004,
test_014005,
test_014006,
test_014007,
test_014008,
test_014009,
test_014010,
test_014011,
test_014012,
test_014013,
test_014014,
test_014015,
test_014016,
test_014017,
test_014018,
test_014019,
test_014020,
test_014021,
test_014022,
test_014023,
test_014024,
test_014025,
test_014026,
test_014027,
test_014028,
test_014029,
test_014030,
test_014031,
test_014032,
test_014033,
test_014034,
test_014035,
test_014036,
test_014037,
test_014038,
test_014039,
test_014040,
test_014041,
test_014042,
test_014043,
test_014044,
test_014045,
test_014046,
test_014047,
test_014048,
test_014049,
test_014050,
test_014051,
test_014052,
test_014053,
test_014054,
test_014055,
test_014056,
test_014057,
test_014058,
test_014059,
test_014060,
test_014061,
test_014062,
test_014063,
test_014064,
test_014065,
test_014066,
test_014067,
test_014068,
test_014069,
test_014070,
test_014071,
test_014072,
test_014073,
test_014074,
test_014075,
test_014076,
test_014077,
test_014078,
test_014079,
test_014080,
test_014081,
test_014082,
test_014083,
test_014084,
test_014085,
test_014086,
test_014087,
test_014088,
test_014089,
test_014090,
test_014091,
test_014092,
test_014093,
test_014094,
test_014095,
test_014096,
test_014097,
test_014098,
test_014099,
test_014100,
test_014101,
test_014102,
test_014103,
test_014104,
test_014105,
test_014106,
test_014107,
test_014108,
test_014109,
test_014110,
test_014111,
test_014112,
test_014113,
test_014114,
test_014115,
test_014116,
test_014117,
test_014118,
test_014119,
test_014120,
test_014121,
test_014122,
test_014123,
test_014124,
test_014125,
test_014126,
test_014127,
test_014128,
test_014129,
test_014130,
test_014131,
test_014132,
test_014133,
test_014134,
test_014135,
test_014136,
test_014137,
test_014138,
test_014139,
test_014140,
test_014141,
test_014142,
test_014143,
test_014144,
test_014145,
test_014146,
test_014147,
test_014148,
test_014149,
test_014150,
test_014151,
test_014152,
test_014153,
test_014154,
test_014155,
test_014156,
test_014157,
test_014158,
test_014159,
test_014160,
test_014161,
test_014162,
test_014163,
test_014164,
test_014165,
test_014166,
test_014167,
test_014168,
test_014169,
test_014170,
test_014171,
test_014172,
test_014173,
test_014174,
test_014175,
test_014176,
test_014177,
test_014178,
test_014179,
test_014180,
test_014181,
test_014182,
test_014183,
test_014184,
test_014185,
test_014186,
test_014187,
test_014188,
test_014189,
test_014190,
test_014191,
test_014192,
test_014193,
test_014194,
test_014195,
test_014196,
test_014197,
test_014198,
test_014199,
test_014200,
test_014201,
test_014202,
test_014203,
test_014204,
test_014205,
test_014206,
test_014207,
test_014208,
test_014209,
test_014210,
test_014211,
test_014212,
test_014213,
test_014214,
test_014215,
test_014216,
test_014217,
test_014218,
test_014219,
test_014220,
test_014221,
test_014222,
test_014223,
test_014224,
test_014225,
test_014226,
test_014227,
test_014228,
test_014229,
test_014230,
test_014231,
test_014232,
test_014233,
test_014234,
test_014235,
test_014236,
test_014237,
test_014238,
test_014239,
test_014240,
test_014241,
test_014242,
test_014243,
test_014244,
test_014245,
test_014246,
test_014247,
test_014248,
test_014249,
test_014250,
test_014251,
test_014252,
test_014253,
test_014254,
test_014255,
test_014256,
test_014257,
test_014258,
test_014259,
test_014260,
test_014261,
test_014262,
test_014263,
test_014264,
test_014265,
test_014266,
test_014267,
test_014268,
test_014269,
test_014270,
test_014271,
test_014272,
test_014273,
test_014274,
test_014275,
test_014276,
test_014277,
test_014278,
test_014279,
test_014280,
test_014281,
test_014282,
test_014283,
test_014284,
test_014285,
test_014286,
test_014287,
test_014288,
test_014289,
test_014290,
test_014291,
test_014292,
test_014293,
test_014294,
test_014295,
test_014296,
test_014297,
test_014298,
test_014299,
test_014300,
test_014301,
test_014302,
test_014303,
test_014304,
test_014305,
test_014306,
test_014307,
test_014308,
test_014309,
test_014310,
test_014311,
test_014312,
test_014313,
test_014314,
test_014315,
test_014316,
test_014317,
test_014318,
test_014319,
test_014320,
test_014321,
test_014322,
test_014323,
test_014324,
test_014325,
test_014326,
test_014327,
test_014328,
test_014329,
test_014330,
test_014331,
test_014332,
test_014333,
test_014334,
test_014335,
test_014336,
test_014337,
test_014338,
test_014339,
test_014340,
test_014341,
test_014342,
test_014343,
test_014344,
test_014345,
test_014346,
test_014347,
test_014348,
test_014349,
test_014350,
test_014351,
test_014352,
test_014353,
test_014354,
test_014355,
test_014356,
test_014357,
test_014358,
test_014359,
test_014360,
test_014361,
test_014362,
test_014363,
test_014364,
test_014365,
test_014366,
test_014367,
test_014368,
test_014369,
test_014370,
test_014371,
test_014372,
test_014373,
test_014374,
test_014375,
test_014376,
test_014377,
test_014378,
test_014379,
test_014380,
test_014381,
test_014382,
test_014383,
test_014384,
test_014385,
test_014386,
test_014387,
test_014388,
test_014389,
test_014390,
test_014391,
test_014392,
test_014393,
test_014394,
test_014395,
test_014396,
test_014397,
test_014398,
test_014399,
test_014400,
test_014401,
test_014402,
test_014403,
test_014404,
test_014405,
test_014406,
test_014407,
test_014408,
test_014409,
test_014410,
test_014411,
test_014412,
test_014413,
test_014414,
test_014415,
test_014416,
test_014417,
test_014418,
test_014419,
test_014420,
test_014421,
test_014422,
test_014423,
test_014424,
test_014425,
test_014426,
test_014427,
test_014428,
test_014429,
test_014430,
test_014431,
test_014432,
test_014433,
test_014434,
test_014435,
test_014436,
test_014437,
test_014438,
test_014439,
test_014440,
test_014441,
test_014442,
test_014443,
test_014444,
test_014445,
test_014446,
test_014447,
test_014448,
test_014449,
test_014450,
test_014451,
test_014452,
test_014453,
test_014454,
test_014455,
test_014456,
test_014457,
test_014458,
test_014459,
test_014460,
test_014461,
test_014462,
test_014463,
test_014464,
test_014465,
test_014466,
test_014467,
test_014468,
test_014469,
test_014470,
test_014471,
test_014472,
test_014473,
test_014474,
test_014475,
test_014476,
test_014477,
test_014478,
test_014479,
test_014480,
test_014481,
test_014482,
test_014483,
test_014484,
test_014485,
test_014486,
test_014487,
test_014488,
test_014489,
test_014490,
test_014491,
test_014492,
test_014493,
test_014494,
test_014495,
test_014496,
test_014497,
test_014498,
test_014499,
test_014500,
test_014501,
test_014502,
test_014503,
test_014504,
test_014505,
test_014506,
test_014507,
test_014508,
test_014509,
test_014510,
test_014511,
test_014512,
test_014513,
test_014514,
test_014515,
test_014516,
test_014517,
test_014518,
test_014519,
test_014520,
test_014521,
test_014522,
test_014523,
test_014524,
test_014525,
test_014526,
test_014527,
test_014528,
test_014529,
test_014530,
test_014531,
test_014532,
test_014533,
test_014534,
test_014535,
test_014536,
test_014537,
test_014538,
test_014539,
test_014540,
test_014541,
test_014542,
test_014543,
test_014544,
test_014545,
test_014546,
test_014547,
test_014548,
test_014549,
test_014550,
test_014551,
test_014552,
test_014553,
test_014554,
test_014555,
test_014556,
test_014557,
test_014558,
test_014559,
test_014560,
test_014561,
test_014562,
test_014563,
test_014564,
test_014565,
test_014566,
test_014567,
test_014568,
test_014569,
test_014570,
test_014571,
test_014572,
test_014573,
test_014574,
test_014575,
test_014576,
test_014577,
test_014578,
test_014579,
test_014580,
test_014581,
test_014582,
test_014583,
test_014584,
test_014585,
test_014586,
test_014587,
test_014588,
test_014589,
test_014590,
test_014591,
test_014592,
test_014593,
test_014594,
test_014595,
test_014596,
test_014597,
test_014598,
test_014599,
test_014600,
test_014601,
test_014602,
test_014603,
test_014604,
test_014605,
test_014606,
test_014607,
test_014608,
test_014609,
test_014610,
test_014611,
test_014612,
test_014613,
test_014614,
test_014615,
test_014616,
test_014617,
test_014618,
test_014619,
test_014620,
test_014621,
test_014622,
test_014623,
test_014624,
test_014625,
test_014626,
test_014627,
test_014628,
test_014629,
test_014630,
test_014631,
test_014632,
test_014633,
test_014634,
test_014635,
test_014636,
test_014637,
test_014638,
test_014639,
test_014640,
test_014641,
test_014642,
test_014643,
test_014644,
test_014645,
test_014646,
test_014647,
test_014648,
test_014649,
test_014650,
test_014651,
test_014652,
test_014653,
test_014654,
test_014655,
test_014656,
test_014657,
test_014658,
test_014659,
test_014660,
test_014661,
test_014662,
test_014663,
test_014664,
test_014665,
test_014666,
test_014667,
test_014668,
test_014669,
test_014670,
test_014671,
test_014672,
test_014673,
test_014674,
test_014675,
test_014676,
test_014677,
test_014678,
test_014679,
test_014680,
test_014681,
test_014682,
test_014683,
test_014684,
test_014685,
test_014686,
test_014687,
test_014688,
test_014689,
test_014690,
test_014691,
test_014692,
test_014693,
test_014694,
test_014695,
test_014696,
test_014697,
test_014698,
test_014699,
test_014700,
test_014701,
test_014702,
test_014703,
test_014704,
test_014705,
test_014706,
test_014707,
test_014708,
test_014709,
test_014710,
test_014711,
test_014712,
test_014713,
test_014714,
test_014715,
test_014716,
test_014717,
test_014718,
test_014719,
test_014720,
test_014721,
test_014722,
test_014723,
test_014724,
test_014725,
test_014726,
test_014727,
test_014728,
test_014729,
test_014730,
test_014731,
test_014732,
test_014733,
test_014734,
test_014735,
test_014736,
test_014737,
test_014738,
test_014739,
test_014740,
test_014741,
test_014742,
test_014743,
test_014744,
test_014745,
test_014746,
test_014747,
test_014748,
test_014749,
test_014750,
test_014751,
test_014752,
test_014753,
test_014754,
test_014755,
test_014756,
test_014757,
test_014758,
test_014759,
test_014760,
test_014761,
test_014762,
test_014763,
test_014764,
test_014765,
test_014766,
test_014767,
test_014768,
test_014769,
test_014770,
test_014771,
test_014772,
test_014773,
test_014774,
test_014775,
test_014776,
test_014777,
test_014778,
test_014779,
test_014780,
test_014781,
test_014782,
test_014783,
test_014784,
test_014785,
test_014786,
test_014787,
test_014788,
test_014789,
test_014790,
test_014791,
test_014792,
test_014793,
test_014794,
test_014795,
test_014796,
test_014797,
test_014798,
test_014799,
test_014800,
test_014801,
test_014802,
test_014803,
test_014804,
test_014805,
test_014806,
test_014807,
test_014808,
test_014809,
test_014810,
test_014811,
test_014812,
test_014813,
test_014814,
test_014815,
test_014816,
test_014817,
test_014818,
test_014819,
test_014820,
test_014821,
test_014822,
test_014823,
test_014824,
test_014825,
test_014826,
test_014827,
test_014828,
test_014829,
test_014830,
test_014831,
test_014832,
test_014833,
test_014834,
test_014835,
test_014836,
test_014837,
test_014838,
test_014839,
test_014840,
test_014841,
test_014842,
test_014843,
test_014844,
test_014845,
test_014846,
test_014847,
test_014848,
test_014849,
test_014850,
test_014851,
test_014852,
test_014853,
test_014854,
test_014855,
test_014856,
test_014857,
test_014858,
test_014859,
test_014860,
test_014861,
test_014862,
test_014863,
test_014864,
test_014865,
test_014866,
test_014867,
test_014868,
test_014869,
test_014870,
test_014871,
test_014872,
test_014873,
test_014874,
test_014875,
test_014876,
test_014877,
test_014878,
test_014879,
test_014880,
test_014881,
test_014882,
test_014883,
test_014884,
test_014885,
test_014886,
test_014887,
test_014888,
test_014889,
test_014890,
test_014891,
test_014892,
test_014893,
test_014894,
test_014895,
test_014896,
test_014897,
test_014898,
test_014899,
test_014900,
test_014901,
test_014902,
test_014903,
test_014904,
test_014905,
test_014906,
test_014907,
test_014908,
test_014909,
test_014910,
test_014911,
test_014912,
test_014913,
test_014914,
test_014915,
test_014916,
test_014917,
test_014918,
test_014919,
test_014920,
test_014921,
test_014922,
test_014923,
test_014924,
test_014925,
test_014926,
test_014927,
test_014928,
test_014929,
test_014930,
test_014931,
test_014932,
test_014933,
test_014934,
test_014935,
test_014936,
test_014937,
test_014938,
test_014939,
test_014940,
test_014941,
test_014942,
test_014943,
test_014944,
test_014945,
test_014946,
test_014947,
test_014948,
test_014949,
test_014950,
test_014951,
test_014952,
test_014953,
test_014954,
test_014955,
test_014956,
test_014957,
test_014958,
test_014959,
test_014960,
test_014961,
test_014962,
test_014963,
test_014964,
test_014965,
test_014966,
test_014967,
test_014968,
test_014969,
test_014970,
test_014971,
test_014972,
test_014973,
test_014974,
test_014975,
test_014976,
test_014977,
test_014978,
test_014979,
test_014980,
test_014981,
test_014982,
test_014983,
test_014984,
test_014985,
test_014986,
test_014987,
test_014988,
test_014989,
test_014990,
test_014991,
test_014992,
test_014993,
test_014994,
test_014995,
test_014996,
test_014997,
test_014998,
test_014999,
test_015000,
test_015001,
test_015002,
test_015003,
test_015004,
test_015005,
test_015006,
test_015007,
test_015008,
test_015009,
test_015010,
test_015011,
test_015012,
test_015013,
test_015014,
test_015015,
test_015016,
test_015017,
test_015018,
test_015019,
test_015020,
test_015021,
test_015022,
test_015023,
test_015024,
test_015025,
test_015026,
test_015027,
test_015028,
test_015029,
test_015030,
test_015031,
test_015032,
test_015033,
test_015034,
test_015035,
test_015036,
test_015037,
test_015038,
test_015039,
test_015040,
test_015041,
test_015042,
test_015043,
test_015044,
test_015045,
test_015046,
test_015047,
test_015048,
test_015049,
test_015050,
test_015051,
test_015052,
test_015053,
test_015054,
test_015055,
test_015056,
test_015057,
test_015058,
test_015059,
test_015060,
test_015061,
test_015062,
test_015063,
test_015064,
test_015065,
test_015066,
test_015067,
test_015068,
test_015069,
test_015070,
test_015071,
test_015072,
test_015073,
test_015074,
test_015075,
test_015076,
test_015077,
test_015078,
test_015079,
test_015080,
test_015081,
test_015082,
test_015083,
test_015084,
test_015085,
test_015086,
test_015087,
test_015088,
test_015089,
test_015090,
test_015091,
test_015092,
test_015093,
test_015094,
test_015095,
test_015096,
test_015097,
test_015098,
test_015099,
test_015100,
test_015101,
test_015102,
test_015103,
test_015104,
test_015105,
test_015106,
test_015107,
test_015108,
test_015109,
test_015110,
test_015111,
test_015112,
test_015113,
test_015114,
test_015115,
test_015116,
test_015117,
test_015118,
test_015119,
test_015120,
test_015121,
test_015122,
test_015123,
test_015124,
test_015125,
test_015126,
test_015127,
test_015128,
test_015129,
test_015130,
test_015131,
test_015132,
test_015133,
test_015134,
test_015135,
test_015136,
test_015137,
test_015138,
test_015139,
test_015140,
test_015141,
test_015142,
test_015143,
test_015144,
test_015145,
test_015146,
test_015147,
test_015148,
test_015149,
test_015150,
test_015151,
test_015152,
test_015153,
test_015154,
test_015155,
test_015156,
test_015157,
test_015158,
test_015159,
test_015160,
test_015161,
test_015162,
test_015163,
test_015164,
test_015165,
test_015166,
test_015167,
test_015168,
test_015169,
test_015170,
test_015171,
test_015172,
test_015173,
test_015174,
test_015175,
test_015176,
test_015177,
test_015178,
test_015179,
test_015180,
test_015181,
test_015182,
test_015183,
test_015184,
test_015185,
test_015186,
test_015187,
test_015188,
test_015189,
test_015190,
test_015191,
test_015192,
test_015193,
test_015194,
test_015195,
test_015196,
test_015197,
test_015198,
test_015199,
test_015200,
test_015201,
test_015202,
test_015203,
test_015204,
test_015205,
test_015206,
test_015207,
test_015208,
test_015209,
test_015210,
test_015211,
test_015212,
test_015213,
test_015214,
test_015215,
test_015216,
test_015217,
test_015218,
test_015219,
test_015220,
test_015221,
test_015222,
test_015223,
test_015224,
test_015225,
test_015226,
test_015227,
test_015228,
test_015229,
test_015230,
test_015231,
test_015232,
test_015233,
test_015234,
test_015235,
test_015236,
test_015237,
test_015238,
test_015239,
test_015240,
test_015241,
test_015242,
test_015243,
test_015244,
test_015245,
test_015246,
test_015247,
test_015248,
test_015249,
test_015250,
test_015251,
test_015252,
test_015253,
test_015254,
test_015255,
test_015256,
test_015257,
test_015258,
test_015259,
test_015260,
test_015261,
test_015262,
test_015263,
test_015264,
test_015265,
test_015266,
test_015267,
test_015268,
test_015269,
test_015270,
test_015271,
test_015272,
test_015273,
test_015274,
test_015275,
test_015276,
test_015277,
test_015278,
test_015279,
test_015280,
test_015281,
test_015282,
test_015283,
test_015284,
test_015285,
test_015286,
test_015287,
test_015288,
test_015289,
test_015290,
test_015291,
test_015292,
test_015293,
test_015294,
test_015295,
test_015296,
test_015297,
test_015298,
test_015299,
test_015300,
test_015301,
test_015302,
test_015303,
test_015304,
test_015305,
test_015306,
test_015307,
test_015308,
test_015309,
test_015310,
test_015311,
test_015312,
test_015313,
test_015314,
test_015315,
test_015316,
test_015317,
test_015318,
test_015319,
test_015320,
test_015321,
test_015322,
test_015323,
test_015324,
test_015325,
test_015326,
test_015327,
test_015328,
test_015329,
test_015330,
test_015331,
test_015332,
test_015333,
test_015334,
test_015335,
test_015336,
test_015337,
test_015338,
test_015339,
test_015340,
test_015341,
test_015342,
test_015343,
test_015344,
test_015345,
test_015346,
test_015347,
test_015348,
test_015349,
test_015350,
test_015351,
test_015352,
test_015353,
test_015354,
test_015355,
test_015356,
test_015357,
test_015358,
test_015359,
test_015360,
test_015361,
test_015362,
test_015363,
test_015364,
test_015365,
test_015366,
test_015367,
test_015368,
test_015369,
test_015370,
test_015371,
test_015372,
test_015373,
test_015374,
test_015375,
test_015376,
test_015377,
test_015378,
test_015379,
test_015380,
test_015381,
test_015382,
test_015383,
test_015384,
test_015385,
test_015386,
test_015387,
test_015388,
test_015389,
test_015390,
test_015391,
test_015392,
test_015393,
test_015394,
test_015395,
test_015396,
test_015397,
test_015398,
test_015399,
test_015400,
test_015401,
test_015402,
test_015403,
test_015404,
test_015405,
test_015406,
test_015407,
test_015408,
test_015409,
test_015410,
test_015411,
test_015412,
test_015413,
test_015414,
test_015415,
test_015416,
test_015417,
test_015418,
test_015419,
test_015420,
test_015421,
test_015422,
test_015423,
test_015424,
test_015425,
test_015426,
test_015427,
test_015428,
test_015429,
test_015430,
test_015431,
test_015432,
test_015433,
test_015434,
test_015435,
test_015436,
test_015437,
test_015438,
test_015439,
test_015440,
test_015441,
test_015442,
test_015443,
test_015444,
test_015445,
test_015446,
test_015447,
test_015448,
test_015449,
test_015450,
test_015451,
test_015452,
test_015453,
test_015454,
test_015455,
test_015456,
test_015457,
test_015458,
test_015459,
test_015460,
test_015461,
test_015462,
test_015463,
test_015464,
test_015465,
test_015466,
test_015467,
test_015468,
test_015469,
test_015470,
test_015471,
test_015472,
test_015473,
test_015474,
test_015475,
test_015476,
test_015477,
test_015478,
test_015479,
test_015480,
test_015481,
test_015482,
test_015483,
test_015484,
test_015485,
test_015486,
test_015487,
test_015488,
test_015489,
test_015490,
test_015491,
test_015492,
test_015493,
test_015494,
test_015495,
test_015496,
test_015497,
test_015498,
test_015499,
test_015500,
test_015501,
test_015502,
test_015503,
test_015504,
test_015505,
test_015506,
test_015507,
test_015508,
test_015509,
test_015510,
test_015511,
test_015512,
test_015513,
test_015514,
test_015515,
test_015516,
test_015517,
test_015518,
test_015519,
test_015520,
test_015521,
test_015522,
test_015523,
test_015524,
test_015525,
test_015526,
test_015527,
test_015528,
test_015529,
test_015530,
test_015531,
test_015532,
test_015533,
test_015534,
test_015535,
test_015536,
test_015537,
test_015538,
test_015539,
test_015540,
test_015541,
test_015542,
test_015543,
test_015544,
test_015545,
test_015546,
test_015547,
test_015548,
test_015549,
test_015550,
test_015551,
test_015552,
test_015553,
test_015554,
test_015555,
test_015556,
test_015557,
test_015558,
test_015559,
test_015560,
test_015561,
test_015562,
test_015563,
test_015564,
test_015565,
test_015566,
test_015567,
test_015568,
test_015569,
test_015570,
test_015571,
test_015572,
test_015573,
test_015574,
test_015575,
test_015576,
test_015577,
test_015578,
test_015579,
test_015580,
test_015581,
test_015582,
test_015583,
test_015584,
test_015585,
test_015586,
test_015587,
test_015588,
test_015589,
test_015590,
test_015591,
test_015592,
test_015593,
test_015594,
test_015595,
test_015596,
test_015597,
test_015598,
test_015599,
test_015600,
test_015601,
test_015602,
test_015603,
test_015604,
test_015605,
test_015606,
test_015607,
test_015608,
test_015609,
test_015610,
test_015611,
test_015612,
test_015613,
test_015614,
test_015615,
test_015616,
test_015617,
test_015618,
test_015619,
test_015620,
test_015621,
test_015622,
test_015623,
test_015624,
test_015625,
test_015626,
test_015627,
test_015628,
test_015629,
test_015630,
test_015631,
test_015632,
test_015633,
test_015634,
test_015635,
test_015636,
test_015637,
test_015638,
test_015639,
test_015640,
test_015641,
test_015642,
test_015643,
test_015644,
test_015645,
test_015646,
test_015647,
test_015648,
test_015649,
test_015650,
test_015651,
test_015652,
test_015653,
test_015654,
test_015655,
test_015656,
test_015657,
test_015658,
test_015659,
test_015660,
test_015661,
test_015662,
test_015663,
test_015664,
test_015665,
test_015666,
test_015667,
test_015668,
test_015669,
test_015670,
test_015671,
test_015672,
test_015673,
test_015674,
test_015675,
test_015676,
test_015677,
test_015678,
test_015679,
test_015680,
test_015681,
test_015682,
test_015683,
test_015684,
test_015685,
test_015686,
test_015687,
test_015688,
test_015689,
test_015690,
test_015691,
test_015692,
test_015693,
test_015694,
test_015695,
test_015696,
test_015697,
test_015698,
test_015699,
test_015700,
test_015701,
test_015702,
test_015703,
test_015704,
test_015705,
test_015706,
test_015707,
test_015708,
test_015709,
test_015710,
test_015711,
test_015712,
test_015713,
test_015714,
test_015715,
test_015716,
test_015717,
test_015718,
test_015719,
test_015720,
test_015721,
test_015722,
test_015723,
test_015724,
test_015725,
test_015726,
test_015727,
test_015728,
test_015729,
test_015730,
test_015731,
test_015732,
test_015733,
test_015734,
test_015735,
test_015736,
test_015737,
test_015738,
test_015739,
test_015740,
test_015741,
test_015742,
test_015743,
test_015744,
test_015745,
test_015746,
test_015747,
test_015748,
test_015749,
test_015750,
test_015751,
test_015752,
test_015753,
test_015754,
test_015755,
test_015756,
test_015757,
test_015758,
test_015759,
test_015760,
test_015761,
test_015762,
test_015763,
test_015764,
test_015765,
test_015766,
test_015767,
test_015768,
test_015769,
test_015770,
test_015771,
test_015772,
test_015773,
test_015774,
test_015775,
test_015776,
test_015777,
test_015778,
test_015779,
test_015780,
test_015781,
test_015782,
test_015783,
test_015784,
test_015785,
test_015786,
test_015787,
test_015788,
test_015789,
test_015790,
test_015791,
test_015792,
test_015793,
test_015794,
test_015795,
test_015796,
test_015797,
test_015798,
test_015799,
test_015800,
test_015801,
test_015802,
test_015803,
test_015804,
test_015805,
test_015806,
test_015807,
test_015808,
test_015809,
test_015810,
test_015811,
test_015812,
test_015813,
test_015814,
test_015815,
test_015816,
test_015817,
test_015818,
test_015819,
test_015820,
test_015821,
test_015822,
test_015823,
test_015824,
test_015825,
test_015826,
test_015827,
test_015828,
test_015829,
test_015830,
test_015831,
test_015832,
test_015833,
test_015834,
test_015835,
test_015836,
test_015837,
test_015838,
test_015839,
test_015840,
test_015841,
test_015842,
test_015843,
test_015844,
test_015845,
test_015846,
test_015847,
test_015848,
test_015849,
test_015850,
test_015851,
test_015852,
test_015853,
test_015854,
test_015855,
test_015856,
test_015857,
test_015858,
test_015859,
test_015860,
test_015861,
test_015862,
test_015863,
test_015864,
test_015865,
test_015866,
test_015867,
test_015868,
test_015869,
test_015870,
test_015871,
test_015872,
test_015873,
test_015874,
test_015875,
test_015876,
test_015877,
test_015878,
test_015879,
test_015880,
test_015881,
test_015882,
test_015883,
test_015884,
test_015885,
test_015886,
test_015887,
test_015888,
test_015889,
test_015890,
test_015891,
test_015892,
test_015893,
test_015894,
test_015895,
test_015896,
test_015897,
test_015898,
test_015899,
test_015900,
test_015901,
test_015902,
test_015903,
test_015904,
test_015905,
test_015906,
test_015907,
test_015908,
test_015909,
test_015910,
test_015911,
test_015912,
test_015913,
test_015914,
test_015915,
test_015916,
test_015917,
test_015918,
test_015919,
test_015920,
test_015921,
test_015922,
test_015923,
test_015924,
test_015925,
test_015926,
test_015927,
test_015928,
test_015929,
test_015930,
test_015931,
test_015932,
test_015933,
test_015934,
test_015935,
test_015936,
test_015937,
test_015938,
test_015939,
test_015940,
test_015941,
test_015942,
test_015943,
test_015944,
test_015945,
test_015946,
test_015947,
test_015948,
test_015949,
test_015950,
test_015951,
test_015952,
test_015953,
test_015954,
test_015955,
test_015956,
test_015957,
test_015958,
test_015959,
test_015960,
test_015961,
test_015962,
test_015963,
test_015964,
test_015965,
test_015966,
test_015967,
test_015968,
test_015969,
test_015970,
test_015971,
test_015972,
test_015973,
test_015974,
test_015975,
test_015976,
test_015977,
test_015978,
test_015979,
test_015980,
test_015981,
test_015982,
test_015983,
test_015984,
test_015985,
test_015986,
test_015987,
test_015988,
test_015989,
test_015990,
test_015991,
test_015992,
test_015993,
test_015994,
test_015995,
test_015996,
test_015997,
test_015998,
test_015999,
test_016000,
test_016001,
test_016002,
test_016003,
test_016004,
test_016005,
test_016006,
test_016007,
test_016008,
test_016009,
test_016010,
test_016011,
test_016012,
test_016013,
test_016014,
test_016015,
test_016016,
test_016017,
test_016018,
test_016019,
test_016020,
test_016021,
test_016022,
test_016023,
test_016024,
test_016025,
test_016026,
test_016027,
test_016028,
test_016029,
test_016030,
test_016031,
test_016032,
test_016033,
test_016034,
test_016035,
test_016036,
test_016037,
test_016038,
test_016039,
test_016040,
test_016041,
test_016042,
test_016043,
test_016044,
test_016045,
test_016046,
test_016047,
test_016048,
test_016049,
test_016050,
test_016051,
test_016052,
test_016053,
test_016054,
test_016055,
test_016056,
test_016057,
test_016058,
test_016059,
test_016060,
test_016061,
test_016062,
test_016063,
test_016064,
test_016065,
test_016066,
test_016067,
test_016068,
test_016069,
test_016070,
test_016071,
test_016072,
test_016073,
test_016074,
test_016075,
test_016076,
test_016077,
test_016078,
test_016079,
test_016080,
test_016081,
test_016082,
test_016083,
test_016084,
test_016085,
test_016086,
test_016087,
test_016088,
test_016089,
test_016090,
test_016091,
test_016092,
test_016093,
test_016094,
test_016095,
test_016096,
test_016097,
test_016098,
test_016099,
test_016100,
test_016101,
test_016102,
test_016103,
test_016104,
test_016105,
test_016106,
test_016107,
test_016108,
test_016109,
test_016110,
test_016111,
test_016112,
test_016113,
test_016114,
test_016115,
test_016116,
test_016117,
test_016118,
test_016119,
test_016120,
test_016121,
test_016122,
test_016123,
test_016124,
test_016125,
test_016126,
test_016127,
test_016128,
test_016129,
test_016130,
test_016131,
test_016132,
test_016133,
test_016134,
test_016135,
test_016136,
test_016137,
test_016138,
test_016139,
test_016140,
test_016141,
test_016142,
test_016143,
test_016144,
test_016145,
test_016146,
test_016147,
test_016148,
test_016149,
test_016150,
test_016151,
test_016152,
test_016153,
test_016154,
test_016155,
test_016156,
test_016157,
test_016158,
test_016159,
test_016160,
test_016161,
test_016162,
test_016163,
test_016164,
test_016165,
test_016166,
test_016167,
test_016168,
test_016169,
test_016170,
test_016171,
test_016172,
test_016173,
test_016174,
test_016175,
test_016176,
test_016177,
test_016178,
test_016179,
test_016180,
test_016181,
test_016182,
test_016183,
test_016184,
test_016185,
test_016186,
test_016187,
test_016188,
test_016189,
test_016190,
test_016191,
test_016192,
test_016193,
test_016194,
test_016195,
test_016196,
test_016197,
test_016198,
test_016199,
test_016200,
test_016201,
test_016202,
test_016203,
test_016204,
test_016205,
test_016206,
test_016207,
test_016208,
test_016209,
test_016210,
test_016211,
test_016212,
test_016213,
test_016214,
test_016215,
test_016216,
test_016217,
test_016218,
test_016219,
test_016220,
test_016221,
test_016222,
test_016223,
test_016224,
test_016225,
test_016226,
test_016227,
test_016228,
test_016229,
test_016230,
test_016231,
test_016232,
test_016233,
test_016234,
test_016235,
test_016236,
test_016237,
test_016238,
test_016239,
test_016240,
test_016241,
test_016242,
test_016243,
test_016244,
test_016245,
test_016246,
test_016247,
test_016248,
test_016249,
test_016250,
test_016251,
test_016252,
test_016253,
test_016254,
test_016255,
test_016256,
test_016257,
test_016258,
test_016259,
test_016260,
test_016261,
test_016262,
test_016263,
test_016264,
test_016265,
test_016266,
test_016267,
test_016268,
test_016269,
test_016270,
test_016271,
test_016272,
test_016273,
test_016274,
test_016275,
test_016276,
test_016277,
test_016278,
test_016279,
test_016280,
test_016281,
test_016282,
test_016283,
test_016284,
test_016285,
test_016286,
test_016287,
test_016288,
test_016289,
test_016290,
test_016291,
test_016292,
test_016293,
test_016294,
test_016295,
test_016296,
test_016297,
test_016298,
test_016299,
test_016300,
test_016301,
test_016302,
test_016303,
test_016304,
test_016305,
test_016306,
test_016307,
test_016308,
test_016309,
test_016310,
test_016311,
test_016312,
test_016313,
test_016314,
test_016315,
test_016316,
test_016317,
test_016318,
test_016319,
test_016320,
test_016321,
test_016322,
test_016323,
test_016324,
test_016325,
test_016326,
test_016327,
test_016328,
test_016329,
test_016330,
test_016331,
test_016332,
test_016333,
test_016334,
test_016335,
test_016336,
test_016337,
test_016338,
test_016339,
test_016340,
test_016341,
test_016342,
test_016343,
test_016344,
test_016345,
test_016346,
test_016347,
test_016348,
test_016349,
test_016350,
test_016351,
test_016352,
test_016353,
test_016354,
test_016355,
test_016356,
test_016357,
test_016358,
test_016359,
test_016360,
test_016361,
test_016362,
test_016363,
test_016364,
test_016365,
test_016366,
test_016367,
test_016368,
test_016369,
test_016370,
test_016371,
test_016372,
test_016373,
test_016374,
test_016375,
test_016376,
test_016377,
test_016378,
test_016379,
test_016380,
test_016381,
test_016382,
test_016383,
test_016384,
test_016385,
test_016386,
test_016387,
test_016388,
test_016389,
test_016390,
test_016391,
test_016392,
test_016393,
test_016394,
test_016395,
test_016396,
test_016397,
test_016398,
test_016399,
test_016400,
test_016401,
test_016402,
test_016403,
test_016404,
test_016405,
test_016406,
test_016407,
test_016408,
test_016409,
test_016410,
test_016411,
test_016412,
test_016413,
test_016414,
test_016415,
test_016416,
test_016417,
test_016418,
test_016419,
test_016420,
test_016421,
test_016422,
test_016423,
test_016424,
test_016425,
test_016426,
test_016427,
test_016428,
test_016429,
test_016430,
test_016431,
test_016432,
test_016433,
test_016434,
test_016435,
test_016436,
test_016437,
test_016438,
test_016439,
test_016440,
test_016441,
test_016442,
test_016443,
test_016444,
test_016445,
test_016446,
test_016447,
test_016448,
test_016449,
test_016450,
test_016451,
test_016452,
test_016453,
test_016454,
test_016455,
test_016456,
test_016457,
test_016458,
test_016459,
test_016460,
test_016461,
test_016462,
test_016463,
test_016464,
test_016465,
test_016466,
test_016467,
test_016468,
test_016469,
test_016470,
test_016471,
test_016472,
test_016473,
test_016474,
test_016475,
test_016476,
test_016477,
test_016478,
test_016479,
test_016480,
test_016481,
test_016482,
test_016483,
test_016484,
test_016485,
test_016486,
test_016487,
test_016488,
test_016489,
test_016490,
test_016491,
test_016492,
test_016493,
test_016494,
test_016495,
test_016496,
test_016497,
test_016498,
test_016499,
test_016500,
test_016501,
test_016502,
test_016503,
test_016504,
test_016505,
test_016506,
test_016507,
test_016508,
test_016509,
test_016510,
test_016511,
test_016512,
test_016513,
test_016514,
test_016515,
test_016516,
test_016517,
test_016518,
test_016519,
test_016520,
test_016521,
test_016522,
test_016523,
test_016524,
test_016525,
test_016526,
test_016527,
test_016528,
test_016529,
test_016530,
test_016531,
test_016532,
test_016533,
test_016534,
test_016535,
test_016536,
test_016537,
test_016538,
test_016539,
test_016540,
test_016541,
test_016542,
test_016543,
test_016544,
test_016545,
test_016546,
test_016547,
test_016548,
test_016549,
test_016550,
test_016551,
test_016552,
test_016553,
test_016554,
test_016555,
test_016556,
test_016557,
test_016558,
test_016559,
test_016560,
test_016561,
test_016562,
test_016563,
test_016564,
test_016565,
test_016566,
test_016567,
test_016568,
test_016569,
test_016570,
test_016571,
test_016572,
test_016573,
test_016574,
test_016575,
test_016576,
test_016577,
test_016578,
test_016579,
test_016580,
test_016581,
test_016582,
test_016583,
test_016584,
test_016585,
test_016586,
test_016587,
test_016588,
test_016589,
test_016590,
test_016591,
test_016592,
test_016593,
test_016594,
test_016595,
test_016596,
test_016597,
test_016598,
test_016599,
test_016600,
test_016601,
test_016602,
test_016603,
test_016604,
test_016605,
test_016606,
test_016607,
test_016608,
test_016609,
test_016610,
test_016611,
test_016612,
test_016613,
test_016614,
test_016615,
test_016616,
test_016617,
test_016618,
test_016619,
test_016620,
test_016621,
test_016622,
test_016623,
test_016624,
test_016625,
test_016626,
test_016627,
test_016628,
test_016629,
test_016630,
test_016631,
test_016632,
test_016633,
test_016634,
test_016635,
test_016636,
test_016637,
test_016638,
test_016639,
test_016640,
test_016641,
test_016642,
test_016643,
test_016644,
test_016645,
test_016646,
test_016647,
test_016648,
test_016649,
test_016650,
test_016651,
test_016652,
test_016653,
test_016654,
test_016655,
test_016656,
test_016657,
test_016658,
test_016659,
test_016660,
test_016661,
test_016662,
test_016663,
test_016664,
test_016665,
test_016666,
test_016667,
test_016668,
test_016669,
test_016670,
test_016671,
test_016672,
test_016673,
test_016674,
test_016675,
test_016676,
test_016677,
test_016678,
test_016679,
test_016680,
test_016681,
test_016682,
test_016683,
test_016684,
test_016685,
test_016686,
test_016687,
test_016688,
test_016689,
test_016690,
test_016691,
test_016692,
test_016693,
test_016694,
test_016695,
test_016696,
test_016697,
test_016698,
test_016699,
test_016700,
test_016701,
test_016702,
test_016703,
test_016704,
test_016705,
test_016706,
test_016707,
test_016708,
test_016709,
test_016710,
test_016711,
test_016712,
test_016713,
test_016714,
test_016715,
test_016716,
test_016717,
test_016718,
test_016719,
test_016720,
test_016721,
test_016722,
test_016723,
test_016724,
test_016725,
test_016726,
test_016727,
test_016728,
test_016729,
test_016730,
test_016731,
test_016732,
test_016733,
test_016734,
test_016735,
test_016736,
test_016737,
test_016738,
test_016739,
test_016740,
test_016741,
test_016742,
test_016743,
test_016744,
test_016745,
test_016746,
test_016747,
test_016748,
test_016749,
test_016750,
test_016751,
test_016752,
test_016753,
test_016754,
test_016755,
test_016756,
test_016757,
test_016758,
test_016759,
test_016760,
test_016761,
test_016762,
test_016763,
test_016764,
test_016765,
test_016766,
test_016767,
test_016768,
test_016769,
test_016770,
test_016771,
test_016772,
test_016773,
test_016774,
test_016775,
test_016776,
test_016777,
test_016778,
test_016779,
test_016780,
test_016781,
test_016782,
test_016783,
test_016784,
test_016785,
test_016786,
test_016787,
test_016788,
test_016789,
test_016790,
test_016791,
test_016792,
test_016793,
test_016794,
test_016795,
test_016796,
test_016797,
test_016798,
test_016799,
test_016800,
test_016801,
test_016802,
test_016803,
test_016804,
test_016805,
test_016806,
test_016807,
test_016808,
test_016809,
test_016810,
test_016811,
test_016812,
test_016813,
test_016814,
test_016815,
test_016816,
test_016817,
test_016818,
test_016819,
test_016820,
test_016821,
test_016822,
test_016823,
test_016824,
test_016825,
test_016826,
test_016827,
test_016828,
test_016829,
test_016830,
test_016831,
test_016832,
test_016833,
test_016834,
test_016835,
test_016836,
test_016837,
test_016838,
test_016839,
test_016840,
test_016841,
test_016842,
test_016843,
test_016844,
test_016845,
test_016846,
test_016847,
test_016848,
test_016849,
test_016850,
test_016851,
test_016852,
test_016853,
test_016854,
test_016855,
test_016856,
test_016857,
test_016858,
test_016859,
test_016860,
test_016861,
test_016862,
test_016863,
test_016864,
test_016865,
test_016866,
test_016867,
test_016868,
test_016869,
test_016870,
test_016871,
test_016872,
test_016873,
test_016874,
test_016875,
test_016876,
test_016877,
test_016878,
test_016879,
test_016880,
test_016881,
test_016882,
test_016883,
test_016884,
test_016885,
test_016886,
test_016887,
test_016888,
test_016889,
test_016890,
test_016891,
test_016892,
test_016893,
test_016894,
test_016895,
test_016896,
test_016897,
test_016898,
test_016899,
test_016900,
test_016901,
test_016902,
test_016903,
test_016904,
test_016905,
test_016906,
test_016907,
test_016908,
test_016909,
test_016910,
test_016911,
test_016912,
test_016913,
test_016914,
test_016915,
test_016916,
test_016917,
test_016918,
test_016919,
test_016920,
test_016921,
test_016922,
test_016923,
test_016924,
test_016925,
test_016926,
test_016927,
test_016928,
test_016929,
test_016930,
test_016931,
test_016932,
test_016933,
test_016934,
test_016935,
test_016936,
test_016937,
test_016938,
test_016939,
test_016940,
test_016941,
test_016942,
test_016943,
test_016944,
test_016945,
test_016946,
test_016947,
test_016948,
test_016949,
test_016950,
test_016951,
test_016952,
test_016953,
test_016954,
test_016955,
test_016956,
test_016957,
test_016958,
test_016959,
test_016960,
test_016961,
test_016962,
test_016963,
test_016964,
test_016965,
test_016966,
test_016967,
test_016968,
test_016969,
test_016970,
test_016971,
test_016972,
test_016973,
test_016974,
test_016975,
test_016976,
test_016977,
test_016978,
test_016979,
test_016980,
test_016981,
test_016982,
test_016983,
test_016984,
test_016985,
test_016986,
test_016987,
test_016988,
test_016989,
test_016990,
test_016991,
test_016992,
test_016993,
test_016994,
test_016995,
test_016996,
test_016997,
test_016998,
test_016999,
test_017000,
test_017001,
test_017002,
test_017003,
test_017004,
test_017005,
test_017006,
test_017007,
test_017008,
test_017009,
test_017010,
test_017011,
test_017012,
test_017013,
test_017014,
test_017015,
test_017016,
test_017017,
test_017018,
test_017019,
test_017020,
test_017021,
test_017022,
test_017023,
test_017024,
test_017025,
test_017026,
test_017027,
test_017028,
test_017029,
test_017030,
test_017031,
test_017032,
test_017033,
test_017034,
test_017035,
test_017036,
test_017037,
test_017038,
test_017039,
test_017040,
test_017041,
test_017042,
test_017043,
test_017044,
test_017045,
test_017046,
test_017047,
test_017048,
test_017049,
test_017050,
test_017051,
test_017052,
test_017053,
test_017054,
test_017055,
test_017056,
test_017057,
test_017058,
test_017059,
test_017060,
test_017061,
test_017062,
test_017063,
test_017064,
test_017065,
test_017066,
test_017067,
test_017068,
test_017069,
test_017070,
test_017071,
test_017072,
test_017073,
test_017074,
test_017075,
test_017076,
test_017077,
test_017078,
test_017079,
test_017080,
test_017081,
test_017082,
test_017083,
test_017084,
test_017085,
test_017086,
test_017087,
test_017088,
test_017089,
test_017090,
test_017091,
test_017092,
test_017093,
test_017094,
test_017095,
test_017096,
test_017097,
test_017098,
test_017099,
test_017100,
test_017101,
test_017102,
test_017103,
test_017104,
test_017105,
test_017106,
test_017107,
test_017108,
test_017109,
test_017110,
test_017111,
test_017112,
test_017113,
test_017114,
test_017115,
test_017116,
test_017117,
test_017118,
test_017119,
test_017120,
test_017121,
test_017122,
test_017123,
test_017124,
test_017125,
test_017126,
test_017127,
test_017128,
test_017129,
test_017130,
test_017131,
test_017132,
test_017133,
test_017134,
test_017135,
test_017136,
test_017137,
test_017138,
test_017139,
test_017140,
test_017141,
test_017142,
test_017143,
test_017144,
test_017145,
test_017146,
test_017147,
test_017148,
test_017149,
test_017150,
test_017151,
test_017152,
test_017153,
test_017154,
test_017155,
test_017156,
test_017157,
test_017158,
test_017159,
test_017160,
test_017161,
test_017162,
test_017163,
test_017164,
test_017165,
test_017166,
test_017167,
test_017168,
test_017169,
test_017170,
test_017171,
test_017172,
test_017173,
test_017174,
test_017175,
test_017176,
test_017177,
test_017178,
test_017179,
test_017180,
test_017181,
test_017182,
test_017183,
test_017184,
test_017185,
test_017186,
test_017187,
test_017188,
test_017189,
test_017190,
test_017191,
test_017192,
test_017193,
test_017194,
test_017195,
test_017196,
test_017197,
test_017198,
test_017199,
test_017200,
test_017201,
test_017202,
test_017203,
test_017204,
test_017205,
test_017206,
test_017207,
test_017208,
test_017209,
test_017210,
test_017211,
test_017212,
test_017213,
test_017214,
test_017215,
test_017216,
test_017217,
test_017218,
test_017219,
test_017220,
test_017221,
test_017222,
test_017223,
test_017224,
test_017225,
test_017226,
test_017227,
test_017228,
test_017229,
test_017230,
test_017231,
test_017232,
test_017233,
test_017234,
test_017235,
test_017236,
test_017237,
test_017238,
test_017239,
test_017240,
test_017241,
test_017242,
test_017243,
test_017244,
test_017245,
test_017246,
test_017247,
test_017248,
test_017249,
test_017250,
test_017251,
test_017252,
test_017253,
test_017254,
test_017255,
test_017256,
test_017257,
test_017258,
test_017259,
test_017260,
test_017261,
test_017262,
test_017263,
test_017264,
test_017265,
test_017266,
test_017267,
test_017268,
test_017269,
test_017270,
test_017271,
test_017272,
test_017273,
test_017274,
test_017275,
test_017276,
test_017277,
test_017278,
test_017279,
test_017280,
test_017281,
test_017282,
test_017283,
test_017284,
test_017285,
test_017286,
test_017287,
test_017288,
test_017289,
test_017290,
test_017291,
test_017292,
test_017293,
test_017294,
test_017295,
test_017296,
test_017297,
test_017298,
test_017299,
test_017300,
test_017301,
test_017302,
test_017303,
test_017304,
test_017305,
test_017306,
test_017307,
test_017308,
test_017309,
test_017310,
test_017311,
test_017312,
test_017313,
test_017314,
test_017315,
test_017316,
test_017317,
test_017318,
test_017319,
test_017320,
test_017321,
test_017322,
test_017323,
test_017324,
test_017325,
test_017326,
test_017327,
test_017328,
test_017329,
test_017330,
test_017331,
test_017332,
test_017333,
test_017334,
test_017335,
test_017336,
test_017337,
test_017338,
test_017339,
test_017340,
test_017341,
test_017342,
test_017343,
test_017344,
test_017345,
test_017346,
test_017347,
test_017348,
test_017349,
test_017350,
test_017351,
test_017352,
test_017353,
test_017354,
test_017355,
test_017356,
test_017357,
test_017358,
test_017359,
test_017360,
test_017361,
test_017362,
test_017363,
test_017364,
test_017365,
test_017366,
test_017367,
test_017368,
test_017369,
test_017370,
test_017371,
test_017372,
test_017373,
test_017374,
test_017375,
test_017376,
test_017377,
test_017378,
test_017379,
test_017380,
test_017381,
test_017382,
test_017383,
test_017384,
test_017385,
test_017386,
test_017387,
test_017388,
test_017389,
test_017390,
test_017391,
test_017392,
test_017393,
test_017394,
test_017395,
test_017396,
test_017397,
test_017398,
test_017399,
test_017400,
test_017401,
test_017402,
test_017403,
test_017404,
test_017405,
test_017406,
test_017407,
test_017408,
test_017409,
test_017410,
test_017411,
test_017412,
test_017413,
test_017414,
test_017415,
test_017416,
test_017417,
test_017418,
test_017419,
test_017420,
test_017421,
test_017422,
test_017423,
test_017424,
test_017425,
test_017426,
test_017427,
test_017428,
test_017429,
test_017430,
test_017431,
test_017432,
test_017433,
test_017434,
test_017435,
test_017436,
test_017437,
test_017438,
test_017439,
test_017440,
test_017441,
test_017442,
test_017443,
test_017444,
test_017445,
test_017446,
test_017447,
test_017448,
test_017449,
test_017450,
test_017451,
test_017452,
test_017453,
test_017454,
test_017455,
test_017456,
test_017457,
test_017458,
test_017459,
test_017460,
test_017461,
test_017462,
test_017463,
test_017464,
test_017465,
test_017466,
test_017467,
test_017468,
test_017469,
test_017470,
test_017471,
test_017472,
test_017473,
test_017474,
test_017475,
test_017476,
test_017477,
test_017478,
test_017479,
test_017480,
test_017481,
test_017482,
test_017483,
test_017484,
test_017485,
test_017486,
test_017487,
test_017488,
test_017489,
test_017490,
test_017491,
test_017492,
test_017493,
test_017494,
test_017495,
test_017496,
test_017497,
test_017498,
test_017499,
test_017500,
test_017501,
test_017502,
test_017503,
test_017504,
test_017505,
test_017506,
test_017507,
test_017508,
test_017509,
test_017510,
test_017511,
test_017512,
test_017513,
test_017514,
test_017515,
test_017516,
test_017517,
test_017518,
test_017519,
test_017520,
test_017521,
test_017522,
test_017523,
test_017524,
test_017525,
test_017526,
test_017527,
test_017528,
test_017529,
test_017530,
test_017531,
test_017532,
test_017533,
test_017534,
test_017535,
test_017536,
test_017537,
test_017538,
test_017539,
test_017540,
test_017541,
test_017542,
test_017543,
test_017544,
test_017545,
test_017546,
test_017547,
test_017548,
test_017549,
test_017550,
test_017551,
test_017552,
test_017553,
test_017554,
test_017555,
test_017556,
test_017557,
test_017558,
test_017559,
test_017560,
test_017561,
test_017562,
test_017563,
test_017564,
test_017565,
test_017566,
test_017567,
test_017568,
test_017569,
test_017570,
test_017571,
test_017572,
test_017573,
test_017574,
test_017575,
test_017576,
test_017577,
test_017578,
test_017579,
test_017580,
test_017581,
test_017582,
test_017583,
test_017584,
test_017585,
test_017586,
test_017587,
test_017588,
test_017589,
test_017590,
test_017591,
test_017592,
test_017593,
test_017594,
test_017595,
test_017596,
test_017597,
test_017598,
test_017599,
test_017600,
test_017601,
test_017602,
test_017603,
test_017604,
test_017605,
test_017606,
test_017607,
test_017608,
test_017609,
test_017610,
test_017611,
test_017612,
test_017613,
test_017614,
test_017615,
test_017616,
test_017617,
test_017618,
test_017619,
test_017620,
test_017621,
test_017622,
test_017623,
test_017624,
test_017625,
test_017626,
test_017627,
test_017628,
test_017629,
test_017630,
test_017631,
test_017632,
test_017633,
test_017634,
test_017635,
test_017636,
test_017637,
test_017638,
test_017639,
test_017640,
test_017641,
test_017642,
test_017643,
test_017644,
test_017645,
test_017646,
test_017647,
test_017648,
test_017649,
test_017650,
test_017651,
test_017652,
test_017653,
test_017654,
test_017655,
test_017656,
test_017657,
test_017658,
test_017659,
test_017660,
test_017661,
test_017662,
test_017663,
test_017664,
test_017665,
test_017666,
test_017667,
test_017668,
test_017669,
test_017670,
test_017671,
test_017672,
test_017673,
test_017674,
test_017675,
test_017676,
test_017677,
test_017678,
test_017679,
test_017680,
test_017681,
test_017682,
test_017683,
test_017684,
test_017685,
test_017686,
test_017687,
test_017688,
test_017689,
test_017690,
test_017691,
test_017692,
test_017693,
test_017694,
test_017695,
test_017696,
test_017697,
test_017698,
test_017699,
test_017700,
test_017701,
test_017702,
test_017703,
test_017704,
test_017705,
test_017706,
test_017707,
test_017708,
test_017709,
test_017710,
test_017711,
test_017712,
test_017713,
test_017714,
test_017715,
test_017716,
test_017717,
test_017718,
test_017719,
test_017720,
test_017721,
test_017722,
test_017723,
test_017724,
test_017725,
test_017726,
test_017727,
test_017728,
test_017729,
test_017730,
test_017731,
test_017732,
test_017733,
test_017734,
test_017735,
test_017736,
test_017737,
test_017738,
test_017739,
test_017740,
test_017741,
test_017742,
test_017743,
test_017744,
test_017745,
test_017746,
test_017747,
test_017748,
test_017749,
test_017750,
test_017751,
test_017752,
test_017753,
test_017754,
test_017755,
test_017756,
test_017757,
test_017758,
test_017759,
test_017760,
test_017761,
test_017762,
test_017763,
test_017764,
test_017765,
test_017766,
test_017767,
test_017768,
test_017769,
test_017770,
test_017771,
test_017772,
test_017773,
test_017774,
test_017775,
test_017776,
test_017777,
test_017778,
test_017779,
test_017780,
test_017781,
test_017782,
test_017783,
test_017784,
test_017785,
test_017786,
test_017787,
test_017788,
test_017789,
test_017790,
test_017791,
test_017792,
test_017793,
test_017794,
test_017795,
test_017796,
test_017797,
test_017798,
test_017799,
test_017800,
test_017801,
test_017802,
test_017803,
test_017804,
test_017805,
test_017806,
test_017807,
test_017808,
test_017809,
test_017810,
test_017811,
test_017812,
test_017813,
test_017814,
test_017815,
test_017816,
test_017817,
test_017818,
test_017819,
test_017820,
test_017821,
test_017822,
test_017823,
test_017824,
test_017825,
test_017826,
test_017827,
test_017828,
test_017829,
test_017830,
test_017831,
test_017832,
test_017833,
test_017834,
test_017835,
test_017836,
test_017837,
test_017838,
test_017839,
test_017840,
test_017841,
test_017842,
test_017843,
test_017844,
test_017845,
test_017846,
test_017847,
test_017848,
test_017849,
test_017850,
test_017851,
test_017852,
test_017853,
test_017854,
test_017855,
test_017856,
test_017857,
test_017858,
test_017859,
test_017860,
test_017861,
test_017862,
test_017863,
test_017864,
test_017865,
test_017866,
test_017867,
test_017868,
test_017869,
test_017870,
test_017871,
test_017872,
test_017873,
test_017874,
test_017875,
test_017876,
test_017877,
test_017878,
test_017879,
test_017880,
test_017881,
test_017882,
test_017883,
test_017884,
test_017885,
test_017886,
test_017887,
test_017888,
test_017889,
test_017890,
test_017891,
test_017892,
test_017893,
test_017894,
test_017895,
test_017896,
test_017897,
test_017898,
test_017899,
test_017900,
test_017901,
test_017902,
test_017903,
test_017904,
test_017905,
test_017906,
test_017907,
test_017908,
test_017909,
test_017910,
test_017911,
test_017912,
test_017913,
test_017914,
test_017915,
test_017916,
test_017917,
test_017918,
test_017919,
test_017920,
test_017921,
test_017922,
test_017923,
test_017924,
test_017925,
test_017926,
test_017927,
test_017928,
test_017929,
test_017930,
test_017931,
test_017932,
test_017933,
test_017934,
test_017935,
test_017936,
test_017937,
test_017938,
test_017939,
test_017940,
test_017941,
test_017942,
test_017943,
test_017944,
test_017945,
test_017946,
test_017947,
test_017948,
test_017949,
test_017950,
test_017951,
test_017952,
test_017953,
test_017954,
test_017955,
test_017956,
test_017957,
test_017958,
test_017959,
test_017960,
test_017961,
test_017962,
test_017963,
test_017964,
test_017965,
test_017966,
test_017967,
test_017968,
test_017969,
test_017970,
test_017971,
test_017972,
test_017973,
test_017974,
test_017975,
test_017976,
test_017977,
test_017978,
test_017979,
test_017980,
test_017981,
test_017982,
test_017983,
test_017984,
test_017985,
test_017986,
test_017987,
test_017988,
test_017989,
test_017990,
test_017991,
test_017992,
test_017993,
test_017994,
test_017995,
test_017996,
test_017997,
test_017998,
test_017999,
test_018000,
test_018001,
test_018002,
test_018003,
test_018004,
test_018005,
test_018006,
test_018007,
test_018008,
test_018009,
test_018010,
test_018011,
test_018012,
test_018013,
test_018014,
test_018015,
test_018016,
test_018017,
test_018018,
test_018019,
test_018020,
test_018021,
test_018022,
test_018023,
test_018024,
test_018025,
test_018026,
test_018027,
test_018028,
test_018029,
test_018030,
test_018031,
test_018032,
test_018033,
test_018034,
test_018035,
test_018036,
test_018037,
test_018038,
test_018039,
test_018040,
test_018041,
test_018042,
test_018043,
test_018044,
test_018045,
test_018046,
test_018047,
test_018048,
test_018049,
test_018050,
test_018051,
test_018052,
test_018053,
test_018054,
test_018055,
test_018056,
test_018057,
test_018058,
test_018059,
test_018060,
test_018061,
test_018062,
test_018063,
test_018064,
test_018065,
test_018066,
test_018067,
test_018068,
test_018069,
test_018070,
test_018071,
test_018072,
test_018073,
test_018074,
test_018075,
test_018076,
test_018077,
test_018078,
test_018079,
test_018080,
test_018081,
test_018082,
test_018083,
test_018084,
test_018085,
test_018086,
test_018087,
test_018088,
test_018089,
test_018090,
test_018091,
test_018092,
test_018093,
test_018094,
test_018095,
test_018096,
test_018097,
test_018098,
test_018099,
test_018100,
test_018101,
test_018102,
test_018103,
test_018104,
test_018105,
test_018106,
test_018107,
test_018108,
test_018109,
test_018110,
test_018111,
test_018112,
test_018113,
test_018114,
test_018115,
test_018116,
test_018117,
test_018118,
test_018119,
test_018120,
test_018121,
test_018122,
test_018123,
test_018124,
test_018125,
test_018126,
test_018127,
test_018128,
test_018129,
test_018130,
test_018131,
test_018132,
test_018133,
test_018134,
test_018135,
test_018136,
test_018137,
test_018138,
test_018139,
test_018140,
test_018141,
test_018142,
test_018143,
test_018144,
test_018145,
test_018146,
test_018147,
test_018148,
test_018149,
test_018150,
test_018151,
test_018152,
test_018153,
test_018154,
test_018155,
test_018156,
test_018157,
test_018158,
test_018159,
test_018160,
test_018161,
test_018162,
test_018163,
test_018164,
test_018165,
test_018166,
test_018167,
test_018168,
test_018169,
test_018170,
test_018171,
test_018172,
test_018173,
test_018174,
test_018175,
test_018176,
test_018177,
test_018178,
test_018179,
test_018180,
test_018181,
test_018182,
test_018183,
test_018184,
test_018185,
test_018186,
test_018187,
test_018188,
test_018189,
test_018190,
test_018191,
test_018192,
test_018193,
test_018194,
test_018195,
test_018196,
test_018197,
test_018198,
test_018199,
test_018200,
test_018201,
test_018202,
test_018203,
test_018204,
test_018205,
test_018206,
test_018207,
test_018208,
test_018209,
test_018210,
test_018211,
test_018212,
test_018213,
test_018214,
test_018215,
test_018216,
test_018217,
test_018218,
test_018219,
test_018220,
test_018221,
test_018222,
test_018223,
test_018224,
test_018225,
test_018226,
test_018227,
test_018228,
test_018229,
test_018230,
test_018231,
test_018232,
test_018233,
test_018234,
test_018235,
test_018236,
test_018237,
test_018238,
test_018239,
test_018240,
test_018241,
test_018242,
test_018243,
test_018244,
test_018245,
test_018246,
test_018247,
test_018248,
test_018249,
test_018250,
test_018251,
test_018252,
test_018253,
test_018254,
test_018255,
test_018256,
test_018257,
test_018258,
test_018259,
test_018260,
test_018261,
test_018262,
test_018263,
test_018264,
test_018265,
test_018266,
test_018267,
test_018268,
test_018269,
test_018270,
test_018271,
test_018272,
test_018273,
test_018274,
test_018275,
test_018276,
test_018277,
test_018278,
test_018279,
test_018280,
test_018281,
test_018282,
test_018283,
test_018284,
test_018285,
test_018286,
test_018287,
test_018288,
test_018289,
test_018290,
test_018291,
test_018292,
test_018293,
test_018294,
test_018295,
test_018296,
test_018297,
test_018298,
test_018299,
test_018300,
test_018301,
test_018302,
test_018303,
test_018304,
test_018305,
test_018306,
test_018307,
test_018308,
test_018309,
test_018310,
test_018311,
test_018312,
test_018313,
test_018314,
test_018315,
test_018316,
test_018317,
test_018318,
test_018319,
test_018320,
test_018321,
test_018322,
test_018323,
test_018324,
test_018325,
test_018326,
test_018327,
test_018328,
test_018329,
test_018330,
test_018331,
test_018332,
test_018333,
test_018334,
test_018335,
test_018336,
test_018337,
test_018338,
test_018339,
test_018340,
test_018341,
test_018342,
test_018343,
test_018344,
test_018345,
test_018346,
test_018347,
test_018348,
test_018349,
test_018350,
test_018351,
test_018352,
test_018353,
test_018354,
test_018355,
test_018356,
test_018357,
test_018358,
test_018359,
test_018360,
test_018361,
test_018362,
test_018363,
test_018364,
test_018365,
test_018366,
test_018367,
test_018368,
test_018369,
test_018370,
test_018371,
test_018372,
test_018373,
test_018374,
test_018375,
test_018376,
test_018377,
test_018378,
test_018379,
test_018380,
test_018381,
test_018382,
test_018383,
test_018384,
test_018385,
test_018386,
test_018387,
test_018388,
test_018389,
test_018390,
test_018391,
test_018392,
test_018393,
test_018394,
test_018395,
test_018396,
test_018397,
test_018398,
test_018399,
test_018400,
test_018401,
test_018402,
test_018403,
test_018404,
test_018405,
test_018406,
test_018407,
test_018408,
test_018409,
test_018410,
test_018411,
test_018412,
test_018413,
test_018414,
test_018415,
test_018416,
test_018417,
test_018418,
test_018419,
test_018420,
test_018421,
test_018422,
test_018423,
test_018424,
test_018425,
test_018426,
test_018427,
test_018428,
test_018429,
test_018430,
test_018431,
test_018432,
test_018433,
test_018434,
test_018435,
test_018436,
test_018437,
test_018438,
test_018439,
test_018440,
test_018441,
test_018442,
test_018443,
test_018444,
test_018445,
test_018446,
test_018447,
test_018448,
test_018449,
test_018450,
test_018451,
test_018452,
test_018453,
test_018454,
test_018455,
test_018456,
test_018457,
test_018458,
test_018459,
test_018460,
test_018461,
test_018462,
test_018463,
test_018464,
test_018465,
test_018466,
test_018467,
test_018468,
test_018469,
test_018470,
test_018471,
test_018472,
test_018473,
test_018474,
test_018475,
test_018476,
test_018477,
test_018478,
test_018479,
test_018480,
test_018481,
test_018482,
test_018483,
test_018484,
test_018485,
test_018486,
test_018487,
test_018488,
test_018489,
test_018490,
test_018491,
test_018492,
test_018493,
test_018494,
test_018495,
test_018496,
test_018497,
test_018498,
test_018499,
test_018500,
test_018501,
test_018502,
test_018503,
test_018504,
test_018505,
test_018506,
test_018507,
test_018508,
test_018509,
test_018510,
test_018511,
test_018512,
test_018513,
test_018514,
test_018515,
test_018516,
test_018517,
test_018518,
test_018519,
test_018520,
test_018521,
test_018522,
test_018523,
test_018524,
test_018525,
test_018526,
test_018527,
test_018528,
test_018529,
test_018530,
test_018531,
test_018532,
test_018533,
test_018534,
test_018535,
test_018536,
test_018537,
test_018538,
test_018539,
test_018540,
test_018541,
test_018542,
test_018543,
test_018544,
test_018545,
test_018546,
test_018547,
test_018548,
test_018549,
test_018550,
test_018551,
test_018552,
test_018553,
test_018554,
test_018555,
test_018556,
test_018557,
test_018558,
test_018559,
test_018560,
test_018561,
test_018562,
test_018563,
test_018564,
test_018565,
test_018566,
test_018567,
test_018568,
test_018569,
test_018570,
test_018571,
test_018572,
test_018573,
test_018574,
test_018575,
test_018576,
test_018577,
test_018578,
test_018579,
test_018580,
test_018581,
test_018582,
test_018583,
test_018584,
test_018585,
test_018586,
test_018587,
test_018588,
test_018589,
test_018590,
test_018591,
test_018592,
test_018593,
test_018594,
test_018595,
test_018596,
test_018597,
test_018598,
test_018599,
test_018600,
test_018601,
test_018602,
test_018603,
test_018604,
test_018605,
test_018606,
test_018607,
test_018608,
test_018609,
test_018610,
test_018611,
test_018612,
test_018613,
test_018614,
test_018615,
test_018616,
test_018617,
test_018618,
test_018619,
test_018620,
test_018621,
test_018622,
test_018623,
test_018624,
test_018625,
test_018626,
test_018627,
test_018628,
test_018629,
test_018630,
test_018631,
test_018632,
test_018633,
test_018634,
test_018635,
test_018636,
test_018637,
test_018638,
test_018639,
test_018640,
test_018641,
test_018642,
test_018643,
test_018644,
test_018645,
test_018646,
test_018647,
test_018648,
test_018649,
test_018650,
test_018651,
test_018652,
test_018653,
test_018654,
test_018655,
test_018656,
test_018657,
test_018658,
test_018659,
test_018660,
test_018661,
test_018662,
test_018663,
test_018664,
test_018665,
test_018666,
test_018667,
test_018668,
test_018669,
test_018670,
test_018671,
test_018672,
test_018673,
test_018674,
test_018675,
test_018676,
test_018677,
test_018678,
test_018679,
test_018680,
test_018681,
test_018682,
test_018683,
test_018684,
test_018685,
test_018686,
test_018687,
test_018688,
test_018689,
test_018690,
test_018691,
test_018692,
test_018693,
test_018694,
test_018695,
test_018696,
test_018697,
test_018698,
test_018699,
test_018700,
test_018701,
test_018702,
test_018703,
test_018704,
test_018705,
test_018706,
test_018707,
test_018708,
test_018709,
test_018710,
test_018711,
test_018712,
test_018713,
test_018714,
test_018715,
test_018716,
test_018717,
test_018718,
test_018719,
test_018720,
test_018721,
test_018722,
test_018723,
test_018724,
test_018725,
test_018726,
test_018727,
test_018728,
test_018729,
test_018730,
test_018731,
test_018732,
test_018733,
test_018734,
test_018735,
test_018736,
test_018737,
test_018738,
test_018739,
test_018740,
test_018741,
test_018742,
test_018743,
test_018744,
test_018745,
test_018746,
test_018747,
test_018748,
test_018749,
test_018750,
test_018751,
test_018752,
test_018753,
test_018754,
test_018755,
test_018756,
test_018757,
test_018758,
test_018759,
test_018760,
test_018761,
test_018762,
test_018763,
test_018764,
test_018765,
test_018766,
test_018767,
test_018768,
test_018769,
test_018770,
test_018771,
test_018772,
test_018773,
test_018774,
test_018775,
test_018776,
test_018777,
test_018778,
test_018779,
test_018780,
test_018781,
test_018782,
test_018783,
test_018784,
test_018785,
test_018786,
test_018787,
test_018788,
test_018789,
test_018790,
test_018791,
test_018792,
test_018793,
test_018794,
test_018795,
test_018796,
test_018797,
test_018798,
test_018799,
test_018800,
test_018801,
test_018802,
test_018803,
test_018804,
test_018805,
test_018806,
test_018807,
test_018808,
test_018809,
test_018810,
test_018811,
test_018812,
test_018813,
test_018814,
test_018815,
test_018816,
test_018817,
test_018818,
test_018819,
test_018820,
test_018821,
test_018822,
test_018823,
test_018824,
test_018825,
test_018826,
test_018827,
test_018828,
test_018829,
test_018830,
test_018831,
test_018832,
test_018833,
test_018834,
test_018835,
test_018836,
test_018837,
test_018838,
test_018839,
test_018840,
test_018841,
test_018842,
test_018843,
test_018844,
test_018845,
test_018846,
test_018847,
test_018848,
test_018849,
test_018850,
test_018851,
test_018852,
test_018853,
test_018854,
test_018855,
test_018856,
test_018857,
test_018858,
test_018859,
test_018860,
test_018861,
test_018862,
test_018863,
test_018864,
test_018865,
test_018866,
test_018867,
test_018868,
test_018869,
test_018870,
test_018871,
test_018872,
test_018873,
test_018874,
test_018875,
test_018876,
test_018877,
test_018878,
test_018879,
test_018880,
test_018881,
test_018882,
test_018883,
test_018884,
test_018885,
test_018886,
test_018887,
test_018888,
test_018889,
test_018890,
test_018891,
test_018892,
test_018893,
test_018894,
test_018895,
test_018896,
test_018897,
test_018898,
test_018899,
test_018900,
test_018901,
test_018902,
test_018903,
test_018904,
test_018905,
test_018906,
test_018907,
test_018908,
test_018909,
test_018910,
test_018911,
test_018912,
test_018913,
test_018914,
test_018915,
test_018916,
test_018917,
test_018918,
test_018919,
test_018920,
test_018921,
test_018922,
test_018923,
test_018924,
test_018925,
test_018926,
test_018927,
test_018928,
test_018929,
test_018930,
test_018931,
test_018932,
test_018933,
test_018934,
test_018935,
test_018936,
test_018937,
test_018938,
test_018939,
test_018940,
test_018941,
test_018942,
test_018943,
test_018944,
test_018945,
test_018946,
test_018947,
test_018948,
test_018949,
test_018950,
test_018951,
test_018952,
test_018953,
test_018954,
test_018955,
test_018956,
test_018957,
test_018958,
test_018959,
test_018960,
test_018961,
test_018962,
test_018963,
test_018964,
test_018965,
test_018966,
test_018967,
test_018968,
test_018969,
test_018970,
test_018971,
test_018972,
test_018973,
test_018974,
test_018975,
test_018976,
test_018977,
test_018978,
test_018979,
test_018980,
test_018981,
test_018982,
test_018983,
test_018984,
test_018985,
test_018986,
test_018987,
test_018988,
test_018989,
test_018990,
test_018991,
test_018992,
test_018993,
test_018994,
test_018995,
test_018996,
test_018997,
test_018998,
test_018999,
test_019000,
test_019001,
test_019002,
test_019003,
test_019004,
test_019005,
test_019006,
test_019007,
test_019008,
test_019009,
test_019010,
test_019011,
test_019012,
test_019013,
test_019014,
test_019015,
test_019016,
test_019017,
test_019018,
test_019019,
test_019020,
test_019021,
test_019022,
test_019023,
test_019024,
test_019025,
test_019026,
test_019027,
test_019028,
test_019029,
test_019030,
test_019031,
test_019032,
test_019033,
test_019034,
test_019035,
test_019036,
test_019037,
test_019038,
test_019039,
test_019040,
test_019041,
test_019042,
test_019043,
test_019044,
test_019045,
test_019046,
test_019047,
test_019048,
test_019049,
test_019050,
test_019051,
test_019052,
test_019053,
test_019054,
test_019055,
test_019056,
test_019057,
test_019058,
test_019059,
test_019060,
test_019061,
test_019062,
test_019063,
test_019064,
test_019065,
test_019066,
test_019067,
test_019068,
test_019069,
test_019070,
test_019071,
test_019072,
test_019073,
test_019074,
test_019075,
test_019076,
test_019077,
test_019078,
test_019079,
test_019080,
test_019081,
test_019082,
test_019083,
test_019084,
test_019085,
test_019086,
test_019087,
test_019088,
test_019089,
test_019090,
test_019091,
test_019092,
test_019093,
test_019094,
test_019095,
test_019096,
test_019097,
test_019098,
test_019099,
test_019100,
test_019101,
test_019102,
test_019103,
test_019104,
test_019105,
test_019106,
test_019107,
test_019108,
test_019109,
test_019110,
test_019111,
test_019112,
test_019113,
test_019114,
test_019115,
test_019116,
test_019117,
test_019118,
test_019119,
test_019120,
test_019121,
test_019122,
test_019123,
test_019124,
test_019125,
test_019126,
test_019127,
test_019128,
test_019129,
test_019130,
test_019131,
test_019132,
test_019133,
test_019134,
test_019135,
test_019136,
test_019137,
test_019138,
test_019139,
test_019140,
test_019141,
test_019142,
test_019143,
test_019144,
test_019145,
test_019146,
test_019147,
test_019148,
test_019149,
test_019150,
test_019151,
test_019152,
test_019153,
test_019154,
test_019155,
test_019156,
test_019157,
test_019158,
test_019159,
test_019160,
test_019161,
test_019162,
test_019163,
test_019164,
test_019165,
test_019166,
test_019167,
test_019168,
test_019169,
test_019170,
test_019171,
test_019172,
test_019173,
test_019174,
test_019175,
test_019176,
test_019177,
test_019178,
test_019179,
test_019180,
test_019181,
test_019182,
test_019183,
test_019184,
test_019185,
test_019186,
test_019187,
test_019188,
test_019189,
test_019190,
test_019191,
test_019192,
test_019193,
test_019194,
test_019195,
test_019196,
test_019197,
test_019198,
test_019199,
test_019200,
test_019201,
test_019202,
test_019203,
test_019204,
test_019205,
test_019206,
test_019207,
test_019208,
test_019209,
test_019210,
test_019211,
test_019212,
test_019213,
test_019214,
test_019215,
test_019216,
test_019217,
test_019218,
test_019219,
test_019220,
test_019221,
test_019222,
test_019223,
test_019224,
test_019225,
test_019226,
test_019227,
test_019228,
test_019229,
test_019230,
test_019231,
test_019232,
test_019233,
test_019234,
test_019235,
test_019236,
test_019237,
test_019238,
test_019239,
test_019240,
test_019241,
test_019242,
test_019243,
test_019244,
test_019245,
test_019246,
test_019247,
test_019248,
test_019249,
test_019250,
test_019251,
test_019252,
test_019253,
test_019254,
test_019255,
test_019256,
test_019257,
test_019258,
test_019259,
test_019260,
test_019261,
test_019262,
test_019263,
test_019264,
test_019265,
test_019266,
test_019267,
test_019268,
test_019269,
test_019270,
test_019271,
test_019272,
test_019273,
test_019274,
test_019275,
test_019276,
test_019277,
test_019278,
test_019279,
test_019280,
test_019281,
test_019282,
test_019283,
test_019284,
test_019285,
test_019286,
test_019287,
test_019288,
test_019289,
test_019290,
test_019291,
test_019292,
test_019293,
test_019294,
test_019295,
test_019296,
test_019297,
test_019298,
test_019299,
test_019300,
test_019301,
test_019302,
test_019303,
test_019304,
test_019305,
test_019306,
test_019307,
test_019308,
test_019309,
test_019310,
test_019311,
test_019312,
test_019313,
test_019314,
test_019315,
test_019316,
test_019317,
test_019318,
test_019319,
test_019320,
test_019321,
test_019322,
test_019323,
test_019324,
test_019325,
test_019326,
test_019327,
test_019328,
test_019329,
test_019330,
test_019331,
test_019332,
test_019333,
test_019334,
test_019335,
test_019336,
test_019337,
test_019338,
test_019339,
test_019340,
test_019341,
test_019342,
test_019343,
test_019344,
test_019345,
test_019346,
test_019347,
test_019348,
test_019349,
test_019350,
test_019351,
test_019352,
test_019353,
test_019354,
test_019355,
test_019356,
test_019357,
test_019358,
test_019359,
test_019360,
test_019361,
test_019362,
test_019363,
test_019364,
test_019365,
test_019366,
test_019367,
test_019368,
test_019369,
test_019370,
test_019371,
test_019372,
test_019373,
test_019374,
test_019375,
test_019376,
test_019377,
test_019378,
test_019379,
test_019380,
test_019381,
test_019382,
test_019383,
test_019384,
test_019385,
test_019386,
test_019387,
test_019388,
test_019389,
test_019390,
test_019391,
test_019392,
test_019393,
test_019394,
test_019395,
test_019396,
test_019397,
test_019398,
test_019399,
test_019400,
test_019401,
test_019402,
test_019403,
test_019404,
test_019405,
test_019406,
test_019407,
test_019408,
test_019409,
test_019410,
test_019411,
test_019412,
test_019413,
test_019414,
test_019415,
test_019416,
test_019417,
test_019418,
test_019419,
test_019420,
test_019421,
test_019422,
test_019423,
test_019424,
test_019425,
test_019426,
test_019427,
test_019428,
test_019429,
test_019430,
test_019431,
test_019432,
test_019433,
test_019434,
test_019435,
test_019436,
test_019437,
test_019438,
test_019439,
test_019440,
test_019441,
test_019442,
test_019443,
test_019444,
test_019445,
test_019446,
test_019447,
test_019448,
test_019449,
test_019450,
test_019451,
test_019452,
test_019453,
test_019454,
test_019455,
test_019456,
test_019457,
test_019458,
test_019459,
test_019460,
test_019461,
test_019462,
test_019463,
test_019464,
test_019465,
test_019466,
test_019467,
test_019468,
test_019469,
test_019470,
test_019471,
test_019472,
test_019473,
test_019474,
test_019475,
test_019476,
test_019477,
test_019478,
test_019479,
test_019480,
test_019481,
test_019482,
test_019483,
test_019484,
test_019485,
test_019486,
test_019487,
test_019488,
test_019489,
test_019490,
test_019491,
test_019492,
test_019493,
test_019494,
test_019495,
test_019496,
test_019497,
test_019498,
test_019499,
test_019500,
test_019501,
test_019502,
test_019503,
test_019504,
test_019505,
test_019506,
test_019507,
test_019508,
test_019509,
test_019510,
test_019511,
test_019512,
test_019513,
test_019514,
test_019515,
test_019516,
test_019517,
test_019518,
test_019519,
test_019520,
test_019521,
test_019522,
test_019523,
test_019524,
test_019525,
test_019526,
test_019527,
test_019528,
test_019529,
test_019530,
test_019531,
test_019532,
test_019533,
test_019534,
test_019535,
test_019536,
test_019537,
test_019538,
test_019539,
test_019540,
test_019541,
test_019542,
test_019543,
test_019544,
test_019545,
test_019546,
test_019547,
test_019548,
test_019549,
test_019550,
test_019551,
test_019552,
test_019553,
test_019554,
test_019555,
test_019556,
test_019557,
test_019558,
test_019559,
test_019560,
test_019561,
test_019562,
test_019563,
test_019564,
test_019565,
test_019566,
test_019567,
test_019568,
test_019569,
test_019570,
test_019571,
test_019572,
test_019573,
test_019574,
test_019575,
test_019576,
test_019577,
test_019578,
test_019579,
test_019580,
test_019581,
test_019582,
test_019583,
test_019584,
test_019585,
test_019586,
test_019587,
test_019588,
test_019589,
test_019590,
test_019591,
test_019592,
test_019593,
test_019594,
test_019595,
test_019596,
test_019597,
test_019598,
test_019599,
test_019600,
test_019601,
test_019602,
test_019603,
test_019604,
test_019605,
test_019606,
test_019607,
test_019608,
test_019609,
test_019610,
test_019611,
test_019612,
test_019613,
test_019614,
test_019615,
test_019616,
test_019617,
test_019618,
test_019619,
test_019620,
test_019621,
test_019622,
test_019623,
test_019624,
test_019625,
test_019626,
test_019627,
test_019628,
test_019629,
test_019630,
test_019631,
test_019632,
test_019633,
test_019634,
test_019635,
test_019636,
test_019637,
test_019638,
test_019639,
test_019640,
test_019641,
test_019642,
test_019643,
test_019644,
test_019645,
test_019646,
test_019647,
test_019648,
test_019649,
test_019650,
test_019651,
test_019652,
test_019653,
test_019654,
test_019655,
test_019656,
test_019657,
test_019658,
test_019659,
test_019660,
test_019661,
test_019662,
test_019663,
test_019664,
test_019665,
test_019666,
test_019667,
test_019668,
test_019669,
test_019670,
test_019671,
test_019672,
test_019673,
test_019674,
test_019675,
test_019676,
test_019677,
test_019678,
test_019679,
test_019680,
test_019681,
test_019682,
test_019683,
test_019684,
test_019685,
test_019686,
test_019687,
test_019688,
test_019689,
test_019690,
test_019691,
test_019692,
test_019693,
test_019694,
test_019695,
test_019696,
test_019697,
test_019698,
test_019699,
test_019700,
test_019701,
test_019702,
test_019703,
test_019704,
test_019705,
test_019706,
test_019707,
test_019708,
test_019709,
test_019710,
test_019711,
test_019712,
test_019713,
test_019714,
test_019715,
test_019716,
test_019717,
test_019718,
test_019719,
test_019720,
test_019721,
test_019722,
test_019723,
test_019724,
test_019725,
test_019726,
test_019727,
test_019728,
test_019729,
test_019730,
test_019731,
test_019732,
test_019733,
test_019734,
test_019735,
test_019736,
test_019737,
test_019738,
test_019739,
test_019740,
test_019741,
test_019742,
test_019743,
test_019744,
test_019745,
test_019746,
test_019747,
test_019748,
test_019749,
test_019750,
test_019751,
test_019752,
test_019753,
test_019754,
test_019755,
test_019756,
test_019757,
test_019758,
test_019759,
test_019760,
test_019761,
test_019762,
test_019763,
test_019764,
test_019765,
test_019766,
test_019767,
test_019768,
test_019769,
test_019770,
test_019771,
test_019772,
test_019773,
test_019774,
test_019775,
test_019776,
test_019777,
test_019778,
test_019779,
test_019780,
test_019781,
test_019782,
test_019783,
test_019784,
test_019785,
test_019786,
test_019787,
test_019788,
test_019789,
test_019790,
test_019791,
test_019792,
test_019793,
test_019794,
test_019795,
test_019796,
test_019797,
test_019798,
test_019799,
test_019800,
test_019801,
test_019802,
test_019803,
test_019804,
test_019805,
test_019806,
test_019807,
test_019808,
test_019809,
test_019810,
test_019811,
test_019812,
test_019813,
test_019814,
test_019815,
test_019816,
test_019817,
test_019818,
test_019819,
test_019820,
test_019821,
test_019822,
test_019823,
test_019824,
test_019825,
test_019826,
test_019827,
test_019828,
test_019829,
test_019830,
test_019831,
test_019832,
test_019833,
test_019834,
test_019835,
test_019836,
test_019837,
test_019838,
test_019839,
test_019840,
test_019841,
test_019842,
test_019843,
test_019844,
test_019845,
test_019846,
test_019847,
test_019848,
test_019849,
test_019850,
test_019851,
test_019852,
test_019853,
test_019854,
test_019855,
test_019856,
test_019857,
test_019858,
test_019859,
test_019860,
test_019861,
test_019862,
test_019863,
test_019864,
test_019865,
test_019866,
test_019867,
test_019868,
test_019869,
test_019870,
test_019871,
test_019872,
test_019873,
test_019874,
test_019875,
test_019876,
test_019877,
test_019878,
test_019879,
test_019880,
test_019881,
test_019882,
test_019883,
test_019884,
test_019885,
test_019886,
test_019887,
test_019888,
test_019889,
test_019890,
test_019891,
test_019892,
test_019893,
test_019894,
test_019895,
test_019896,
test_019897,
test_019898,
test_019899,
test_019900,
test_019901,
test_019902,
test_019903,
test_019904,
test_019905,
test_019906,
test_019907,
test_019908,
test_019909,
test_019910,
test_019911,
test_019912,
test_019913,
test_019914,
test_019915,
test_019916,
test_019917,
test_019918,
test_019919,
test_019920,
test_019921,
test_019922,
test_019923,
test_019924,
test_019925,
test_019926,
test_019927,
test_019928,
test_019929,
test_019930,
test_019931,
test_019932,
test_019933,
test_019934,
test_019935,
test_019936,
test_019937,
test_019938,
test_019939,
test_019940,
test_019941,
test_019942,
test_019943,
test_019944,
test_019945,
test_019946,
test_019947,
test_019948,
test_019949,
test_019950,
test_019951,
test_019952,
test_019953,
test_019954,
test_019955,
test_019956,
test_019957,
test_019958,
test_019959,
test_019960,
test_019961,
test_019962,
test_019963,
test_019964,
test_019965,
test_019966,
test_019967,
test_019968,
test_019969,
test_019970,
test_019971,
test_019972,
test_019973,
test_019974,
test_019975,
test_019976,
test_019977,
test_019978,
test_019979,
test_019980,
test_019981,
test_019982,
test_019983,
test_019984,
test_019985,
test_019986,
test_019987,
test_019988,
test_019989,
test_019990,
test_019991,
test_019992,
test_019993,
test_019994,
test_019995,
test_019996,
test_019997,
test_019998,
test_019999,
test_020000,
test_020001,
test_020002,
test_020003,
test_020004,
test_020005,
test_020006,
test_020007,
test_020008,
test_020009,
test_020010,
test_020011,
test_020012,
test_020013,
test_020014,
test_020015,
test_020016,
test_020017,
test_020018,
test_020019,
test_020020,
test_020021,
test_020022,
test_020023,
test_020024,
test_020025,
test_020026,
test_020027,
test_020028,
test_020029,
test_020030,
test_020031,
test_020032,
test_020033,
test_020034,
test_020035,
test_020036,
test_020037,
test_020038,
test_020039,
test_020040,
test_020041,
test_020042,
test_020043,
test_020044,
test_020045,
test_020046,
test_020047,
test_020048,
test_020049,
test_020050,
test_020051,
test_020052,
test_020053,
test_020054,
test_020055,
test_020056,
test_020057,
test_020058,
test_020059,
test_020060,
test_020061,
test_020062,
test_020063,
test_020064,
test_020065,
test_020066,
test_020067,
test_020068,
test_020069,
test_020070,
test_020071,
test_020072,
test_020073,
test_020074,
test_020075,
test_020076,
test_020077,
test_020078,
test_020079,
test_020080,
test_020081,
test_020082,
test_020083,
test_020084,
test_020085,
test_020086,
test_020087,
test_020088,
test_020089,
test_020090,
test_020091,
test_020092,
test_020093,
test_020094,
test_020095,
test_020096,
test_020097,
test_020098,
test_020099,
test_020100,
test_020101,
test_020102,
test_020103,
test_020104,
test_020105,
test_020106,
test_020107,
test_020108,
test_020109,
test_020110,
test_020111,
test_020112,
test_020113,
test_020114,
test_020115,
test_020116,
test_020117,
test_020118,
test_020119,
test_020120,
test_020121,
test_020122,
test_020123,
test_020124,
test_020125,
test_020126,
test_020127,
test_020128,
test_020129,
test_020130,
test_020131,
test_020132,
test_020133,
test_020134,
test_020135,
test_020136,
test_020137,
test_020138,
test_020139,
test_020140,
test_020141,
test_020142,
test_020143,
test_020144,
test_020145,
test_020146,
test_020147,
test_020148,
test_020149,
test_020150,
test_020151,
test_020152,
test_020153,
test_020154,
test_020155,
test_020156,
test_020157,
test_020158,
test_020159,
test_020160,
test_020161,
test_020162,
test_020163,
test_020164,
test_020165,
test_020166,
test_020167,
test_020168,
test_020169,
test_020170,
test_020171,
test_020172,
test_020173,
test_020174,
test_020175,
test_020176,
test_020177,
test_020178,
test_020179,
test_020180,
test_020181,
test_020182,
test_020183,
test_020184,
test_020185,
test_020186,
test_020187,
test_020188,
test_020189,
test_020190,
test_020191,
test_020192,
test_020193,
test_020194,
test_020195,
test_020196,
test_020197,
test_020198,
test_020199,
test_020200,
test_020201,
test_020202,
test_020203,
test_020204,
test_020205,
test_020206,
test_020207,
test_020208,
test_020209,
test_020210,
test_020211,
test_020212,
test_020213,
test_020214,
test_020215,
test_020216,
test_020217,
test_020218,
test_020219,
test_020220,
test_020221,
test_020222,
test_020223,
test_020224,
test_020225,
test_020226,
test_020227,
test_020228,
test_020229,
test_020230,
test_020231,
test_020232,
test_020233,
test_020234,
test_020235,
test_020236,
test_020237,
test_020238,
test_020239,
test_020240,
test_020241,
test_020242,
test_020243,
test_020244,
test_020245,
test_020246,
test_020247,
test_020248,
test_020249,
test_020250,
test_020251,
test_020252,
test_020253,
test_020254,
test_020255,
test_020256,
test_020257,
test_020258,
test_020259,
test_020260,
test_020261,
test_020262,
test_020263,
test_020264,
test_020265,
test_020266,
test_020267,
test_020268,
test_020269,
test_020270,
test_020271,
test_020272,
test_020273,
test_020274,
test_020275,
test_020276,
test_020277,
test_020278,
test_020279,
test_020280,
test_020281,
test_020282,
test_020283,
test_020284,
test_020285,
test_020286,
test_020287,
test_020288,
test_020289,
test_020290,
test_020291,
test_020292,
test_020293,
test_020294,
test_020295,
test_020296,
test_020297,
test_020298,
test_020299,
test_020300,
test_020301,
test_020302,
test_020303,
test_020304,
test_020305,
test_020306,
test_020307,
test_020308,
test_020309,
test_020310,
test_020311,
test_020312,
test_020313,
test_020314,
test_020315,
test_020316,
test_020317,
test_020318,
test_020319,
test_020320,
test_020321,
test_020322,
test_020323,
test_020324,
test_020325,
test_020326,
test_020327,
test_020328,
test_020329,
test_020330,
test_020331,
test_020332,
test_020333,
test_020334,
test_020335,
test_020336,
test_020337,
test_020338,
test_020339,
test_020340,
test_020341,
test_020342,
test_020343,
test_020344,
test_020345,
test_020346,
test_020347,
test_020348,
test_020349,
test_020350,
test_020351,
test_020352,
test_020353,
test_020354,
test_020355,
test_020356,
test_020357,
test_020358,
test_020359,
test_020360,
test_020361,
test_020362,
test_020363,
test_020364,
test_020365,
test_020366,
test_020367,
test_020368,
test_020369,
test_020370,
test_020371,
test_020372,
test_020373,
test_020374,
test_020375,
test_020376,
test_020377,
test_020378,
test_020379,
test_020380,
test_020381,
test_020382,
test_020383,
test_020384,
test_020385,
test_020386,
test_020387,
test_020388,
test_020389,
test_020390,
test_020391,
test_020392,
test_020393,
test_020394,
test_020395,
test_020396,
test_020397,
test_020398,
test_020399,
test_020400,
test_020401,
test_020402,
test_020403,
test_020404,
test_020405,
test_020406,
test_020407,
test_020408,
test_020409,
test_020410,
test_020411,
test_020412,
test_020413,
test_020414,
test_020415,
test_020416,
test_020417,
test_020418,
test_020419,
test_020420,
test_020421,
test_020422,
test_020423,
test_020424,
test_020425,
test_020426,
test_020427,
test_020428,
test_020429,
test_020430,
test_020431,
test_020432,
test_020433,
test_020434,
test_020435,
test_020436,
test_020437,
test_020438,
test_020439,
test_020440,
test_020441,
test_020442,
test_020443,
test_020444,
test_020445,
test_020446,
test_020447,
test_020448,
test_020449,
test_020450,
test_020451,
test_020452,
test_020453,
test_020454,
test_020455,
test_020456,
test_020457,
test_020458,
test_020459,
test_020460,
test_020461,
test_020462,
test_020463,
test_020464,
test_020465,
test_020466,
test_020467,
test_020468,
test_020469,
test_020470,
test_020471,
test_020472,
test_020473,
test_020474,
test_020475,
test_020476,
test_020477,
test_020478,
test_020479,
test_020480,
test_020481,
test_020482,
test_020483,
test_020484,
test_020485,
test_020486,
test_020487,
test_020488,
test_020489,
test_020490,
test_020491,
test_020492,
test_020493,
test_020494,
test_020495,
test_020496,
test_020497,
test_020498,
test_020499,
test_020500,
test_020501,
test_020502,
test_020503,
test_020504,
test_020505,
test_020506,
test_020507,
test_020508,
test_020509,
test_020510,
test_020511,
test_020512,
test_020513,
test_020514,
test_020515,
test_020516,
test_020517,
test_020518,
test_020519,
test_020520,
test_020521,
test_020522,
test_020523,
test_020524,
test_020525,
test_020526,
test_020527,
test_020528,
test_020529,
test_020530,
test_020531,
test_020532,
test_020533,
test_020534,
test_020535,
test_020536,
test_020537,
test_020538,
test_020539,
test_020540,
test_020541,
test_020542,
test_020543,
test_020544,
test_020545,
test_020546,
test_020547,
test_020548,
test_020549,
test_020550,
test_020551,
test_020552,
test_020553,
test_020554,
test_020555,
test_020556,
test_020557,
test_020558,
test_020559,
test_020560,
test_020561,
test_020562,
test_020563,
test_020564,
test_020565,
test_020566,
test_020567,
test_020568,
test_020569,
test_020570,
test_020571,
test_020572,
test_020573,
test_020574,
test_020575,
test_020576,
test_020577,
test_020578,
test_020579,
test_020580,
test_020581,
test_020582,
test_020583,
test_020584,
test_020585,
test_020586,
test_020587,
test_020588,
test_020589,
test_020590,
test_020591,
test_020592,
test_020593,
test_020594,
test_020595,
test_020596,
test_020597,
test_020598,
test_020599,
test_020600,
test_020601,
test_020602,
test_020603,
test_020604,
test_020605,
test_020606,
test_020607,
test_020608,
test_020609,
test_020610,
test_020611,
test_020612,
test_020613,
test_020614,
test_020615,
test_020616,
test_020617,
test_020618,
test_020619,
test_020620,
test_020621,
test_020622,
test_020623,
test_020624,
test_020625,
test_020626,
test_020627,
test_020628,
test_020629,
test_020630,
test_020631,
test_020632,
test_020633,
test_020634,
test_020635,
test_020636,
test_020637,
test_020638,
test_020639,
test_020640,
test_020641,
test_020642,
test_020643,
test_020644,
test_020645,
test_020646,
test_020647,
test_020648,
test_020649,
test_020650,
test_020651,
test_020652,
test_020653,
test_020654,
test_020655,
test_020656,
test_020657,
test_020658,
test_020659,
test_020660,
test_020661,
test_020662,
test_020663,
test_020664,
test_020665,
test_020666,
test_020667,
test_020668,
test_020669,
test_020670,
test_020671,
test_020672,
test_020673,
test_020674,
test_020675,
test_020676,
test_020677,
test_020678,
test_020679,
test_020680,
test_020681,
test_020682,
test_020683,
test_020684,
test_020685,
test_020686,
test_020687,
test_020688,
test_020689,
test_020690,
test_020691,
test_020692,
test_020693,
test_020694,
test_020695,
test_020696,
test_020697,
test_020698,
test_020699,
test_020700,
test_020701,
test_020702,
test_020703,
test_020704,
test_020705,
test_020706,
test_020707,
test_020708,
test_020709,
test_020710,
test_020711,
test_020712,
test_020713,
test_020714,
test_020715,
test_020716,
test_020717,
test_020718,
test_020719,
test_020720,
test_020721,
test_020722,
test_020723,
test_020724,
test_020725,
test_020726,
test_020727,
test_020728,
test_020729,
test_020730,
test_020731,
test_020732,
test_020733,
test_020734,
test_020735,
test_020736,
test_020737,
test_020738,
test_020739,
test_020740,
test_020741,
test_020742,
test_020743,
test_020744,
test_020745,
test_020746,
test_020747,
test_020748,
test_020749,
test_020750,
test_020751,
test_020752,
test_020753,
test_020754,
test_020755,
test_020756,
test_020757,
test_020758,
test_020759,
test_020760,
test_020761,
test_020762,
test_020763,
test_020764,
test_020765,
test_020766,
test_020767,
test_020768,
test_020769,
test_020770,
test_020771,
test_020772,
test_020773,
test_020774,
test_020775,
test_020776,
test_020777,
test_020778,
test_020779,
test_020780,
test_020781,
test_020782,
test_020783,
test_020784,
test_020785,
test_020786,
test_020787,
test_020788,
test_020789,
test_020790,
test_020791,
test_020792,
test_020793,
test_020794,
test_020795,
test_020796,
test_020797,
test_020798,
test_020799,
test_020800,
test_020801,
test_020802,
test_020803,
test_020804,
test_020805,
test_020806,
test_020807,
test_020808,
test_020809,
test_020810,
test_020811,
test_020812,
test_020813,
test_020814,
test_020815,
test_020816,
test_020817,
test_020818,
test_020819,
test_020820,
test_020821,
test_020822,
test_020823,
test_020824,
test_020825,
test_020826,
test_020827,
test_020828,
test_020829,
test_020830,
test_020831,
test_020832,
test_020833,
test_020834,
test_020835,
test_020836,
test_020837,
test_020838,
test_020839,
test_020840,
test_020841,
test_020842,
test_020843,
test_020844,
test_020845,
test_020846,
test_020847,
test_020848,
test_020849,
test_020850,
test_020851,
test_020852,
test_020853,
test_020854,
test_020855,
test_020856,
test_020857,
test_020858,
test_020859,
test_020860,
test_020861,
test_020862,
test_020863,
test_020864,
test_020865,
test_020866,
test_020867,
test_020868,
test_020869,
test_020870,
test_020871,
test_020872,
test_020873,
test_020874,
test_020875,
test_020876,
test_020877,
test_020878,
test_020879,
test_020880,
test_020881,
test_020882,
test_020883,
test_020884,
test_020885,
test_020886,
test_020887,
test_020888,
test_020889,
test_020890,
test_020891,
test_020892,
test_020893,
test_020894,
test_020895,
test_020896,
test_020897,
test_020898,
test_020899,
test_020900,
test_020901,
test_020902,
test_020903,
test_020904,
test_020905,
test_020906,
test_020907,
test_020908,
test_020909,
test_020910,
test_020911,
test_020912,
test_020913,
test_020914,
test_020915,
test_020916,
test_020917,
test_020918,
test_020919,
test_020920,
test_020921,
test_020922,
test_020923,
test_020924,
test_020925,
test_020926,
test_020927,
test_020928,
test_020929,
test_020930,
test_020931,
test_020932,
test_020933,
test_020934,
test_020935,
test_020936,
test_020937,
test_020938,
test_020939,
test_020940,
test_020941,
test_020942,
test_020943,
test_020944,
test_020945,
test_020946,
test_020947,
test_020948,
test_020949,
test_020950,
test_020951,
test_020952,
test_020953,
test_020954,
test_020955,
test_020956,
test_020957,
test_020958,
test_020959,
test_020960,
test_020961,
test_020962,
test_020963,
test_020964,
test_020965,
test_020966,
test_020967,
test_020968,
test_020969,
test_020970,
test_020971,
test_020972,
test_020973,
test_020974,
test_020975,
test_020976,
test_020977,
test_020978,
test_020979,
test_020980,
test_020981,
test_020982,
test_020983,
test_020984,
test_020985,
test_020986,
test_020987,
test_020988,
test_020989,
test_020990,
test_020991,
test_020992,
test_020993,
test_020994,
test_020995,
test_020996,
test_020997,
test_020998,
test_020999,
test_021000,
test_021001,
test_021002,
test_021003,
test_021004,
test_021005,
test_021006,
test_021007,
test_021008,
test_021009,
test_021010,
test_021011,
test_021012,
test_021013,
test_021014,
test_021015,
test_021016,
test_021017,
test_021018,
test_021019,
test_021020,
test_021021,
test_021022,
test_021023,
test_021024,
test_021025,
test_021026,
test_021027,
test_021028,
test_021029,
test_021030,
test_021031,
test_021032,
test_021033,
test_021034,
test_021035,
test_021036,
test_021037,
test_021038,
test_021039,
test_021040,
test_021041,
test_021042,
test_021043,
test_021044,
test_021045,
test_021046,
test_021047,
test_021048,
test_021049,
test_021050,
test_021051,
test_021052,
test_021053,
test_021054,
test_021055,
test_021056,
test_021057,
test_021058,
test_021059,
test_021060,
test_021061,
test_021062,
test_021063,
test_021064,
test_021065,
test_021066,
test_021067,
test_021068,
test_021069,
test_021070,
test_021071,
test_021072,
test_021073,
test_021074,
test_021075,
test_021076,
test_021077,
test_021078,
test_021079,
test_021080,
test_021081,
test_021082,
test_021083,
test_021084,
test_021085,
test_021086,
test_021087,
test_021088,
test_021089,
test_021090,
test_021091,
test_021092,
test_021093,
test_021094,
test_021095,
test_021096,
test_021097,
test_021098,
test_021099,
test_021100,
test_021101,
test_021102,
test_021103,
test_021104,
test_021105,
test_021106,
test_021107,
test_021108,
test_021109,
test_021110,
test_021111,
test_021112,
test_021113,
test_021114,
test_021115,
test_021116,
test_021117,
test_021118,
test_021119,
test_021120,
test_021121,
test_021122,
test_021123,
test_021124,
test_021125,
test_021126,
test_021127,
test_021128,
test_021129,
test_021130,
test_021131,
test_021132,
test_021133,
test_021134,
test_021135,
test_021136,
test_021137,
test_021138,
test_021139,
test_021140,
test_021141,
test_021142,
test_021143,
test_021144,
test_021145,
test_021146,
test_021147,
test_021148,
test_021149,
test_021150,
test_021151,
test_021152,
test_021153,
test_021154,
test_021155,
test_021156,
test_021157,
test_021158,
test_021159,
test_021160,
test_021161,
test_021162,
test_021163,
test_021164,
test_021165,
test_021166,
test_021167,
test_021168,
test_021169,
test_021170,
test_021171,
test_021172,
test_021173,
test_021174,
test_021175,
test_021176,
test_021177,
test_021178,
test_021179,
test_021180,
test_021181,
test_021182,
test_021183,
test_021184,
test_021185,
test_021186,
test_021187,
test_021188,
test_021189,
test_021190,
test_021191,
test_021192,
test_021193,
test_021194,
test_021195,
test_021196,
test_021197,
test_021198,
test_021199,
test_021200,
test_021201,
test_021202,
test_021203,
test_021204,
test_021205,
test_021206,
test_021207,
test_021208,
test_021209,
test_021210,
test_021211,
test_021212,
test_021213,
test_021214,
test_021215,
test_021216,
test_021217,
test_021218,
test_021219,
test_021220,
test_021221,
test_021222,
test_021223,
test_021224,
test_021225,
test_021226,
test_021227,
test_021228,
test_021229,
test_021230,
test_021231,
test_021232,
test_021233,
test_021234,
test_021235,
test_021236,
test_021237,
test_021238,
test_021239,
test_021240,
test_021241,
test_021242,
test_021243,
test_021244,
test_021245,
test_021246,
test_021247,
test_021248,
test_021249,
test_021250,
test_021251,
test_021252,
test_021253,
test_021254,
test_021255,
test_021256,
test_021257,
test_021258,
test_021259,
test_021260,
test_021261,
test_021262,
test_021263,
test_021264,
test_021265,
test_021266,
test_021267,
test_021268,
test_021269,
test_021270,
test_021271,
test_021272,
test_021273,
test_021274,
test_021275,
test_021276,
test_021277,
test_021278,
test_021279,
test_021280,
test_021281,
test_021282,
test_021283,
test_021284,
test_021285,
test_021286,
test_021287,
test_021288,
test_021289,
test_021290,
test_021291,
test_021292,
test_021293,
test_021294,
test_021295,
test_021296,
test_021297,
test_021298,
test_021299,
test_021300,
test_021301,
test_021302,
test_021303,
test_021304,
test_021305,
test_021306,
test_021307,
test_021308,
test_021309,
test_021310,
test_021311,
test_021312,
test_021313,
test_021314,
test_021315,
test_021316,
test_021317,
test_021318,
test_021319,
test_021320,
test_021321,
test_021322,
test_021323,
test_021324,
test_021325,
test_021326,
test_021327,
test_021328,
test_021329,
test_021330,
test_021331,
test_021332,
test_021333,
test_021334,
test_021335,
test_021336,
test_021337,
test_021338,
test_021339,
test_021340,
test_021341,
test_021342,
test_021343,
test_021344,
test_021345,
test_021346,
test_021347,
test_021348,
test_021349,
test_021350,
test_021351,
test_021352,
test_021353,
test_021354,
test_021355,
test_021356,
test_021357,
test_021358,
test_021359,
test_021360,
test_021361,
test_021362,
test_021363,
test_021364,
test_021365,
test_021366,
test_021367,
test_021368,
test_021369,
test_021370,
test_021371,
test_021372,
test_021373,
test_021374,
test_021375,
test_021376,
test_021377,
test_021378,
test_021379,
test_021380,
test_021381,
test_021382,
test_021383,
test_021384,
test_021385,
test_021386,
test_021387,
test_021388,
test_021389,
test_021390,
test_021391,
test_021392,
test_021393,
test_021394,
test_021395,
test_021396,
test_021397,
test_021398,
test_021399,
test_021400,
test_021401,
test_021402,
test_021403,
test_021404,
test_021405,
test_021406,
test_021407,
test_021408,
test_021409,
test_021410,
test_021411,
test_021412,
test_021413,
test_021414,
test_021415,
test_021416,
test_021417,
test_021418,
test_021419,
test_021420,
test_021421,
test_021422,
test_021423,
test_021424,
test_021425,
test_021426,
test_021427,
test_021428,
test_021429,
test_021430,
test_021431,
test_021432,
test_021433,
test_021434,
test_021435,
test_021436,
test_021437,
test_021438,
test_021439,
test_021440,
test_021441,
test_021442,
test_021443,
test_021444,
test_021445,
test_021446,
test_021447,
test_021448,
test_021449,
test_021450,
test_021451,
test_021452,
test_021453,
test_021454,
test_021455,
test_021456,
test_021457,
test_021458,
test_021459,
test_021460,
test_021461,
test_021462,
test_021463,
test_021464,
test_021465,
test_021466,
test_021467,
test_021468,
test_021469,
test_021470,
test_021471,
test_021472,
test_021473,
test_021474,
test_021475,
test_021476,
test_021477,
test_021478,
test_021479,
test_021480,
test_021481,
test_021482,
test_021483,
test_021484,
test_021485,
test_021486,
test_021487,
test_021488,
test_021489,
test_021490,
test_021491,
test_021492,
test_021493,
test_021494,
test_021495,
test_021496,
test_021497,
test_021498,
test_021499,
test_021500,
test_021501,
test_021502,
test_021503,
test_021504,
test_021505,
test_021506,
test_021507,
test_021508,
test_021509,
test_021510,
test_021511,
test_021512,
test_021513,
test_021514,
test_021515,
test_021516,
test_021517,
test_021518,
test_021519,
test_021520,
test_021521,
test_021522,
test_021523,
test_021524,
test_021525,
test_021526,
test_021527,
test_021528,
test_021529,
test_021530,
test_021531,
test_021532,
test_021533,
test_021534,
test_021535,
test_021536,
test_021537,
test_021538,
test_021539,
test_021540,
test_021541,
test_021542,
test_021543,
test_021544,
test_021545,
test_021546,
test_021547,
test_021548,
test_021549,
test_021550,
test_021551,
test_021552,
test_021553,
test_021554,
test_021555,
test_021556,
test_021557,
test_021558,
test_021559,
test_021560,
test_021561,
test_021562,
test_021563,
test_021564,
test_021565,
test_021566,
test_021567,
test_021568,
test_021569,
test_021570,
test_021571,
test_021572,
test_021573,
test_021574,
test_021575,
test_021576,
test_021577,
test_021578,
test_021579,
test_021580,
test_021581,
test_021582,
test_021583,
test_021584,
test_021585,
test_021586,
test_021587,
test_021588,
test_021589,
test_021590,
test_021591,
test_021592,
test_021593,
test_021594,
test_021595,
test_021596,
test_021597,
test_021598,
test_021599,
test_021600,
test_021601,
test_021602,
test_021603,
test_021604,
test_021605,
test_021606,
test_021607,
test_021608,
test_021609,
test_021610,
test_021611,
test_021612,
test_021613,
test_021614,
test_021615,
test_021616,
test_021617,
test_021618,
test_021619,
test_021620,
test_021621,
test_021622,
test_021623,
test_021624,
test_021625,
test_021626,
test_021627,
test_021628,
test_021629,
test_021630,
test_021631,
test_021632,
test_021633,
test_021634,
test_021635,
test_021636,
test_021637,
test_021638,
test_021639,
test_021640,
test_021641,
test_021642,
test_021643,
test_021644,
test_021645,
test_021646,
test_021647,
test_021648,
test_021649,
test_021650,
test_021651,
test_021652,
test_021653,
test_021654,
test_021655,
test_021656,
test_021657,
test_021658,
test_021659,
test_021660,
test_021661,
test_021662,
test_021663,
test_021664,
test_021665,
test_021666,
test_021667,
test_021668,
test_021669,
test_021670,
test_021671,
test_021672,
test_021673,
test_021674,
test_021675,
test_021676,
test_021677,
test_021678,
test_021679,
test_021680,
test_021681,
test_021682,
test_021683,
test_021684,
test_021685,
test_021686,
test_021687,
test_021688,
test_021689,
test_021690,
test_021691,
test_021692,
test_021693,
test_021694,
test_021695,
test_021696,
test_021697,
test_021698,
test_021699,
test_021700,
test_021701,
test_021702,
test_021703,
test_021704,
test_021705,
test_021706,
test_021707,
test_021708,
test_021709,
test_021710,
test_021711,
test_021712,
test_021713,
test_021714,
test_021715,
test_021716,
test_021717,
test_021718,
test_021719,
test_021720,
test_021721,
test_021722,
test_021723,
test_021724,
test_021725,
test_021726,
test_021727,
test_021728,
test_021729,
test_021730,
test_021731,
test_021732,
test_021733,
test_021734,
test_021735,
test_021736,
test_021737,
test_021738,
test_021739,
test_021740,
test_021741,
test_021742,
test_021743,
test_021744,
test_021745,
test_021746,
test_021747,
test_021748,
test_021749,
test_021750,
test_021751,
test_021752,
test_021753,
test_021754,
test_021755,
test_021756,
test_021757,
test_021758,
test_021759,
test_021760,
test_021761,
test_021762,
test_021763,
test_021764,
test_021765,
test_021766,
test_021767,
test_021768,
test_021769,
test_021770,
test_021771,
test_021772,
test_021773,
test_021774,
test_021775,
test_021776,
test_021777,
test_021778,
test_021779,
test_021780,
test_021781,
test_021782,
test_021783,
test_021784,
test_021785,
test_021786,
test_021787,
test_021788,
test_021789,
test_021790,
test_021791,
test_021792,
test_021793,
test_021794,
test_021795,
test_021796,
test_021797,
test_021798,
test_021799,
test_021800,
test_021801,
test_021802,
test_021803,
test_021804,
test_021805,
test_021806,
test_021807,
test_021808,
test_021809,
test_021810,
test_021811,
test_021812,
test_021813,
test_021814,
test_021815,
test_021816,
test_021817,
test_021818,
test_021819,
test_021820,
test_021821,
test_021822,
test_021823,
test_021824,
test_021825,
test_021826,
test_021827,
test_021828,
test_021829,
test_021830,
test_021831,
test_021832,
test_021833,
test_021834,
test_021835,
test_021836,
test_021837,
test_021838,
test_021839,
test_021840,
test_021841,
test_021842,
test_021843,
test_021844,
test_021845,
test_021846,
test_021847,
test_021848,
test_021849,
test_021850,
test_021851,
test_021852,
test_021853,
test_021854,
test_021855,
test_021856,
test_021857,
test_021858,
test_021859,
test_021860,
test_021861,
test_021862,
test_021863,
test_021864,
test_021865,
test_021866,
test_021867,
test_021868,
test_021869,
test_021870,
test_021871,
test_021872,
test_021873,
test_021874,
test_021875,
test_021876,
test_021877,
test_021878,
test_021879,
test_021880,
test_021881,
test_021882,
test_021883,
test_021884,
test_021885,
test_021886,
test_021887,
test_021888,
test_021889,
test_021890,
test_021891,
test_021892,
test_021893,
test_021894,
test_021895,
test_021896,
test_021897,
test_021898,
test_021899,
test_021900,
test_021901,
test_021902,
test_021903,
test_021904,
test_021905,
test_021906,
test_021907,
test_021908,
test_021909,
test_021910,
test_021911,
test_021912,
test_021913,
test_021914,
test_021915,
test_021916,
test_021917,
test_021918,
test_021919,
test_021920,
test_021921,
test_021922,
test_021923,
test_021924,
test_021925,
test_021926,
test_021927,
test_021928,
test_021929,
test_021930,
test_021931,
test_021932,
test_021933,
test_021934,
test_021935,
test_021936,
test_021937,
test_021938,
test_021939,
test_021940,
test_021941,
test_021942,
test_021943,
test_021944,
test_021945,
test_021946,
test_021947,
test_021948,
test_021949,
test_021950,
test_021951,
test_021952,
test_021953,
test_021954,
test_021955,
test_021956,
test_021957,
test_021958,
test_021959,
test_021960,
test_021961,
test_021962,
test_021963,
test_021964,
test_021965,
test_021966,
test_021967,
test_021968,
test_021969,
test_021970,
test_021971,
test_021972,
test_021973,
test_021974,
test_021975,
test_021976,
test_021977,
test_021978,
test_021979,
test_021980,
test_021981,
test_021982,
test_021983,
test_021984,
test_021985,
test_021986,
test_021987,
test_021988,
test_021989,
test_021990,
test_021991,
test_021992,
test_021993,
test_021994,
test_021995,
test_021996,
test_021997,
test_021998,
test_021999,
test_022000,
test_022001,
test_022002,
test_022003,
test_022004,
test_022005,
test_022006,
test_022007,
test_022008,
test_022009,
test_022010,
test_022011,
test_022012,
test_022013,
test_022014,
test_022015,
test_022016,
test_022017,
test_022018,
test_022019,
test_022020,
test_022021,
test_022022,
test_022023,
test_022024,
test_022025,
test_022026,
test_022027,
test_022028,
test_022029,
test_022030,
test_022031,
test_022032,
test_022033,
test_022034,
test_022035,
test_022036,
test_022037,
test_022038,
test_022039,
test_022040,
test_022041,
test_022042,
test_022043,
test_022044,
test_022045,
test_022046,
test_022047,
test_022048,
test_022049,
test_022050,
test_022051,
test_022052,
test_022053,
test_022054,
test_022055,
test_022056,
test_022057,
test_022058,
test_022059,
test_022060,
test_022061,
test_022062,
test_022063,
test_022064,
test_022065,
test_022066,
test_022067,
test_022068,
test_022069,
test_022070,
test_022071,
test_022072,
test_022073,
test_022074,
test_022075,
test_022076,
test_022077,
test_022078,
test_022079,
test_022080,
test_022081,
test_022082,
test_022083,
test_022084,
test_022085,
test_022086,
test_022087,
test_022088,
test_022089,
test_022090,
test_022091,
test_022092,
test_022093,
test_022094,
test_022095,
test_022096,
test_022097,
test_022098,
test_022099,
test_022100,
test_022101,
test_022102,
test_022103,
test_022104,
test_022105,
test_022106,
test_022107,
test_022108,
test_022109,
test_022110,
test_022111,
test_022112,
test_022113,
test_022114,
test_022115,
test_022116,
test_022117,
test_022118,
test_022119,
test_022120,
test_022121,
test_022122,
test_022123,
test_022124,
test_022125,
test_022126,
test_022127,
test_022128,
test_022129,
test_022130,
test_022131,
test_022132,
test_022133,
test_022134,
test_022135,
test_022136,
test_022137,
test_022138,
test_022139,
test_022140,
test_022141,
test_022142,
test_022143,
test_022144,
test_022145,
test_022146,
test_022147,
test_022148,
test_022149,
test_022150,
test_022151,
test_022152,
test_022153,
test_022154,
test_022155,
test_022156,
test_022157,
test_022158,
test_022159,
test_022160,
test_022161,
test_022162,
test_022163,
test_022164,
test_022165,
test_022166,
test_022167,
test_022168,
test_022169,
test_022170,
test_022171,
test_022172,
test_022173,
test_022174,
test_022175,
test_022176,
test_022177,
test_022178,
test_022179,
test_022180,
test_022181,
test_022182,
test_022183,
test_022184,
test_022185,
test_022186,
test_022187,
test_022188,
test_022189,
test_022190,
test_022191,
test_022192,
test_022193,
test_022194,
test_022195,
test_022196,
test_022197,
test_022198,
test_022199,
test_022200,
test_022201,
test_022202,
test_022203,
test_022204,
test_022205,
test_022206,
test_022207,
test_022208,
test_022209,
test_022210,
test_022211,
test_022212,
test_022213,
test_022214,
test_022215,
test_022216,
test_022217,
test_022218,
test_022219,
test_022220,
test_022221,
test_022222,
test_022223,
test_022224,
test_022225,
test_022226,
test_022227,
test_022228,
test_022229,
test_022230,
test_022231,
test_022232,
test_022233,
test_022234,
test_022235,
test_022236,
test_022237,
test_022238,
test_022239,
test_022240,
test_022241,
test_022242,
test_022243,
test_022244,
test_022245,
test_022246,
test_022247,
test_022248,
test_022249,
test_022250,
test_022251,
test_022252,
test_022253,
test_022254,
test_022255,
test_022256,
test_022257,
test_022258,
test_022259,
test_022260,
test_022261,
test_022262,
test_022263,
test_022264,
test_022265,
test_022266,
test_022267,
test_022268,
test_022269,
test_022270,
test_022271,
test_022272,
test_022273,
test_022274,
test_022275,
test_022276,
test_022277,
test_022278,
test_022279,
test_022280,
test_022281,
test_022282,
test_022283,
test_022284,
test_022285,
test_022286,
test_022287,
test_022288,
test_022289,
test_022290,
test_022291,
test_022292,
test_022293,
test_022294,
test_022295,
test_022296,
test_022297,
test_022298,
test_022299,
test_022300,
test_022301,
test_022302,
test_022303,
test_022304,
test_022305,
test_022306,
test_022307,
test_022308,
test_022309,
test_022310,
test_022311,
test_022312,
test_022313,
test_022314,
test_022315,
test_022316,
test_022317,
test_022318,
test_022319,
test_022320,
test_022321,
test_022322,
test_022323,
test_022324,
test_022325,
test_022326,
test_022327,
test_022328,
test_022329,
test_022330,
test_022331,
test_022332,
test_022333,
test_022334,
test_022335,
test_022336,
test_022337,
test_022338,
test_022339,
test_022340,
test_022341,
test_022342,
test_022343,
test_022344,
test_022345,
test_022346,
test_022347,
test_022348,
test_022349,
test_022350,
test_022351,
test_022352,
test_022353,
test_022354,
test_022355,
test_022356,
test_022357,
test_022358,
test_022359,
test_022360,
test_022361,
test_022362,
test_022363,
test_022364,
test_022365,
test_022366,
test_022367,
test_022368,
test_022369,
test_022370,
test_022371,
test_022372,
test_022373,
test_022374,
test_022375,
test_022376,
test_022377,
test_022378,
test_022379,
test_022380,
test_022381,
test_022382,
test_022383,
test_022384,
test_022385,
test_022386,
test_022387,
test_022388,
test_022389,
test_022390,
test_022391,
test_022392,
test_022393,
test_022394,
test_022395,
test_022396,
test_022397,
test_022398,
test_022399,
test_022400,
test_022401,
test_022402,
test_022403,
test_022404,
test_022405,
test_022406,
test_022407,
test_022408,
test_022409,
test_022410,
test_022411,
test_022412,
test_022413,
test_022414,
test_022415,
test_022416,
test_022417,
test_022418,
test_022419,
test_022420,
test_022421,
test_022422,
test_022423,
test_022424,
test_022425,
test_022426,
test_022427,
test_022428,
test_022429,
test_022430,
test_022431,
test_022432,
test_022433,
test_022434,
test_022435,
test_022436,
test_022437,
test_022438,
test_022439,
test_022440,
test_022441,
test_022442,
test_022443,
test_022444,
test_022445,
test_022446,
test_022447,
test_022448,
test_022449,
test_022450,
test_022451,
test_022452,
test_022453,
test_022454,
test_022455,
test_022456,
test_022457,
test_022458,
test_022459,
test_022460,
test_022461,
test_022462,
test_022463,
test_022464,
test_022465,
test_022466,
test_022467,
test_022468,
test_022469,
test_022470,
test_022471,
test_022472,
test_022473,
test_022474,
test_022475,
test_022476,
test_022477,
test_022478,
test_022479,
test_022480,
test_022481,
test_022482,
test_022483,
test_022484,
test_022485,
test_022486,
test_022487,
test_022488,
test_022489,
test_022490,
test_022491,
test_022492,
test_022493,
test_022494,
test_022495,
test_022496,
test_022497,
test_022498,
test_022499,
test_022500,
test_022501,
test_022502,
test_022503,
test_022504,
test_022505,
test_022506,
test_022507,
test_022508,
test_022509,
test_022510,
test_022511,
test_022512,
test_022513,
test_022514,
test_022515,
test_022516,
test_022517,
test_022518,
test_022519,
test_022520,
test_022521,
test_022522,
test_022523,
test_022524,
test_022525,
test_022526,
test_022527,
test_022528,
test_022529,
test_022530,
test_022531,
test_022532,
test_022533,
test_022534,
test_022535,
test_022536,
test_022537,
test_022538,
test_022539,
test_022540,
test_022541,
test_022542,
test_022543,
test_022544,
test_022545,
test_022546,
test_022547,
test_022548,
test_022549,
test_022550,
test_022551,
test_022552,
test_022553,
test_022554,
test_022555,
test_022556,
test_022557,
test_022558,
test_022559,
test_022560,
test_022561,
test_022562,
test_022563,
test_022564,
test_022565,
test_022566,
test_022567,
test_022568,
test_022569,
test_022570,
test_022571,
test_022572,
test_022573,
test_022574,
test_022575,
test_022576,
test_022577,
test_022578,
test_022579,
test_022580,
test_022581,
test_022582,
test_022583,
test_022584,
test_022585,
test_022586,
test_022587,
test_022588,
test_022589,
test_022590,
test_022591,
test_022592,
test_022593,
test_022594,
test_022595,
test_022596,
test_022597,
test_022598,
test_022599,
test_022600,
test_022601,
test_022602,
test_022603,
test_022604,
test_022605,
test_022606,
test_022607,
test_022608,
test_022609,
test_022610,
test_022611,
test_022612,
test_022613,
test_022614,
test_022615,
test_022616,
test_022617,
test_022618,
test_022619,
test_022620,
test_022621,
test_022622,
test_022623,
test_022624,
test_022625,
test_022626,
test_022627,
test_022628,
test_022629,
test_022630,
test_022631,
test_022632,
test_022633,
test_022634,
test_022635,
test_022636,
test_022637,
test_022638,
test_022639,
test_022640,
test_022641,
test_022642,
test_022643,
test_022644,
test_022645,
test_022646,
test_022647,
test_022648,
test_022649,
test_022650,
test_022651,
test_022652,
test_022653,
test_022654,
test_022655,
test_022656,
test_022657,
test_022658,
test_022659,
test_022660,
test_022661,
test_022662,
test_022663,
test_022664,
test_022665,
test_022666,
test_022667,
test_022668,
test_022669,
test_022670,
test_022671,
test_022672,
test_022673,
test_022674,
test_022675,
test_022676,
test_022677,
test_022678,
test_022679,
test_022680,
test_022681,
test_022682,
test_022683,
test_022684,
test_022685,
test_022686,
test_022687,
test_022688,
test_022689,
test_022690,
test_022691,
test_022692,
test_022693,
test_022694,
test_022695,
test_022696,
test_022697,
test_022698,
test_022699,
test_022700,
test_022701,
test_022702,
test_022703,
test_022704,
test_022705,
test_022706,
test_022707,
test_022708,
test_022709,
test_022710,
test_022711,
test_022712,
test_022713,
test_022714,
test_022715,
test_022716,
test_022717,
test_022718,
test_022719,
test_022720,
test_022721,
test_022722,
test_022723,
test_022724,
test_022725,
test_022726,
test_022727,
test_022728,
test_022729,
test_022730,
test_022731,
test_022732,
test_022733,
test_022734,
test_022735,
test_022736,
test_022737,
test_022738,
test_022739,
test_022740,
test_022741,
test_022742,
test_022743,
test_022744,
test_022745,
test_022746,
test_022747,
test_022748,
test_022749,
test_022750,
test_022751,
test_022752,
test_022753,
test_022754,
test_022755,
test_022756,
test_022757,
test_022758,
test_022759,
test_022760,
test_022761,
test_022762,
test_022763,
test_022764,
test_022765,
test_022766,
test_022767,
test_022768,
test_022769,
test_022770,
test_022771,
test_022772,
test_022773,
test_022774,
test_022775,
test_022776,
test_022777,
test_022778,
test_022779,
test_022780,
test_022781,
test_022782,
test_022783,
test_022784,
test_022785,
test_022786,
test_022787,
test_022788,
test_022789,
test_022790,
test_022791,
test_022792,
test_022793,
test_022794,
test_022795,
test_022796,
test_022797,
test_022798,
test_022799,
test_022800,
test_022801,
test_022802,
test_022803,
test_022804,
test_022805,
test_022806,
test_022807,
test_022808,
test_022809,
test_022810,
test_022811,
test_022812,
test_022813,
test_022814,
test_022815,
test_022816,
test_022817,
test_022818,
test_022819,
test_022820,
test_022821,
test_022822,
test_022823,
test_022824,
test_022825,
test_022826,
test_022827,
test_022828,
test_022829,
test_022830,
test_022831,
test_022832,
test_022833,
test_022834,
test_022835,
test_022836,
test_022837,
test_022838,
test_022839,
test_022840,
test_022841,
test_022842,
test_022843,
test_022844,
test_022845,
test_022846,
test_022847,
test_022848,
test_022849,
test_022850,
test_022851,
test_022852,
test_022853,
test_022854,
test_022855,
test_022856,
test_022857,
test_022858,
test_022859,
test_022860,
test_022861,
test_022862,
test_022863,
test_022864,
test_022865,
test_022866,
test_022867,
test_022868,
test_022869,
test_022870,
test_022871,
test_022872,
test_022873,
test_022874,
test_022875,
test_022876,
test_022877,
test_022878,
test_022879,
test_022880,
test_022881,
test_022882,
test_022883,
test_022884,
test_022885,
test_022886,
test_022887,
test_022888,
test_022889,
test_022890,
test_022891,
test_022892,
test_022893,
test_022894,
test_022895,
test_022896,
test_022897,
test_022898,
test_022899,
test_022900,
test_022901,
test_022902,
test_022903,
test_022904,
test_022905,
test_022906,
test_022907,
test_022908,
test_022909,
test_022910,
test_022911,
test_022912,
test_022913,
test_022914,
test_022915,
test_022916,
test_022917,
test_022918,
test_022919,
test_022920,
test_022921,
test_022922,
test_022923,
test_022924,
test_022925,
test_022926,
test_022927,
test_022928,
test_022929,
test_022930,
test_022931,
test_022932,
test_022933,
test_022934,
test_022935,
test_022936,
test_022937,
test_022938,
test_022939,
test_022940,
test_022941,
test_022942,
test_022943,
test_022944,
test_022945,
test_022946,
test_022947,
test_022948,
test_022949,
test_022950,
test_022951,
test_022952,
test_022953,
test_022954,
test_022955,
test_022956,
test_022957,
test_022958,
test_022959,
test_022960,
test_022961,
test_022962,
test_022963,
test_022964,
test_022965,
test_022966,
test_022967,
test_022968,
test_022969,
test_022970,
test_022971,
test_022972,
test_022973,
test_022974,
test_022975,
test_022976,
test_022977,
test_022978,
test_022979,
test_022980,
test_022981,
test_022982,
test_022983,
test_022984,
test_022985,
test_022986,
test_022987,
test_022988,
test_022989,
test_022990,
test_022991,
test_022992,
test_022993,
test_022994,
test_022995,
test_022996,
test_022997,
test_022998,
test_022999,
test_023000,
test_023001,
test_023002,
test_023003,
test_023004,
test_023005,
test_023006,
test_023007,
test_023008,
test_023009,
test_023010,
test_023011,
test_023012,
test_023013,
test_023014,
test_023015,
test_023016,
test_023017,
test_023018,
test_023019,
test_023020,
test_023021,
test_023022,
test_023023,
test_023024,
test_023025,
test_023026,
test_023027,
test_023028,
test_023029,
test_023030,
test_023031,
test_023032,
test_023033,
test_023034,
test_023035,
test_023036,
test_023037,
test_023038,
test_023039,
test_023040,
test_023041,
test_023042,
test_023043,
test_023044,
test_023045,
test_023046,
test_023047,
test_023048,
test_023049,
test_023050,
test_023051,
test_023052,
test_023053,
test_023054,
test_023055,
test_023056,
test_023057,
test_023058,
test_023059,
test_023060,
test_023061,
test_023062,
test_023063,
test_023064,
test_023065,
test_023066,
test_023067,
test_023068,
test_023069,
test_023070,
test_023071,
test_023072,
test_023073,
test_023074,
test_023075,
test_023076,
test_023077,
test_023078,
test_023079,
test_023080,
test_023081,
test_023082,
test_023083,
test_023084,
test_023085,
test_023086,
test_023087,
test_023088,
test_023089,
test_023090,
test_023091,
test_023092,
test_023093,
test_023094,
test_023095,
test_023096,
test_023097,
test_023098,
test_023099,
test_023100,
test_023101,
test_023102,
test_023103,
test_023104,
test_023105,
test_023106,
test_023107,
test_023108,
test_023109,
test_023110,
test_023111,
test_023112,
test_023113,
test_023114,
test_023115,
test_023116,
test_023117,
test_023118,
test_023119,
test_023120,
test_023121,
test_023122,
test_023123,
test_023124,
test_023125,
test_023126,
test_023127,
test_023128,
test_023129,
test_023130,
test_023131,
test_023132,
test_023133,
test_023134,
test_023135,
test_023136,
test_023137,
test_023138,
test_023139,
test_023140,
test_023141,
test_023142,
test_023143,
test_023144,
test_023145,
test_023146,
test_023147,
test_023148,
test_023149,
test_023150,
test_023151,
test_023152,
test_023153,
test_023154,
test_023155,
test_023156,
test_023157,
test_023158,
test_023159,
test_023160,
test_023161,
test_023162,
test_023163,
test_023164,
test_023165,
test_023166,
test_023167,
test_023168,
test_023169,
test_023170,
test_023171,
test_023172,
test_023173,
test_023174,
test_023175,
test_023176,
test_023177,
test_023178,
test_023179,
test_023180,
test_023181,
test_023182,
test_023183,
test_023184,
test_023185,
test_023186,
test_023187,
test_023188,
test_023189,
test_023190,
test_023191,
test_023192,
test_023193,
test_023194,
test_023195,
test_023196,
test_023197,
test_023198,
test_023199,
test_023200,
test_023201,
test_023202,
test_023203,
test_023204,
test_023205,
test_023206,
test_023207,
test_023208,
test_023209,
test_023210,
test_023211,
test_023212,
test_023213,
test_023214,
test_023215,
test_023216,
test_023217,
test_023218,
test_023219,
test_023220,
test_023221,
test_023222,
test_023223,
test_023224,
test_023225,
test_023226,
test_023227,
test_023228,
test_023229,
test_023230,
test_023231,
test_023232,
test_023233,
test_023234,
test_023235,
test_023236,
test_023237,
test_023238,
test_023239,
test_023240,
test_023241,
test_023242,
test_023243,
test_023244,
test_023245,
test_023246,
test_023247,
test_023248,
test_023249,
test_023250,
test_023251,
test_023252,
test_023253,
test_023254,
test_023255,
test_023256,
test_023257,
test_023258,
test_023259,
test_023260,
test_023261,
test_023262,
test_023263,
test_023264,
test_023265,
test_023266,
test_023267,
test_023268,
test_023269,
test_023270,
test_023271,
test_023272,
test_023273,
test_023274,
test_023275,
test_023276,
test_023277,
test_023278,
test_023279,
test_023280,
test_023281,
test_023282,
test_023283,
test_023284,
test_023285,
test_023286,
test_023287,
test_023288,
test_023289,
test_023290,
test_023291,
test_023292,
test_023293,
test_023294,
test_023295,
test_023296,
test_023297,
test_023298,
test_023299,
test_023300,
test_023301,
test_023302,
test_023303,
test_023304,
test_023305,
test_023306,
test_023307,
test_023308,
test_023309,
test_023310,
test_023311,
test_023312,
test_023313,
test_023314,
test_023315,
test_023316,
test_023317,
test_023318,
test_023319,
test_023320,
test_023321,
test_023322,
test_023323,
test_023324,
test_023325,
test_023326,
test_023327,
test_023328,
test_023329,
test_023330,
test_023331,
test_023332,
test_023333,
test_023334,
test_023335,
test_023336,
test_023337,
test_023338,
test_023339,
test_023340,
test_023341,
test_023342,
test_023343,
test_023344,
test_023345,
test_023346,
test_023347,
test_023348,
test_023349,
test_023350,
test_023351,
test_023352,
test_023353,
test_023354,
test_023355,
test_023356,
test_023357,
test_023358,
test_023359,
test_023360,
test_023361,
test_023362,
test_023363,
test_023364,
test_023365,
test_023366,
test_023367,
test_023368,
test_023369,
test_023370,
test_023371,
test_023372,
test_023373,
test_023374,
test_023375,
test_023376,
test_023377,
test_023378,
test_023379,
test_023380,
test_023381,
test_023382,
test_023383,
test_023384,
test_023385,
test_023386,
test_023387,
test_023388,
test_023389,
test_023390,
test_023391,
test_023392,
test_023393,
test_023394,
test_023395,
test_023396,
test_023397,
test_023398,
test_023399,
test_023400,
test_023401,
test_023402,
test_023403,
test_023404,
test_023405,
test_023406,
test_023407,
test_023408,
test_023409,
test_023410,
test_023411,
test_023412,
test_023413,
test_023414,
test_023415,
test_023416,
test_023417,
test_023418,
test_023419,
test_023420,
test_023421,
test_023422,
test_023423,
test_023424,
test_023425,
test_023426,
test_023427,
test_023428,
test_023429,
test_023430,
test_023431,
test_023432,
test_023433,
test_023434,
test_023435,
test_023436,
test_023437,
test_023438,
test_023439,
test_023440,
test_023441,
test_023442,
test_023443,
test_023444,
test_023445,
test_023446,
test_023447,
test_023448,
test_023449,
test_023450,
test_023451,
test_023452,
test_023453,
test_023454,
test_023455,
test_023456,
test_023457,
test_023458,
test_023459,
test_023460,
test_023461,
test_023462,
test_023463,
test_023464,
test_023465,
test_023466,
test_023467,
test_023468,
test_023469,
test_023470,
test_023471,
test_023472,
test_023473,
test_023474,
test_023475,
test_023476,
test_023477,
test_023478,
test_023479,
test_023480,
test_023481,
test_023482,
test_023483,
test_023484,
test_023485,
test_023486,
test_023487,
test_023488,
test_023489,
test_023490,
test_023491,
test_023492,
test_023493,
test_023494,
test_023495,
test_023496,
test_023497,
test_023498,
test_023499,
test_023500,
test_023501,
test_023502,
test_023503,
test_023504,
test_023505,
test_023506,
test_023507,
test_023508,
test_023509,
test_023510,
test_023511,
test_023512,
test_023513,
test_023514,
test_023515,
test_023516,
test_023517,
test_023518,
test_023519,
test_023520,
test_023521,
test_023522,
test_023523,
test_023524,
test_023525,
test_023526,
test_023527,
test_023528,
test_023529,
test_023530,
test_023531,
test_023532,
test_023533,
test_023534,
test_023535,
test_023536,
test_023537,
test_023538,
test_023539,
test_023540,
test_023541,
test_023542,
test_023543,
test_023544,
test_023545,
test_023546,
test_023547,
test_023548,
test_023549,
test_023550,
test_023551,
test_023552,
test_023553,
test_023554,
test_023555,
test_023556,
test_023557,
test_023558,
test_023559,
test_023560,
test_023561,
test_023562,
test_023563,
test_023564,
test_023565,
test_023566,
test_023567,
test_023568,
test_023569,
test_023570,
test_023571,
test_023572,
test_023573,
test_023574,
test_023575,
test_023576,
test_023577,
test_023578,
test_023579,
test_023580,
test_023581,
test_023582,
test_023583,
test_023584,
test_023585,
test_023586,
test_023587,
test_023588,
test_023589,
test_023590,
test_023591,
test_023592,
test_023593,
test_023594,
test_023595,
test_023596,
test_023597,
test_023598,
test_023599,
test_023600,
test_023601,
test_023602,
test_023603,
test_023604,
test_023605,
test_023606,
test_023607,
test_023608,
test_023609,
test_023610,
test_023611,
test_023612,
test_023613,
test_023614,
test_023615,
test_023616,
test_023617,
test_023618,
test_023619,
test_023620,
test_023621,
test_023622,
test_023623,
test_023624,
test_023625,
test_023626,
test_023627,
test_023628,
test_023629,
test_023630,
test_023631,
test_023632,
test_023633,
test_023634,
test_023635,
test_023636,
test_023637,
test_023638,
test_023639,
test_023640,
test_023641,
test_023642,
test_023643,
test_023644,
test_023645,
test_023646,
test_023647,
test_023648,
test_023649,
test_023650,
test_023651,
test_023652,
test_023653,
test_023654,
test_023655,
test_023656,
test_023657,
test_023658,
test_023659,
test_023660,
test_023661,
test_023662,
test_023663,
test_023664,
test_023665,
test_023666,
test_023667,
test_023668,
test_023669,
test_023670,
test_023671,
test_023672,
test_023673,
test_023674,
test_023675,
test_023676,
test_023677,
test_023678,
test_023679,
test_023680,
test_023681,
test_023682,
test_023683,
test_023684,
test_023685,
test_023686,
test_023687,
test_023688,
test_023689,
test_023690,
test_023691,
test_023692,
test_023693,
test_023694,
test_023695,
test_023696,
test_023697,
test_023698,
test_023699,
test_023700,
test_023701,
test_023702,
test_023703,
test_023704,
test_023705,
test_023706,
test_023707,
test_023708,
test_023709,
test_023710,
test_023711,
test_023712,
test_023713,
test_023714,
test_023715,
test_023716,
test_023717,
test_023718,
test_023719,
test_023720,
test_023721,
test_023722,
test_023723,
test_023724,
test_023725,
test_023726,
test_023727,
test_023728,
test_023729,
test_023730,
test_023731,
test_023732,
test_023733,
test_023734,
test_023735,
test_023736,
test_023737,
test_023738,
test_023739,
test_023740,
test_023741,
test_023742,
test_023743,
test_023744,
test_023745,
test_023746,
test_023747,
test_023748,
test_023749,
test_023750,
test_023751,
test_023752,
test_023753,
test_023754,
test_023755,
test_023756,
test_023757,
test_023758,
test_023759,
test_023760,
test_023761,
test_023762,
test_023763,
test_023764,
test_023765,
test_023766,
test_023767,
test_023768,
test_023769,
test_023770,
test_023771,
test_023772,
test_023773,
test_023774,
test_023775,
test_023776,
test_023777,
test_023778,
test_023779,
test_023780,
test_023781,
test_023782,
test_023783,
test_023784,
test_023785,
test_023786,
test_023787,
test_023788,
test_023789,
test_023790,
test_023791,
test_023792,
test_023793,
test_023794,
test_023795,
test_023796,
test_023797,
test_023798,
test_023799,
test_023800,
test_023801,
test_023802,
test_023803,
test_023804,
test_023805,
test_023806,
test_023807,
test_023808,
test_023809,
test_023810,
test_023811,
test_023812,
test_023813,
test_023814,
test_023815,
test_023816,
test_023817,
test_023818,
test_023819,
test_023820,
test_023821,
test_023822,
test_023823,
test_023824,
test_023825,
test_023826,
test_023827,
test_023828,
test_023829,
test_023830,
test_023831,
test_023832,
test_023833,
test_023834,
test_023835,
test_023836,
test_023837,
test_023838,
test_023839,
test_023840,
test_023841,
test_023842,
test_023843,
test_023844,
test_023845,
test_023846,
test_023847,
test_023848,
test_023849,
test_023850,
test_023851,
test_023852,
test_023853,
test_023854,
test_023855,
test_023856,
test_023857,
test_023858,
test_023859,
test_023860,
test_023861,
test_023862,
test_023863,
test_023864,
test_023865,
test_023866,
test_023867,
test_023868,
test_023869,
test_023870,
test_023871,
test_023872,
test_023873,
test_023874,
test_023875,
test_023876,
test_023877,
test_023878,
test_023879,
test_023880,
test_023881,
test_023882,
test_023883,
test_023884,
test_023885,
test_023886,
test_023887,
test_023888,
test_023889,
test_023890,
test_023891,
test_023892,
test_023893,
test_023894,
test_023895,
test_023896,
test_023897,
test_023898,
test_023899,
test_023900,
test_023901,
test_023902,
test_023903,
test_023904,
test_023905,
test_023906,
test_023907,
test_023908,
test_023909,
test_023910,
test_023911,
test_023912,
test_023913,
test_023914,
test_023915,
test_023916,
test_023917,
test_023918,
test_023919,
test_023920,
test_023921,
test_023922,
test_023923,
test_023924,
test_023925,
test_023926,
test_023927,
test_023928,
test_023929,
test_023930,
test_023931,
test_023932,
test_023933,
test_023934,
test_023935,
test_023936,
test_023937,
test_023938,
test_023939,
test_023940,
test_023941,
test_023942,
test_023943,
test_023944,
test_023945,
test_023946,
test_023947,
test_023948,
test_023949,
test_023950,
test_023951,
test_023952,
test_023953,
test_023954,
test_023955,
test_023956,
test_023957,
test_023958,
test_023959,
test_023960,
test_023961,
test_023962,
test_023963,
test_023964,
test_023965,
test_023966,
test_023967,
test_023968,
test_023969,
test_023970,
test_023971,
test_023972,
test_023973,
test_023974,
test_023975,
test_023976,
test_023977,
test_023978,
test_023979,
test_023980,
test_023981,
test_023982,
test_023983,
test_023984,
test_023985,
test_023986,
test_023987,
test_023988,
test_023989,
test_023990,
test_023991,
test_023992,
test_023993,
test_023994,
test_023995,
test_023996,
test_023997,
test_023998,
test_023999,
test_024000,
test_024001,
test_024002,
test_024003,
test_024004,
test_024005,
test_024006,
test_024007,
test_024008,
test_024009,
test_024010,
test_024011,
test_024012,
test_024013,
test_024014,
test_024015,
test_024016,
test_024017,
test_024018,
test_024019,
test_024020,
test_024021,
test_024022,
test_024023,
test_024024,
test_024025,
test_024026,
test_024027,
test_024028,
test_024029,
test_024030,
test_024031,
test_024032,
test_024033,
test_024034,
test_024035,
test_024036,
test_024037,
test_024038,
test_024039,
test_024040,
test_024041,
test_024042,
test_024043,
test_024044,
test_024045,
test_024046,
test_024047,
test_024048,
test_024049,
test_024050,
test_024051,
test_024052,
test_024053,
test_024054,
test_024055,
test_024056,
test_024057,
test_024058,
test_024059,
test_024060,
test_024061,
test_024062,
test_024063,
test_024064,
test_024065,
test_024066,
test_024067,
test_024068,
test_024069,
test_024070,
test_024071,
test_024072,
test_024073,
test_024074,
test_024075,
test_024076,
test_024077,
test_024078,
test_024079,
test_024080,
test_024081,
test_024082,
test_024083,
test_024084,
test_024085,
test_024086,
test_024087,
test_024088,
test_024089,
test_024090,
test_024091,
test_024092,
test_024093,
test_024094,
test_024095,
test_024096,
test_024097,
test_024098,
test_024099,
test_024100,
test_024101,
test_024102,
test_024103,
test_024104,
test_024105,
test_024106,
test_024107,
test_024108,
test_024109,
test_024110,
test_024111,
test_024112,
test_024113,
test_024114,
test_024115,
test_024116,
test_024117,
test_024118,
test_024119,
test_024120,
test_024121,
test_024122,
test_024123,
test_024124,
test_024125,
test_024126,
test_024127,
test_024128,
test_024129,
test_024130,
test_024131,
test_024132,
test_024133,
test_024134,
test_024135,
test_024136,
test_024137,
test_024138,
test_024139,
test_024140,
test_024141,
test_024142,
test_024143,
test_024144,
test_024145,
test_024146,
test_024147,
test_024148,
test_024149,
test_024150,
test_024151,
test_024152,
test_024153,
test_024154,
test_024155,
test_024156,
test_024157,
test_024158,
test_024159,
test_024160,
test_024161,
test_024162,
test_024163,
test_024164,
test_024165,
test_024166,
test_024167,
test_024168,
test_024169,
test_024170,
test_024171,
test_024172,
test_024173,
test_024174,
test_024175,
test_024176,
test_024177,
test_024178,
test_024179,
test_024180,
test_024181,
test_024182,
test_024183,
test_024184,
test_024185,
test_024186,
test_024187,
test_024188,
test_024189,
test_024190,
test_024191,
test_024192,
test_024193,
test_024194,
test_024195,
test_024196,
test_024197,
test_024198,
test_024199,
test_024200,
test_024201,
test_024202,
test_024203,
test_024204,
test_024205,
test_024206,
test_024207,
test_024208,
test_024209,
test_024210,
test_024211,
test_024212,
test_024213,
test_024214,
test_024215,
test_024216,
test_024217,
test_024218,
test_024219,
test_024220,
test_024221,
test_024222,
test_024223,
test_024224,
test_024225,
test_024226,
test_024227,
test_024228,
test_024229,
test_024230,
test_024231,
test_024232,
test_024233,
test_024234,
test_024235,
test_024236,
test_024237,
test_024238,
test_024239,
test_024240,
test_024241,
test_024242,
test_024243,
test_024244,
test_024245,
test_024246,
test_024247,
test_024248,
test_024249,
test_024250,
test_024251,
test_024252,
test_024253,
test_024254,
test_024255,
test_024256,
test_024257,
test_024258,
test_024259,
test_024260,
test_024261,
test_024262,
test_024263,
test_024264,
test_024265,
test_024266,
test_024267,
test_024268,
test_024269,
test_024270,
test_024271,
test_024272,
test_024273,
test_024274,
test_024275,
test_024276,
test_024277,
test_024278,
test_024279,
test_024280,
test_024281,
test_024282,
test_024283,
test_024284,
test_024285,
test_024286,
test_024287,
test_024288,
test_024289,
test_024290,
test_024291,
test_024292,
test_024293,
test_024294,
test_024295,
test_024296,
test_024297,
test_024298,
test_024299,
test_024300,
test_024301,
test_024302,
test_024303,
test_024304,
test_024305,
test_024306,
test_024307,
test_024308,
test_024309,
test_024310,
test_024311,
test_024312,
test_024313,
test_024314,
test_024315,
test_024316,
test_024317,
test_024318,
test_024319,
test_024320,
test_024321,
test_024322,
test_024323,
test_024324,
test_024325,
test_024326,
test_024327,
test_024328,
test_024329,
test_024330,
test_024331,
test_024332,
test_024333,
test_024334,
test_024335,
test_024336,
test_024337,
test_024338,
test_024339,
test_024340,
test_024341,
test_024342,
test_024343,
test_024344,
test_024345,
test_024346,
test_024347,
test_024348,
test_024349,
test_024350,
test_024351,
test_024352,
test_024353,
test_024354,
test_024355,
test_024356,
test_024357,
test_024358,
test_024359,
test_024360,
test_024361,
test_024362,
test_024363,
test_024364,
test_024365,
test_024366,
test_024367,
test_024368,
test_024369,
test_024370,
test_024371,
test_024372,
test_024373,
test_024374,
test_024375,
test_024376,
test_024377,
test_024378,
test_024379,
test_024380,
test_024381,
test_024382,
test_024383,
test_024384,
test_024385,
test_024386,
test_024387,
test_024388,
test_024389,
test_024390,
test_024391,
test_024392,
test_024393,
test_024394,
test_024395,
test_024396,
test_024397,
test_024398,
test_024399,
test_024400,
test_024401,
test_024402,
test_024403,
test_024404,
test_024405,
test_024406,
test_024407,
test_024408,
test_024409,
test_024410,
test_024411,
test_024412,
test_024413,
test_024414,
test_024415,
test_024416,
test_024417,
test_024418,
test_024419,
test_024420,
test_024421,
test_024422,
test_024423,
test_024424,
test_024425,
test_024426,
test_024427,
test_024428,
test_024429,
test_024430,
test_024431,
test_024432,
test_024433,
test_024434,
test_024435,
test_024436,
test_024437,
test_024438,
test_024439,
test_024440,
test_024441,
test_024442,
test_024443,
test_024444,
test_024445,
test_024446,
test_024447,
test_024448,
test_024449,
test_024450,
test_024451,
test_024452,
test_024453,
test_024454,
test_024455,
test_024456,
test_024457,
test_024458,
test_024459,
test_024460,
test_024461,
test_024462,
test_024463,
test_024464,
test_024465,
test_024466,
test_024467,
test_024468,
test_024469,
test_024470,
test_024471,
test_024472,
test_024473,
test_024474,
test_024475,
test_024476,
test_024477,
test_024478,
test_024479,
test_024480,
test_024481,
test_024482,
test_024483,
test_024484,
test_024485,
test_024486,
test_024487,
test_024488,
test_024489,
test_024490,
test_024491,
test_024492,
test_024493,
test_024494,
test_024495,
test_024496,
test_024497,
test_024498,
test_024499,
test_024500,
test_024501,
test_024502,
test_024503,
test_024504,
test_024505,
test_024506,
test_024507,
test_024508,
test_024509,
test_024510,
test_024511,
test_024512,
test_024513,
test_024514,
test_024515,
test_024516,
test_024517,
test_024518,
test_024519,
test_024520,
test_024521,
test_024522,
test_024523,
test_024524,
test_024525,
test_024526,
test_024527,
test_024528,
test_024529,
test_024530,
test_024531,
test_024532,
test_024533,
test_024534,
test_024535,
test_024536,
test_024537,
test_024538,
test_024539,
test_024540,
test_024541,
test_024542,
test_024543,
test_024544,
test_024545,
test_024546,
test_024547,
test_024548,
test_024549,
test_024550,
test_024551,
test_024552,
test_024553,
test_024554,
test_024555,
test_024556,
test_024557,
test_024558,
test_024559,
test_024560,
test_024561,
test_024562,
test_024563,
test_024564,
test_024565,
test_024566,
test_024567,
test_024568,
test_024569,
test_024570,
test_024571,
test_024572,
test_024573,
test_024574,
test_024575,
test_024576,
test_024577,
test_024578,
test_024579,
test_024580,
test_024581,
test_024582,
test_024583,
test_024584,
test_024585,
test_024586,
test_024587,
test_024588,
test_024589,
test_024590,
test_024591,
test_024592,
test_024593,
test_024594,
test_024595,
test_024596,
test_024597,
test_024598,
test_024599,
test_024600,
test_024601,
test_024602,
test_024603,
test_024604,
test_024605,
test_024606,
test_024607,
test_024608,
test_024609,
test_024610,
test_024611,
test_024612,
test_024613,
test_024614,
test_024615,
test_024616,
test_024617,
test_024618,
test_024619,
test_024620,
test_024621,
test_024622,
test_024623,
test_024624,
test_024625,
test_024626,
test_024627,
test_024628,
test_024629,
test_024630,
test_024631,
test_024632,
test_024633,
test_024634,
test_024635,
test_024636,
test_024637,
test_024638,
test_024639,
test_024640,
test_024641,
test_024642,
test_024643,
test_024644,
test_024645,
test_024646,
test_024647,
test_024648,
test_024649,
test_024650,
test_024651,
test_024652,
test_024653,
test_024654,
test_024655,
test_024656,
test_024657,
test_024658,
test_024659,
test_024660,
test_024661,
test_024662,
test_024663,
test_024664,
test_024665,
test_024666,
test_024667,
test_024668,
test_024669,
test_024670,
test_024671,
test_024672,
test_024673,
test_024674,
test_024675,
test_024676,
test_024677,
test_024678,
test_024679,
test_024680,
test_024681,
test_024682,
test_024683,
test_024684,
test_024685,
test_024686,
test_024687,
test_024688,
test_024689,
test_024690,
test_024691,
test_024692,
test_024693,
test_024694,
test_024695,
test_024696,
test_024697,
test_024698,
test_024699,
test_024700,
test_024701,
test_024702,
test_024703,
test_024704,
test_024705,
test_024706,
test_024707,
test_024708,
test_024709,
test_024710,
test_024711,
test_024712,
test_024713,
test_024714,
test_024715,
test_024716,
test_024717,
test_024718,
test_024719,
test_024720,
test_024721,
test_024722,
test_024723,
test_024724,
test_024725,
test_024726,
test_024727,
test_024728,
test_024729,
test_024730,
test_024731,
test_024732,
test_024733,
test_024734,
test_024735,
test_024736,
test_024737,
test_024738,
test_024739,
test_024740,
test_024741,
test_024742,
test_024743,
test_024744,
test_024745,
test_024746,
test_024747,
test_024748,
test_024749,
test_024750,
test_024751,
test_024752,
test_024753,
test_024754,
test_024755,
test_024756,
test_024757,
test_024758,
test_024759,
test_024760,
test_024761,
test_024762,
test_024763,
test_024764,
test_024765,
test_024766,
test_024767,
test_024768,
test_024769,
test_024770,
test_024771,
test_024772,
test_024773,
test_024774,
test_024775,
test_024776,
test_024777,
test_024778,
test_024779,
test_024780,
test_024781,
test_024782,
test_024783,
test_024784,
test_024785,
test_024786,
test_024787,
test_024788,
test_024789,
test_024790,
test_024791,
test_024792,
test_024793,
test_024794,
test_024795,
test_024796,
test_024797,
test_024798,
test_024799,
test_024800,
test_024801,
test_024802,
test_024803,
test_024804,
test_024805,
test_024806,
test_024807,
test_024808,
test_024809,
test_024810,
test_024811,
test_024812,
test_024813,
test_024814,
test_024815,
test_024816,
test_024817,
test_024818,
test_024819,
test_024820,
test_024821,
test_024822,
test_024823,
test_024824,
test_024825,
test_024826,
test_024827,
test_024828,
test_024829,
test_024830,
test_024831,
test_024832,
test_024833,
test_024834,
test_024835,
test_024836,
test_024837,
test_024838,
test_024839,
test_024840,
test_024841,
test_024842,
test_024843,
test_024844,
test_024845,
test_024846,
test_024847,
test_024848,
test_024849,
test_024850,
test_024851,
test_024852,
test_024853,
test_024854,
test_024855,
test_024856,
test_024857,
test_024858,
test_024859,
test_024860,
test_024861,
test_024862,
test_024863,
test_024864,
test_024865,
test_024866,
test_024867,
test_024868,
test_024869,
test_024870,
test_024871,
test_024872,
test_024873,
test_024874,
test_024875,
test_024876,
test_024877,
test_024878,
test_024879,
test_024880,
test_024881,
test_024882,
test_024883,
test_024884,
test_024885,
test_024886,
test_024887,
test_024888,
test_024889,
test_024890,
test_024891,
test_024892,
test_024893,
test_024894,
test_024895,
test_024896,
test_024897,
test_024898,
test_024899,
test_024900,
test_024901,
test_024902,
test_024903,
test_024904,
test_024905,
test_024906,
test_024907,
test_024908,
test_024909,
test_024910,
test_024911,
test_024912,
test_024913,
test_024914,
test_024915,
test_024916,
test_024917,
test_024918,
test_024919,
test_024920,
test_024921,
test_024922,
test_024923,
test_024924,
test_024925,
test_024926,
test_024927,
test_024928,
test_024929,
test_024930,
test_024931,
test_024932,
test_024933,
test_024934,
test_024935,
test_024936,
test_024937,
test_024938,
test_024939,
test_024940,
test_024941,
test_024942,
test_024943,
test_024944,
test_024945,
test_024946,
test_024947,
test_024948,
test_024949,
test_024950,
test_024951,
test_024952,
test_024953,
test_024954,
test_024955,
test_024956,
test_024957,
test_024958,
test_024959,
test_024960,
test_024961,
test_024962,
test_024963,
test_024964,
test_024965,
test_024966,
test_024967,
test_024968,
test_024969,
test_024970,
test_024971,
test_024972,
test_024973,
test_024974,
test_024975,
test_024976,
test_024977,
test_024978,
test_024979,
test_024980,
test_024981,
test_024982,
test_024983,
test_024984,
test_024985,
test_024986,
test_024987,
test_024988,
test_024989,
test_024990,
test_024991,
test_024992,
test_024993,
test_024994,
test_024995,
test_024996,
test_024997,
test_024998,
test_024999,
test_025000,
test_025001,
test_025002,
test_025003,
test_025004,
test_025005,
test_025006,
test_025007,
test_025008,
test_025009,
test_025010,
test_025011,
test_025012,
test_025013,
test_025014,
test_025015,
test_025016,
test_025017,
test_025018,
test_025019,
test_025020,
test_025021,
test_025022,
test_025023,
test_025024,
test_025025,
test_025026,
test_025027,
test_025028,
test_025029,
test_025030,
test_025031,
test_025032,
test_025033,
test_025034,
test_025035,
test_025036,
test_025037,
test_025038,
test_025039,
test_025040,
test_025041,
test_025042,
test_025043,
test_025044,
test_025045,
test_025046,
test_025047,
test_025048,
test_025049,
test_025050,
test_025051,
test_025052,
test_025053,
test_025054,
test_025055,
test_025056,
test_025057,
test_025058,
test_025059,
test_025060,
test_025061,
test_025062,
test_025063,
test_025064,
test_025065,
test_025066,
test_025067,
test_025068,
test_025069,
test_025070,
test_025071,
test_025072,
test_025073,
test_025074,
test_025075,
test_025076,
test_025077,
test_025078,
test_025079,
test_025080,
test_025081,
test_025082,
test_025083,
test_025084,
test_025085,
test_025086,
test_025087,
test_025088,
test_025089,
test_025090,
test_025091,
test_025092,
test_025093,
test_025094,
test_025095,
test_025096,
test_025097,
test_025098,
test_025099,
test_025100,
test_025101,
test_025102,
test_025103,
test_025104,
test_025105,
test_025106,
test_025107,
test_025108,
test_025109,
test_025110,
test_025111,
test_025112,
test_025113,
test_025114,
test_025115,
test_025116,
test_025117,
test_025118,
test_025119,
test_025120,
test_025121,
test_025122,
test_025123,
test_025124,
test_025125,
test_025126,
test_025127,
test_025128,
test_025129,
test_025130,
test_025131,
test_025132,
test_025133,
test_025134,
test_025135,
test_025136,
test_025137,
test_025138,
test_025139,
test_025140,
test_025141,
test_025142,
test_025143,
test_025144,
test_025145,
test_025146,
test_025147,
test_025148,
test_025149,
test_025150,
test_025151,
test_025152,
test_025153,
test_025154,
test_025155,
test_025156,
test_025157,
test_025158,
test_025159,
test_025160,
test_025161,
test_025162,
test_025163,
test_025164,
test_025165,
test_025166,
test_025167,
test_025168,
test_025169,
test_025170,
test_025171,
test_025172,
test_025173,
test_025174,
test_025175,
test_025176,
test_025177,
test_025178,
test_025179,
test_025180,
test_025181,
test_025182,
test_025183,
test_025184,
test_025185,
test_025186,
test_025187,
test_025188,
test_025189,
test_025190,
test_025191,
test_025192,
test_025193,
test_025194,
test_025195,
test_025196,
test_025197,
test_025198,
test_025199,
test_025200,
test_025201,
test_025202,
test_025203,
test_025204,
test_025205,
test_025206,
test_025207,
test_025208,
test_025209,
test_025210,
test_025211,
test_025212,
test_025213,
test_025214,
test_025215,
test_025216,
test_025217,
test_025218,
test_025219,
test_025220,
test_025221,
test_025222,
test_025223,
test_025224,
test_025225,
test_025226,
test_025227,
test_025228,
test_025229,
test_025230,
test_025231,
test_025232,
test_025233,
test_025234,
test_025235,
test_025236,
test_025237,
test_025238,
test_025239,
test_025240,
test_025241,
test_025242,
test_025243,
test_025244,
test_025245,
test_025246,
test_025247,
test_025248,
test_025249,
test_025250,
test_025251,
test_025252,
test_025253,
test_025254,
test_025255,
test_025256,
test_025257,
test_025258,
test_025259,
test_025260,
test_025261,
test_025262,
test_025263,
test_025264,
test_025265,
test_025266,
test_025267,
test_025268,
test_025269,
test_025270,
test_025271,
test_025272,
test_025273,
test_025274,
test_025275,
test_025276,
test_025277,
test_025278,
test_025279,
test_025280,
test_025281,
test_025282,
test_025283,
test_025284,
test_025285,
test_025286,
test_025287,
test_025288,
test_025289,
test_025290,
test_025291,
test_025292,
test_025293,
test_025294,
test_025295,
test_025296,
test_025297,
test_025298,
test_025299,
test_025300,
test_025301,
test_025302,
test_025303,
test_025304,
test_025305,
test_025306,
test_025307,
test_025308,
test_025309,
test_025310,
test_025311,
test_025312,
test_025313,
test_025314,
test_025315,
test_025316,
test_025317,
test_025318,
test_025319,
test_025320,
test_025321,
test_025322,
test_025323,
test_025324,
test_025325,
test_025326,
test_025327,
test_025328,
test_025329,
test_025330,
test_025331,
test_025332,
test_025333,
test_025334,
test_025335,
test_025336,
test_025337,
test_025338,
test_025339,
test_025340,
test_025341,
test_025342,
test_025343,
test_025344,
test_025345,
test_025346,
test_025347,
test_025348,
test_025349,
test_025350,
test_025351,
test_025352,
test_025353,
test_025354,
test_025355,
test_025356,
test_025357,
test_025358,
test_025359,
test_025360,
test_025361,
test_025362,
test_025363,
test_025364,
test_025365,
test_025366,
test_025367,
test_025368,
test_025369,
test_025370,
test_025371,
test_025372,
test_025373,
test_025374,
test_025375,
test_025376,
test_025377,
test_025378,
test_025379,
test_025380,
test_025381,
test_025382,
test_025383,
test_025384,
test_025385,
test_025386,
test_025387,
test_025388,
test_025389,
test_025390,
test_025391,
test_025392,
test_025393,
test_025394,
test_025395,
test_025396,
test_025397,
test_025398,
test_025399,
test_025400,
test_025401,
test_025402,
test_025403,
test_025404,
test_025405,
test_025406,
test_025407,
test_025408,
test_025409,
test_025410,
test_025411,
test_025412,
test_025413,
test_025414,
test_025415,
test_025416,
test_025417,
test_025418,
test_025419,
test_025420,
test_025421,
test_025422,
test_025423,
test_025424,
test_025425,
test_025426,
test_025427,
test_025428,
test_025429,
test_025430,
test_025431,
test_025432,
test_025433,
test_025434,
test_025435,
test_025436,
test_025437,
test_025438,
test_025439,
test_025440,
test_025441,
test_025442,
test_025443,
test_025444,
test_025445,
test_025446,
test_025447,
test_025448,
test_025449,
test_025450,
test_025451,
test_025452,
test_025453,
test_025454,
test_025455,
test_025456,
test_025457,
test_025458,
test_025459,
test_025460,
test_025461,
test_025462,
test_025463,
test_025464,
test_025465,
test_025466,
test_025467,
test_025468,
test_025469,
test_025470,
test_025471,
test_025472,
test_025473,
test_025474,
test_025475,
test_025476,
test_025477,
test_025478,
test_025479,
test_025480,
test_025481,
test_025482,
test_025483,
test_025484,
test_025485,
test_025486,
test_025487,
test_025488,
test_025489,
test_025490,
test_025491,
test_025492,
test_025493,
test_025494,
test_025495,
test_025496,
test_025497,
test_025498,
test_025499,
test_025500,
test_025501,
test_025502,
test_025503,
test_025504,
test_025505,
test_025506,
test_025507,
test_025508,
test_025509,
test_025510,
test_025511,
test_025512,
test_025513,
test_025514,
test_025515,
test_025516,
test_025517,
test_025518,
test_025519,
test_025520,
test_025521,
test_025522,
test_025523,
test_025524,
test_025525,
test_025526,
test_025527,
test_025528,
test_025529,
test_025530,
test_025531,
test_025532,
test_025533,
test_025534,
test_025535,
test_025536,
test_025537,
test_025538,
test_025539,
test_025540,
test_025541,
test_025542,
test_025543,
test_025544,
test_025545,
test_025546,
test_025547,
test_025548,
test_025549,
test_025550,
test_025551,
test_025552,
test_025553,
test_025554,
test_025555,
test_025556,
test_025557,
test_025558,
test_025559,
test_025560,
test_025561,
test_025562,
test_025563,
test_025564,
test_025565,
test_025566,
test_025567,
test_025568,
test_025569,
test_025570,
test_025571,
test_025572,
test_025573,
test_025574,
test_025575,
test_025576,
test_025577,
test_025578,
test_025579,
test_025580,
test_025581,
test_025582,
test_025583,
test_025584,
test_025585,
test_025586,
test_025587,
test_025588,
test_025589,
test_025590,
test_025591,
test_025592,
test_025593,
test_025594,
test_025595,
test_025596,
test_025597,
test_025598,
test_025599,
test_025600,
test_025601,
test_025602,
test_025603,
test_025604,
test_025605,
test_025606,
test_025607,
test_025608,
test_025609,
test_025610,
test_025611,
test_025612,
test_025613,
test_025614,
test_025615,
test_025616,
test_025617,
test_025618,
test_025619,
test_025620,
test_025621,
test_025622,
test_025623,
test_025624,
test_025625,
test_025626,
test_025627,
test_025628,
test_025629,
test_025630,
test_025631,
test_025632,
test_025633,
test_025634,
test_025635,
test_025636,
test_025637,
test_025638,
test_025639,
test_025640,
test_025641,
test_025642,
test_025643,
test_025644,
test_025645,
test_025646,
test_025647,
test_025648,
test_025649,
test_025650,
test_025651,
test_025652,
test_025653,
test_025654,
test_025655,
test_025656,
test_025657,
test_025658,
test_025659,
test_025660,
test_025661,
test_025662,
test_025663,
test_025664,
test_025665,
test_025666,
test_025667,
test_025668,
test_025669,
test_025670,
test_025671,
test_025672,
test_025673,
test_025674,
test_025675,
test_025676,
test_025677,
test_025678,
test_025679,
test_025680,
test_025681,
test_025682,
test_025683,
test_025684,
test_025685,
test_025686,
test_025687,
test_025688,
test_025689,
test_025690,
test_025691,
test_025692,
test_025693,
test_025694,
test_025695,
test_025696,
test_025697,
test_025698,
test_025699,
test_025700,
test_025701,
test_025702,
test_025703,
test_025704,
test_025705,
test_025706,
test_025707,
test_025708,
test_025709,
test_025710,
test_025711,
test_025712,
test_025713,
test_025714,
test_025715,
test_025716,
test_025717,
test_025718,
test_025719,
test_025720,
test_025721,
test_025722,
test_025723,
test_025724,
test_025725,
test_025726,
test_025727,
test_025728,
test_025729,
test_025730,
test_025731,
test_025732,
test_025733,
test_025734,
test_025735,
test_025736,
test_025737,
test_025738,
test_025739,
test_025740,
test_025741,
test_025742,
test_025743,
test_025744,
test_025745,
test_025746,
test_025747,
test_025748,
test_025749,
test_025750,
test_025751,
test_025752,
test_025753,
test_025754,
test_025755,
test_025756,
test_025757,
test_025758,
test_025759,
test_025760,
test_025761,
test_025762,
test_025763,
test_025764,
test_025765,
test_025766,
test_025767,
test_025768,
test_025769,
test_025770,
test_025771,
test_025772,
test_025773,
test_025774,
test_025775,
test_025776,
test_025777,
test_025778,
test_025779,
test_025780,
test_025781,
test_025782,
test_025783,
test_025784,
test_025785,
test_025786,
test_025787,
test_025788,
test_025789,
test_025790,
test_025791,
test_025792,
test_025793,
test_025794,
test_025795,
test_025796,
test_025797,
test_025798,
test_025799,
test_025800,
test_025801,
test_025802,
test_025803,
test_025804,
test_025805,
test_025806,
test_025807,
test_025808,
test_025809,
test_025810,
test_025811,
test_025812,
test_025813,
test_025814,
test_025815,
test_025816,
test_025817,
test_025818,
test_025819,
test_025820,
test_025821,
test_025822,
test_025823,
test_025824,
test_025825,
test_025826,
test_025827,
test_025828,
test_025829,
test_025830,
test_025831,
test_025832,
test_025833,
test_025834,
test_025835,
test_025836,
test_025837,
test_025838,
test_025839,
test_025840,
test_025841,
test_025842,
test_025843,
test_025844,
test_025845,
test_025846,
test_025847,
test_025848,
test_025849,
test_025850,
test_025851,
test_025852,
test_025853,
test_025854,
test_025855,
test_025856,
test_025857,
test_025858,
test_025859,
test_025860,
test_025861,
test_025862,
test_025863,
test_025864,
test_025865,
test_025866,
test_025867,
test_025868,
test_025869,
test_025870,
test_025871,
test_025872,
test_025873,
test_025874,
test_025875,
test_025876,
test_025877,
test_025878,
test_025879,
test_025880,
test_025881,
test_025882,
test_025883,
test_025884,
test_025885,
test_025886,
test_025887,
test_025888,
test_025889,
test_025890,
test_025891,
test_025892,
test_025893,
test_025894,
test_025895,
test_025896,
test_025897,
test_025898,
test_025899,
test_025900,
test_025901,
test_025902,
test_025903,
test_025904,
test_025905,
test_025906,
test_025907,
test_025908,
test_025909,
test_025910,
test_025911,
test_025912,
test_025913,
test_025914,
test_025915,
test_025916,
test_025917,
test_025918,
test_025919,
test_025920,
test_025921,
test_025922,
test_025923,
test_025924,
test_025925,
test_025926,
test_025927,
test_025928,
test_025929,
test_025930,
test_025931,
test_025932,
test_025933,
test_025934,
test_025935,
test_025936,
test_025937,
test_025938,
test_025939,
test_025940,
test_025941,
test_025942,
test_025943,
test_025944,
test_025945,
test_025946,
test_025947,
test_025948,
test_025949,
test_025950,
test_025951,
test_025952,
test_025953,
test_025954,
test_025955,
test_025956,
test_025957,
test_025958,
test_025959,
test_025960,
test_025961,
test_025962,
test_025963,
test_025964,
test_025965,
test_025966,
test_025967,
test_025968,
test_025969,
test_025970,
test_025971,
test_025972,
test_025973,
test_025974,
test_025975,
test_025976,
test_025977,
test_025978,
test_025979,
test_025980,
test_025981,
test_025982,
test_025983,
test_025984,
test_025985,
test_025986,
test_025987,
test_025988,
test_025989,
test_025990,
test_025991,
test_025992,
test_025993,
test_025994,
test_025995,
test_025996,
test_025997,
test_025998,
test_025999,
test_026000,
test_026001,
test_026002,
test_026003,
test_026004,
test_026005,
test_026006,
test_026007,
test_026008,
test_026009,
test_026010,
test_026011,
test_026012,
test_026013,
test_026014,
test_026015,
test_026016,
test_026017,
test_026018,
test_026019,
test_026020,
test_026021,
test_026022,
test_026023,
test_026024,
test_026025,
test_026026,
test_026027,
test_026028,
test_026029,
test_026030,
test_026031,
test_026032,
test_026033,
test_026034,
test_026035,
test_026036,
test_026037,
test_026038,
test_026039,
test_026040,
test_026041,
test_026042,
test_026043,
test_026044,
test_026045,
test_026046,
test_026047,
test_026048,
test_026049,
test_026050,
test_026051,
test_026052,
test_026053,
test_026054,
test_026055,
test_026056,
test_026057,
test_026058,
test_026059,
test_026060,
test_026061,
test_026062,
test_026063,
test_026064,
test_026065,
test_026066,
test_026067,
test_026068,
test_026069,
test_026070,
test_026071,
test_026072,
test_026073,
test_026074,
test_026075,
test_026076,
test_026077,
test_026078,
test_026079,
test_026080,
test_026081,
test_026082,
test_026083,
test_026084,
test_026085,
test_026086,
test_026087,
test_026088,
test_026089,
test_026090,
test_026091,
test_026092,
test_026093,
test_026094,
test_026095,
test_026096,
test_026097,
test_026098,
test_026099,
test_026100,
test_026101,
test_026102,
test_026103,
test_026104,
test_026105,
test_026106,
test_026107,
test_026108,
test_026109,
test_026110,
test_026111,
test_026112,
test_026113,
test_026114,
test_026115,
test_026116,
test_026117,
test_026118,
test_026119,
test_026120,
test_026121,
test_026122,
test_026123,
test_026124,
test_026125,
test_026126,
test_026127,
test_026128,
test_026129,
test_026130,
test_026131,
test_026132,
test_026133,
test_026134,
test_026135,
test_026136,
test_026137,
test_026138,
test_026139,
test_026140,
test_026141,
test_026142,
test_026143,
test_026144,
test_026145,
test_026146,
test_026147,
test_026148,
test_026149,
test_026150,
test_026151,
test_026152,
test_026153,
test_026154,
test_026155,
test_026156,
test_026157,
test_026158,
test_026159,
test_026160,
test_026161,
test_026162,
test_026163,
test_026164,
test_026165,
test_026166,
test_026167,
test_026168,
test_026169,
test_026170,
test_026171,
test_026172,
test_026173,
test_026174,
test_026175,
test_026176,
test_026177,
test_026178,
test_026179,
test_026180,
test_026181,
test_026182,
test_026183,
test_026184,
test_026185,
test_026186,
test_026187,
test_026188,
test_026189,
test_026190,
test_026191,
test_026192,
test_026193,
test_026194,
test_026195,
test_026196,
test_026197,
test_026198,
test_026199,
test_026200,
test_026201,
test_026202,
test_026203,
test_026204,
test_026205,
test_026206,
test_026207,
test_026208,
test_026209,
test_026210,
test_026211,
test_026212,
test_026213,
test_026214,
test_026215,
test_026216,
test_026217,
test_026218,
test_026219,
test_026220,
test_026221,
test_026222,
test_026223,
test_026224,
test_026225,
test_026226,
test_026227,
test_026228,
test_026229,
test_026230,
test_026231,
test_026232,
test_026233,
test_026234,
test_026235,
test_026236,
test_026237,
test_026238,
test_026239,
test_026240,
test_026241,
test_026242,
test_026243,
test_026244,
test_026245,
test_026246,
test_026247,
test_026248,
test_026249,
test_026250,
test_026251,
test_026252,
test_026253,
test_026254,
test_026255,
test_026256,
test_026257,
test_026258,
test_026259,
test_026260,
test_026261,
test_026262,
test_026263,
test_026264,
test_026265,
test_026266,
test_026267,
test_026268,
test_026269,
test_026270,
test_026271,
test_026272,
test_026273,
test_026274,
test_026275,
test_026276,
test_026277,
test_026278,
test_026279,
test_026280,
test_026281,
test_026282,
test_026283,
test_026284,
test_026285,
test_026286,
test_026287,
test_026288,
test_026289,
test_026290,
test_026291,
test_026292,
test_026293,
test_026294,
test_026295,
test_026296,
test_026297,
test_026298,
test_026299,
test_026300,
test_026301,
test_026302,
test_026303,
test_026304,
test_026305,
test_026306,
test_026307,
test_026308,
test_026309,
test_026310,
test_026311,
test_026312,
test_026313,
test_026314,
test_026315,
test_026316,
test_026317,
test_026318,
test_026319,
test_026320,
test_026321,
test_026322,
test_026323,
test_026324,
test_026325,
test_026326,
test_026327,
test_026328,
test_026329,
test_026330,
test_026331,
test_026332,
test_026333,
test_026334,
test_026335,
test_026336,
test_026337,
test_026338,
test_026339,
test_026340,
test_026341,
test_026342,
test_026343,
test_026344,
test_026345,
test_026346,
test_026347,
test_026348,
test_026349,
test_026350,
test_026351,
test_026352,
test_026353,
test_026354,
test_026355,
test_026356,
test_026357,
test_026358,
test_026359,
test_026360,
test_026361,
test_026362,
test_026363,
test_026364,
test_026365,
test_026366,
test_026367,
test_026368,
test_026369,
test_026370,
test_026371,
test_026372,
test_026373,
test_026374,
test_026375,
test_026376,
test_026377,
test_026378,
test_026379,
test_026380,
test_026381,
test_026382,
test_026383,
test_026384,
test_026385,
test_026386,
test_026387,
test_026388,
test_026389,
test_026390,
test_026391,
test_026392,
test_026393,
test_026394,
test_026395,
test_026396,
test_026397,
test_026398,
test_026399,
test_026400,
test_026401,
test_026402,
test_026403,
test_026404,
test_026405,
test_026406,
test_026407,
test_026408,
test_026409,
test_026410,
test_026411,
test_026412,
test_026413,
test_026414,
test_026415,
test_026416,
test_026417,
test_026418,
test_026419,
test_026420,
test_026421,
test_026422,
test_026423,
test_026424,
test_026425,
test_026426,
test_026427,
test_026428,
test_026429,
test_026430,
test_026431,
test_026432,
test_026433,
test_026434,
test_026435,
test_026436,
test_026437,
test_026438,
test_026439,
test_026440,
test_026441,
test_026442,
test_026443,
test_026444,
test_026445,
test_026446,
test_026447,
test_026448,
test_026449,
test_026450,
test_026451,
test_026452,
test_026453,
test_026454,
test_026455,
test_026456,
test_026457,
test_026458,
test_026459,
test_026460,
test_026461,
test_026462,
test_026463,
test_026464,
test_026465,
test_026466,
test_026467,
test_026468,
test_026469,
test_026470,
test_026471,
test_026472,
test_026473,
test_026474,
test_026475,
test_026476,
test_026477,
test_026478,
test_026479,
test_026480,
test_026481,
test_026482,
test_026483,
test_026484,
test_026485,
test_026486,
test_026487,
test_026488,
test_026489,
test_026490,
test_026491,
test_026492,
test_026493,
test_026494,
test_026495,
test_026496,
test_026497,
test_026498,
test_026499,
test_026500,
test_026501,
test_026502,
test_026503,
test_026504,
test_026505,
test_026506,
test_026507,
test_026508,
test_026509,
test_026510,
test_026511,
test_026512,
test_026513,
test_026514,
test_026515,
test_026516,
test_026517,
test_026518,
test_026519,
test_026520,
test_026521,
test_026522,
test_026523,
test_026524,
test_026525,
test_026526,
test_026527,
test_026528,
test_026529,
test_026530,
test_026531,
test_026532,
test_026533,
test_026534,
test_026535,
test_026536,
test_026537,
test_026538,
test_026539,
test_026540,
test_026541,
test_026542,
test_026543,
test_026544,
test_026545,
test_026546,
test_026547,
test_026548,
test_026549,
test_026550,
test_026551,
test_026552,
test_026553,
test_026554,
test_026555,
test_026556,
test_026557,
test_026558,
test_026559,
test_026560,
test_026561,
test_026562,
test_026563,
test_026564,
test_026565,
test_026566,
test_026567,
test_026568,
test_026569,
test_026570,
test_026571,
test_026572,
test_026573,
test_026574,
test_026575,
test_026576,
test_026577,
test_026578,
test_026579,
test_026580,
test_026581,
test_026582,
test_026583,
test_026584,
test_026585,
test_026586,
test_026587,
test_026588,
test_026589,
test_026590,
test_026591,
test_026592,
test_026593,
test_026594,
test_026595,
test_026596,
test_026597,
test_026598,
test_026599,
test_026600,
test_026601,
test_026602,
test_026603,
test_026604,
test_026605,
test_026606,
test_026607,
test_026608,
test_026609,
test_026610,
test_026611,
test_026612,
test_026613,
test_026614,
test_026615,
test_026616,
test_026617,
test_026618,
test_026619,
test_026620,
test_026621,
test_026622,
test_026623,
test_026624,
test_026625,
test_026626,
test_026627,
test_026628,
test_026629,
test_026630,
test_026631,
test_026632,
test_026633,
test_026634,
test_026635,
test_026636,
test_026637,
test_026638,
test_026639,
test_026640,
test_026641,
test_026642,
test_026643,
test_026644,
test_026645,
test_026646,
test_026647,
test_026648,
test_026649,
test_026650,
test_026651,
test_026652,
test_026653,
test_026654,
test_026655,
test_026656,
test_026657,
test_026658,
test_026659,
test_026660,
test_026661,
test_026662,
test_026663,
test_026664,
test_026665,
test_026666,
test_026667,
test_026668,
test_026669,
test_026670,
test_026671,
test_026672,
test_026673,
test_026674,
test_026675,
test_026676,
test_026677,
test_026678,
test_026679,
test_026680,
test_026681,
test_026682,
test_026683,
test_026684,
test_026685,
test_026686,
test_026687,
test_026688,
test_026689,
test_026690,
test_026691,
test_026692,
test_026693,
test_026694,
test_026695,
test_026696,
test_026697,
test_026698,
test_026699,
test_026700,
test_026701,
test_026702,
test_026703,
test_026704,
test_026705,
test_026706,
test_026707,
test_026708,
test_026709,
test_026710,
test_026711,
test_026712,
test_026713,
test_026714,
test_026715,
test_026716,
test_026717,
test_026718,
test_026719,
test_026720,
test_026721,
test_026722,
test_026723,
test_026724,
test_026725,
test_026726,
test_026727,
test_026728,
test_026729,
test_026730,
test_026731,
test_026732,
test_026733,
test_026734,
test_026735,
test_026736,
test_026737,
test_026738,
test_026739,
test_026740,
test_026741,
test_026742,
test_026743,
test_026744,
test_026745,
test_026746,
test_026747,
test_026748,
test_026749,
test_026750,
test_026751,
test_026752,
test_026753,
test_026754,
test_026755,
test_026756,
test_026757,
test_026758,
test_026759,
test_026760,
test_026761,
test_026762,
test_026763,
test_026764,
test_026765,
test_026766,
test_026767,
test_026768,
test_026769,
test_026770,
test_026771,
test_026772,
test_026773,
test_026774,
test_026775,
test_026776,
test_026777,
test_026778,
test_026779,
test_026780,
test_026781,
test_026782,
test_026783,
test_026784,
test_026785,
test_026786,
test_026787,
test_026788,
test_026789,
test_026790,
test_026791,
test_026792,
test_026793,
test_026794,
test_026795,
test_026796,
test_026797,
test_026798,
test_026799,
test_026800,
test_026801,
test_026802,
test_026803,
test_026804,
test_026805,
test_026806,
test_026807,
test_026808,
test_026809,
test_026810,
test_026811,
test_026812,
test_026813,
test_026814,
test_026815,
test_026816,
test_026817,
test_026818,
test_026819,
test_026820,
test_026821,
test_026822,
test_026823,
test_026824,
test_026825,
test_026826,
test_026827,
test_026828,
test_026829,
test_026830,
test_026831,
test_026832,
test_026833,
test_026834,
test_026835,
test_026836,
test_026837,
test_026838,
test_026839,
test_026840,
test_026841,
test_026842,
test_026843,
test_026844,
test_026845,
test_026846,
test_026847,
test_026848,
test_026849,
test_026850,
test_026851,
test_026852,
test_026853,
test_026854,
test_026855,
test_026856,
test_026857,
test_026858,
test_026859,
test_026860,
test_026861,
test_026862,
test_026863,
test_026864,
test_026865,
test_026866,
test_026867,
test_026868,
test_026869,
test_026870,
test_026871,
test_026872,
test_026873,
test_026874,
test_026875,
test_026876,
test_026877,
test_026878,
test_026879,
test_026880,
test_026881,
test_026882,
test_026883,
test_026884,
test_026885,
test_026886,
test_026887,
test_026888,
test_026889,
test_026890,
test_026891,
test_026892,
test_026893,
test_026894,
test_026895,
test_026896,
test_026897,
test_026898,
test_026899,
test_026900,
test_026901,
test_026902,
test_026903,
test_026904,
test_026905,
test_026906,
test_026907,
test_026908,
test_026909,
test_026910,
test_026911,
test_026912,
test_026913,
test_026914,
test_026915,
test_026916,
test_026917,
test_026918,
test_026919,
test_026920,
test_026921,
test_026922,
test_026923,
test_026924,
test_026925,
test_026926,
test_026927,
test_026928,
test_026929,
test_026930,
test_026931,
test_026932,
test_026933,
test_026934,
test_026935,
test_026936,
test_026937,
test_026938,
test_026939,
test_026940,
test_026941,
test_026942,
test_026943,
test_026944,
test_026945,
test_026946,
test_026947,
test_026948,
test_026949,
test_026950,
test_026951,
test_026952,
test_026953,
test_026954,
test_026955,
test_026956,
test_026957,
test_026958,
test_026959,
test_026960,
test_026961,
test_026962,
test_026963,
test_026964,
test_026965,
test_026966,
test_026967,
test_026968,
test_026969,
test_026970,
test_026971,
test_026972,
test_026973,
test_026974,
test_026975,
test_026976,
test_026977,
test_026978,
test_026979,
test_026980,
test_026981,
test_026982,
test_026983,
test_026984,
test_026985,
test_026986,
test_026987,
test_026988,
test_026989,
test_026990,
test_026991,
test_026992,
test_026993,
test_026994,
test_026995,
test_026996,
test_026997,
test_026998,
test_026999,
test_027000,
test_027001,
test_027002,
test_027003,
test_027004,
test_027005,
test_027006,
test_027007,
test_027008,
test_027009,
test_027010,
test_027011,
test_027012,
test_027013,
test_027014,
test_027015,
test_027016,
test_027017,
test_027018,
test_027019,
test_027020,
test_027021,
test_027022,
test_027023,
test_027024,
test_027025,
test_027026,
test_027027,
test_027028,
test_027029,
test_027030,
test_027031,
test_027032,
test_027033,
test_027034,
test_027035,
test_027036,
test_027037,
test_027038,
test_027039,
test_027040,
test_027041,
test_027042,
test_027043,
test_027044,
test_027045,
test_027046,
test_027047,
test_027048,
test_027049,
test_027050,
test_027051,
test_027052,
test_027053,
test_027054,
test_027055,
test_027056,
test_027057,
test_027058,
test_027059,
test_027060,
test_027061,
test_027062,
test_027063,
test_027064,
test_027065,
test_027066,
test_027067,
test_027068,
test_027069,
test_027070,
test_027071,
test_027072,
test_027073,
test_027074,
test_027075,
test_027076,
test_027077,
test_027078,
test_027079,
test_027080,
test_027081,
test_027082,
test_027083,
test_027084,
test_027085,
test_027086,
test_027087,
test_027088,
test_027089,
test_027090,
test_027091,
test_027092,
test_027093,
test_027094,
test_027095,
test_027096,
test_027097,
test_027098,
test_027099,
test_027100,
test_027101,
test_027102,
test_027103,
test_027104,
test_027105,
test_027106,
test_027107,
test_027108,
test_027109,
test_027110,
test_027111,
test_027112,
test_027113,
test_027114,
test_027115,
test_027116,
test_027117,
test_027118,
test_027119,
test_027120,
test_027121,
test_027122,
test_027123,
test_027124,
test_027125,
test_027126,
test_027127,
test_027128,
test_027129,
test_027130,
test_027131,
test_027132,
test_027133,
test_027134,
test_027135,
test_027136,
test_027137,
test_027138,
test_027139,
test_027140,
test_027141,
test_027142,
test_027143,
test_027144,
test_027145,
test_027146,
test_027147,
test_027148,
test_027149,
test_027150,
test_027151,
test_027152,
test_027153,
test_027154,
test_027155,
test_027156,
test_027157,
test_027158,
test_027159,
test_027160,
test_027161,
test_027162,
test_027163,
test_027164,
test_027165,
test_027166,
test_027167,
test_027168,
test_027169,
test_027170,
test_027171,
test_027172,
test_027173,
test_027174,
test_027175,
test_027176,
test_027177,
test_027178,
test_027179,
test_027180,
test_027181,
test_027182,
test_027183,
test_027184,
test_027185,
test_027186,
test_027187,
test_027188,
test_027189,
test_027190,
test_027191,
test_027192,
test_027193,
test_027194,
test_027195,
test_027196,
test_027197,
test_027198,
test_027199,
test_027200,
test_027201,
test_027202,
test_027203,
test_027204,
test_027205,
test_027206,
test_027207,
test_027208,
test_027209,
test_027210,
test_027211,
test_027212,
test_027213,
test_027214,
test_027215,
test_027216,
test_027217,
test_027218,
test_027219,
test_027220,
test_027221,
test_027222,
test_027223,
test_027224,
test_027225,
test_027226,
test_027227,
test_027228,
test_027229,
test_027230,
test_027231,
test_027232,
test_027233,
test_027234,
test_027235,
test_027236,
test_027237,
test_027238,
test_027239,
test_027240,
test_027241,
test_027242,
test_027243,
test_027244,
test_027245,
test_027246,
test_027247,
test_027248,
test_027249,
test_027250,
test_027251,
test_027252,
test_027253,
test_027254,
test_027255,
test_027256,
test_027257,
test_027258,
test_027259,
test_027260,
test_027261,
test_027262,
test_027263,
test_027264,
test_027265,
test_027266,
test_027267,
test_027268,
test_027269,
test_027270,
test_027271,
test_027272,
test_027273,
test_027274,
test_027275,
test_027276,
test_027277,
test_027278,
test_027279,
test_027280,
test_027281,
test_027282,
test_027283,
test_027284,
test_027285,
test_027286,
test_027287,
test_027288,
test_027289,
test_027290,
test_027291,
test_027292,
test_027293,
test_027294,
test_027295,
test_027296,
test_027297,
test_027298,
test_027299,
test_027300,
test_027301,
test_027302,
test_027303,
test_027304,
test_027305,
test_027306,
test_027307,
test_027308,
test_027309,
test_027310,
test_027311,
test_027312,
test_027313,
test_027314,
test_027315,
test_027316,
test_027317,
test_027318,
test_027319,
test_027320,
test_027321,
test_027322,
test_027323,
test_027324,
test_027325,
test_027326,
test_027327,
test_027328,
test_027329,
test_027330,
test_027331,
test_027332,
test_027333,
test_027334,
test_027335,
test_027336,
test_027337,
test_027338,
test_027339,
test_027340,
test_027341,
test_027342,
test_027343,
test_027344,
test_027345,
test_027346,
test_027347,
test_027348,
test_027349,
test_027350,
test_027351,
test_027352,
test_027353,
test_027354,
test_027355,
test_027356,
test_027357,
test_027358,
test_027359,
test_027360,
test_027361,
test_027362,
test_027363,
test_027364,
test_027365,
test_027366,
test_027367,
test_027368,
test_027369,
test_027370,
test_027371,
test_027372,
test_027373,
test_027374,
test_027375,
test_027376,
test_027377,
test_027378,
test_027379,
test_027380,
test_027381,
test_027382,
test_027383,
test_027384,
test_027385,
test_027386,
test_027387,
test_027388,
test_027389,
test_027390,
test_027391,
test_027392,
test_027393,
test_027394,
test_027395,
test_027396,
test_027397,
test_027398,
test_027399,
test_027400,
test_027401,
test_027402,
test_027403,
test_027404,
test_027405,
test_027406,
test_027407,
test_027408,
test_027409,
test_027410,
test_027411,
test_027412,
test_027413,
test_027414,
test_027415,
test_027416,
test_027417,
test_027418,
test_027419,
test_027420,
test_027421,
test_027422,
test_027423,
test_027424,
test_027425,
test_027426,
test_027427,
test_027428,
test_027429,
test_027430,
test_027431,
test_027432,
test_027433,
test_027434,
test_027435,
test_027436,
test_027437,
test_027438,
test_027439,
test_027440,
test_027441,
test_027442,
test_027443,
test_027444,
test_027445,
test_027446,
test_027447,
test_027448,
test_027449,
test_027450,
test_027451,
test_027452,
test_027453,
test_027454,
test_027455,
test_027456,
test_027457,
test_027458,
test_027459,
test_027460,
test_027461,
test_027462,
test_027463,
test_027464,
test_027465,
test_027466,
test_027467,
test_027468,
test_027469,
test_027470,
test_027471,
test_027472,
test_027473,
test_027474,
test_027475,
test_027476,
test_027477,
test_027478,
test_027479,
test_027480,
test_027481,
test_027482,
test_027483,
test_027484,
test_027485,
test_027486,
test_027487,
test_027488,
test_027489,
test_027490,
test_027491,
test_027492,
test_027493,
test_027494,
test_027495,
test_027496,
test_027497,
test_027498,
test_027499,
test_027500,
test_027501,
test_027502,
test_027503,
test_027504,
test_027505,
test_027506,
test_027507,
test_027508,
test_027509,
test_027510,
test_027511,
test_027512,
test_027513,
test_027514,
test_027515,
test_027516,
test_027517,
test_027518,
test_027519,
test_027520,
test_027521,
test_027522,
test_027523,
test_027524,
test_027525,
test_027526,
test_027527,
test_027528,
test_027529,
test_027530,
test_027531,
test_027532,
test_027533,
test_027534,
test_027535,
test_027536,
test_027537,
test_027538,
test_027539,
test_027540,
test_027541,
test_027542,
test_027543,
test_027544,
test_027545,
test_027546,
test_027547,
test_027548,
test_027549,
test_027550,
test_027551,
test_027552,
test_027553,
test_027554,
test_027555,
test_027556,
test_027557,
test_027558,
test_027559,
test_027560,
test_027561,
test_027562,
test_027563,
test_027564,
test_027565,
test_027566,
test_027567,
test_027568,
test_027569,
test_027570,
test_027571,
test_027572,
test_027573,
test_027574,
test_027575,
test_027576,
test_027577,
test_027578,
test_027579,
test_027580,
test_027581,
test_027582,
test_027583,
test_027584,
test_027585,
test_027586,
test_027587,
test_027588,
test_027589,
test_027590,
test_027591,
test_027592,
test_027593,
test_027594,
test_027595,
test_027596,
test_027597,
test_027598,
test_027599,
test_027600,
test_027601,
test_027602,
test_027603,
test_027604,
test_027605,
test_027606,
test_027607,
test_027608,
test_027609,
test_027610,
test_027611,
test_027612,
test_027613,
test_027614,
test_027615,
test_027616,
test_027617,
test_027618,
test_027619,
test_027620,
test_027621,
test_027622,
test_027623,
test_027624,
test_027625,
test_027626,
test_027627,
test_027628,
test_027629,
test_027630,
test_027631,
test_027632,
test_027633,
test_027634,
test_027635,
test_027636,
test_027637,
test_027638,
test_027639,
test_027640,
test_027641,
test_027642,
test_027643,
test_027644,
test_027645,
test_027646,
test_027647,
test_027648,
test_027649,
test_027650,
test_027651,
test_027652,
test_027653,
test_027654,
test_027655,
test_027656,
test_027657,
test_027658,
test_027659,
test_027660,
test_027661,
test_027662,
test_027663,
test_027664,
test_027665,
test_027666,
test_027667,
test_027668,
test_027669,
test_027670,
test_027671,
test_027672,
test_027673,
test_027674,
test_027675,
test_027676,
test_027677,
test_027678,
test_027679,
test_027680,
test_027681,
test_027682,
test_027683,
test_027684,
test_027685,
test_027686,
test_027687,
test_027688,
test_027689,
test_027690,
test_027691,
test_027692,
test_027693,
test_027694,
test_027695,
test_027696,
test_027697,
test_027698,
test_027699,
test_027700,
test_027701,
test_027702,
test_027703,
test_027704,
test_027705,
test_027706,
test_027707,
test_027708,
test_027709,
test_027710,
test_027711,
test_027712,
test_027713,
test_027714,
test_027715,
test_027716,
test_027717,
test_027718,
test_027719,
test_027720,
test_027721,
test_027722,
test_027723,
test_027724,
test_027725,
test_027726,
test_027727,
test_027728,
test_027729,
test_027730,
test_027731,
test_027732,
test_027733,
test_027734,
test_027735,
test_027736,
test_027737,
test_027738,
test_027739,
test_027740,
test_027741,
test_027742,
test_027743,
test_027744,
test_027745,
test_027746,
test_027747,
test_027748,
test_027749,
test_027750,
test_027751,
test_027752,
test_027753,
test_027754,
test_027755,
test_027756,
test_027757,
test_027758,
test_027759,
test_027760,
test_027761,
test_027762,
test_027763,
test_027764,
test_027765,
test_027766,
test_027767,
test_027768,
test_027769,
test_027770,
test_027771,
test_027772,
test_027773,
test_027774,
test_027775,
test_027776,
test_027777,
test_027778,
test_027779,
test_027780,
test_027781,
test_027782,
test_027783,
test_027784,
test_027785,
test_027786,
test_027787,
test_027788,
test_027789,
test_027790,
test_027791,
test_027792,
test_027793,
test_027794,
test_027795,
test_027796,
test_027797,
test_027798,
test_027799,
test_027800,
test_027801,
test_027802,
test_027803,
test_027804,
test_027805,
test_027806,
test_027807,
test_027808,
test_027809,
test_027810,
test_027811,
test_027812,
test_027813,
test_027814,
test_027815,
test_027816,
test_027817,
test_027818,
test_027819,
test_027820,
test_027821,
test_027822,
test_027823,
test_027824,
test_027825,
test_027826,
test_027827,
test_027828,
test_027829,
test_027830,
test_027831,
test_027832,
test_027833,
test_027834,
test_027835,
test_027836,
test_027837,
test_027838,
test_027839,
test_027840,
test_027841,
test_027842,
test_027843,
test_027844,
test_027845,
test_027846,
test_027847,
test_027848,
test_027849,
test_027850,
test_027851,
test_027852,
test_027853,
test_027854,
test_027855,
test_027856,
test_027857,
test_027858,
test_027859,
test_027860,
test_027861,
test_027862,
test_027863,
test_027864,
test_027865,
test_027866,
test_027867,
test_027868,
test_027869,
test_027870,
test_027871,
test_027872,
test_027873,
test_027874,
test_027875,
test_027876,
test_027877,
test_027878,
test_027879,
test_027880,
test_027881,
test_027882,
test_027883,
test_027884,
test_027885,
test_027886,
test_027887,
test_027888,
test_027889,
test_027890,
test_027891,
test_027892,
test_027893,
test_027894,
test_027895,
test_027896,
test_027897,
test_027898,
test_027899,
test_027900,
test_027901,
test_027902,
test_027903,
test_027904,
test_027905,
test_027906,
test_027907,
test_027908,
test_027909,
test_027910,
test_027911,
test_027912,
test_027913,
test_027914,
test_027915,
test_027916,
test_027917,
test_027918,
test_027919,
test_027920,
test_027921,
test_027922,
test_027923,
test_027924,
test_027925,
test_027926,
test_027927,
test_027928,
test_027929,
test_027930,
test_027931,
test_027932,
test_027933,
test_027934,
test_027935,
test_027936,
test_027937,
test_027938,
test_027939,
test_027940,
test_027941,
test_027942,
test_027943,
test_027944,
test_027945,
test_027946,
test_027947,
test_027948,
test_027949,
test_027950,
test_027951,
test_027952,
test_027953,
test_027954,
test_027955,
test_027956,
test_027957,
test_027958,
test_027959,
test_027960,
test_027961,
test_027962,
test_027963,
test_027964,
test_027965,
test_027966,
test_027967,
test_027968,
test_027969,
test_027970,
test_027971,
test_027972,
test_027973,
test_027974,
test_027975,
test_027976,
test_027977,
test_027978,
test_027979,
test_027980,
test_027981,
test_027982,
test_027983,
test_027984,
test_027985,
test_027986,
test_027987,
test_027988,
test_027989,
test_027990,
test_027991,
test_027992,
test_027993,
test_027994,
test_027995,
test_027996,
test_027997,
test_027998,
test_027999,
test_028000,
test_028001,
test_028002,
test_028003,
test_028004,
test_028005,
test_028006,
test_028007,
test_028008,
test_028009,
test_028010,
test_028011,
test_028012,
test_028013,
test_028014,
test_028015,
test_028016,
test_028017,
test_028018,
test_028019,
test_028020,
test_028021,
test_028022,
test_028023,
test_028024,
test_028025,
test_028026,
test_028027,
test_028028,
test_028029,
test_028030,
test_028031,
test_028032,
test_028033,
test_028034,
test_028035,
test_028036,
test_028037,
test_028038,
test_028039,
test_028040,
test_028041,
test_028042,
test_028043,
test_028044,
test_028045,
test_028046,
test_028047,
test_028048,
test_028049,
test_028050,
test_028051,
test_028052,
test_028053,
test_028054,
test_028055,
test_028056,
test_028057,
test_028058,
test_028059,
test_028060,
test_028061,
test_028062,
test_028063,
test_028064,
test_028065,
test_028066,
test_028067,
test_028068,
test_028069,
test_028070,
test_028071,
test_028072,
test_028073,
test_028074,
test_028075,
test_028076,
test_028077,
test_028078,
test_028079,
test_028080,
test_028081,
test_028082,
test_028083,
test_028084,
test_028085,
test_028086,
test_028087,
test_028088,
test_028089,
test_028090,
test_028091,
test_028092,
test_028093,
test_028094,
test_028095,
test_028096,
test_028097,
test_028098,
test_028099,
test_028100,
test_028101,
test_028102,
test_028103,
test_028104,
test_028105,
test_028106,
test_028107,
test_028108,
test_028109,
test_028110,
test_028111,
test_028112,
test_028113,
test_028114,
test_028115,
test_028116,
test_028117,
test_028118,
test_028119,
test_028120,
test_028121,
test_028122,
test_028123,
test_028124,
test_028125,
test_028126,
test_028127,
test_028128,
test_028129,
test_028130,
test_028131,
test_028132,
test_028133,
test_028134,
test_028135,
test_028136,
test_028137,
test_028138,
test_028139,
test_028140,
test_028141,
test_028142,
test_028143,
test_028144,
test_028145,
test_028146,
test_028147,
test_028148,
test_028149,
test_028150,
test_028151,
test_028152,
test_028153,
test_028154,
test_028155,
test_028156,
test_028157,
test_028158,
test_028159,
test_028160,
test_028161,
test_028162,
test_028163,
test_028164,
test_028165,
test_028166,
test_028167,
test_028168,
test_028169,
test_028170,
test_028171,
test_028172,
test_028173,
test_028174,
test_028175,
test_028176,
test_028177,
test_028178,
test_028179,
test_028180,
test_028181,
test_028182,
test_028183,
test_028184,
test_028185,
test_028186,
test_028187,
test_028188,
test_028189,
test_028190,
test_028191,
test_028192,
test_028193,
test_028194,
test_028195,
test_028196,
test_028197,
test_028198,
test_028199,
test_028200,
test_028201,
test_028202,
test_028203,
test_028204,
test_028205,
test_028206,
test_028207,
test_028208,
test_028209,
test_028210,
test_028211,
test_028212,
test_028213,
test_028214,
test_028215,
test_028216,
test_028217,
test_028218,
test_028219,
test_028220,
test_028221,
test_028222,
test_028223,
test_028224,
test_028225,
test_028226,
test_028227,
test_028228,
test_028229,
test_028230,
test_028231,
test_028232,
test_028233,
test_028234,
test_028235,
test_028236,
test_028237,
test_028238,
test_028239,
test_028240,
test_028241,
test_028242,
test_028243,
test_028244,
test_028245,
test_028246,
test_028247,
test_028248,
test_028249,
test_028250,
test_028251,
test_028252,
test_028253,
test_028254,
test_028255,
test_028256,
test_028257,
test_028258,
test_028259,
test_028260,
test_028261,
test_028262,
test_028263,
test_028264,
test_028265,
test_028266,
test_028267,
test_028268,
test_028269,
test_028270,
test_028271,
test_028272,
test_028273,
test_028274,
test_028275,
test_028276,
test_028277,
test_028278,
test_028279,
test_028280,
test_028281,
test_028282,
test_028283,
test_028284,
test_028285,
test_028286,
test_028287,
test_028288,
test_028289,
test_028290,
test_028291,
test_028292,
test_028293,
test_028294,
test_028295,
test_028296,
test_028297,
test_028298,
test_028299,
test_028300,
test_028301,
test_028302,
test_028303,
test_028304,
test_028305,
test_028306,
test_028307,
test_028308,
test_028309,
test_028310,
test_028311,
test_028312,
test_028313,
test_028314,
test_028315,
test_028316,
test_028317,
test_028318,
test_028319,
test_028320,
test_028321,
test_028322,
test_028323,
test_028324,
test_028325,
test_028326,
test_028327,
test_028328,
test_028329,
test_028330,
test_028331,
test_028332,
test_028333,
test_028334,
test_028335,
test_028336,
test_028337,
test_028338,
test_028339,
test_028340,
test_028341,
test_028342,
test_028343,
test_028344,
test_028345,
test_028346,
test_028347,
test_028348,
test_028349,
test_028350,
test_028351,
test_028352,
test_028353,
test_028354,
test_028355,
test_028356,
test_028357,
test_028358,
test_028359,
test_028360,
test_028361,
test_028362,
test_028363,
test_028364,
test_028365,
test_028366,
test_028367,
test_028368,
test_028369,
test_028370,
test_028371,
test_028372,
test_028373,
test_028374,
test_028375,
test_028376,
test_028377,
test_028378,
test_028379,
test_028380,
test_028381,
test_028382,
test_028383,
test_028384,
test_028385,
test_028386,
test_028387,
test_028388,
test_028389,
test_028390,
test_028391,
test_028392,
test_028393,
test_028394,
test_028395,
test_028396,
test_028397,
test_028398,
test_028399,
test_028400,
test_028401,
test_028402,
test_028403,
test_028404,
test_028405,
test_028406,
test_028407,
test_028408,
test_028409,
test_028410,
test_028411,
test_028412,
test_028413,
test_028414,
test_028415,
test_028416,
test_028417,
test_028418,
test_028419,
test_028420,
test_028421,
test_028422,
test_028423,
test_028424,
test_028425,
test_028426,
test_028427,
test_028428,
test_028429,
test_028430,
test_028431,
test_028432,
test_028433,
test_028434,
test_028435,
test_028436,
test_028437,
test_028438,
test_028439,
test_028440,
test_028441,
test_028442,
test_028443,
test_028444,
test_028445,
test_028446,
test_028447,
test_028448,
test_028449,
test_028450,
test_028451,
test_028452,
test_028453,
test_028454,
test_028455,
test_028456,
test_028457,
test_028458,
test_028459,
test_028460,
test_028461,
test_028462,
test_028463,
test_028464,
test_028465,
test_028466,
test_028467,
test_028468,
test_028469,
test_028470,
test_028471,
test_028472,
test_028473,
test_028474,
test_028475,
test_028476,
test_028477,
test_028478,
test_028479,
test_028480,
test_028481,
test_028482,
test_028483,
test_028484,
test_028485,
test_028486,
test_028487,
test_028488,
test_028489,
test_028490,
test_028491,
test_028492,
test_028493,
test_028494,
test_028495,
test_028496,
test_028497,
test_028498,
test_028499,
test_028500,
test_028501,
test_028502,
test_028503,
test_028504,
test_028505,
test_028506,
test_028507,
test_028508,
test_028509,
test_028510,
test_028511,
test_028512,
test_028513,
test_028514,
test_028515,
test_028516,
test_028517,
test_028518,
test_028519,
test_028520,
test_028521,
test_028522,
test_028523,
test_028524,
test_028525,
test_028526,
test_028527,
test_028528,
test_028529,
test_028530,
test_028531,
test_028532,
test_028533,
test_028534,
test_028535,
test_028536,
test_028537,
test_028538,
test_028539,
test_028540,
test_028541,
test_028542,
test_028543,
test_028544,
test_028545,
test_028546,
test_028547,
test_028548,
test_028549,
test_028550,
test_028551,
test_028552,
test_028553,
test_028554,
test_028555,
test_028556,
test_028557,
test_028558,
test_028559,
test_028560,
test_028561,
test_028562,
test_028563,
test_028564,
test_028565,
test_028566,
test_028567,
test_028568,
test_028569,
test_028570,
test_028571,
test_028572,
test_028573,
test_028574,
test_028575,
test_028576,
test_028577,
test_028578,
test_028579,
test_028580,
test_028581,
test_028582,
test_028583,
test_028584,
test_028585,
test_028586,
test_028587,
test_028588,
test_028589,
test_028590,
test_028591,
test_028592,
test_028593,
test_028594,
test_028595,
test_028596,
test_028597,
test_028598,
test_028599,
test_028600,
test_028601,
test_028602,
test_028603,
test_028604,
test_028605,
test_028606,
test_028607,
test_028608,
test_028609,
test_028610,
test_028611,
test_028612,
test_028613,
test_028614,
test_028615,
test_028616,
test_028617,
test_028618,
test_028619,
test_028620,
test_028621,
test_028622,
test_028623,
test_028624,
test_028625,
test_028626,
test_028627,
test_028628,
test_028629,
test_028630,
test_028631,
test_028632,
test_028633,
test_028634,
test_028635,
test_028636,
test_028637,
test_028638,
test_028639,
test_028640,
test_028641,
test_028642,
test_028643,
test_028644,
test_028645,
test_028646,
test_028647,
test_028648,
test_028649,
test_028650,
test_028651,
test_028652,
test_028653,
test_028654,
test_028655,
test_028656,
test_028657,
test_028658,
test_028659,
test_028660,
test_028661,
test_028662,
test_028663,
test_028664,
test_028665,
test_028666,
test_028667,
test_028668,
test_028669,
test_028670,
test_028671,
test_028672,
test_028673,
test_028674,
test_028675,
test_028676,
test_028677,
test_028678,
test_028679,
test_028680,
test_028681,
test_028682,
test_028683,
test_028684,
test_028685,
test_028686,
test_028687,
test_028688,
test_028689,
test_028690,
test_028691,
test_028692,
test_028693,
test_028694,
test_028695,
test_028696,
test_028697,
test_028698,
test_028699,
test_028700,
test_028701,
test_028702,
test_028703,
test_028704,
test_028705,
test_028706,
test_028707,
test_028708,
test_028709,
test_028710,
test_028711,
test_028712,
test_028713,
test_028714,
test_028715,
test_028716,
test_028717,
test_028718,
test_028719,
test_028720,
test_028721,
test_028722,
test_028723,
test_028724,
test_028725,
test_028726,
test_028727,
test_028728,
test_028729,
test_028730,
test_028731,
test_028732,
test_028733,
test_028734,
test_028735,
test_028736,
test_028737,
test_028738,
test_028739,
test_028740,
test_028741,
test_028742,
test_028743,
test_028744,
test_028745,
test_028746,
test_028747,
test_028748,
test_028749,
test_028750,
test_028751,
test_028752,
test_028753,
test_028754,
test_028755,
test_028756,
test_028757,
test_028758,
test_028759,
test_028760,
test_028761,
test_028762,
test_028763,
test_028764,
test_028765,
test_028766,
test_028767,
test_028768,
test_028769,
test_028770,
test_028771,
test_028772,
test_028773,
test_028774,
test_028775,
test_028776,
test_028777,
test_028778,
test_028779,
test_028780,
test_028781,
test_028782,
test_028783,
test_028784,
test_028785,
test_028786,
test_028787,
test_028788,
test_028789,
test_028790,
test_028791,
test_028792,
test_028793,
test_028794,
test_028795,
test_028796,
test_028797,
test_028798,
test_028799,
test_028800,
test_028801,
test_028802,
test_028803,
test_028804,
test_028805,
test_028806,
test_028807,
test_028808,
test_028809,
test_028810,
test_028811,
test_028812,
test_028813,
test_028814,
test_028815,
test_028816,
test_028817,
test_028818,
test_028819,
test_028820,
test_028821,
test_028822,
test_028823,
test_028824,
test_028825,
test_028826,
test_028827,
test_028828,
test_028829,
test_028830,
test_028831,
test_028832,
test_028833,
test_028834,
test_028835,
test_028836,
test_028837,
test_028838,
test_028839,
test_028840,
test_028841,
test_028842,
test_028843,
test_028844,
test_028845,
test_028846,
test_028847,
test_028848,
test_028849,
test_028850,
test_028851,
test_028852,
test_028853,
test_028854,
test_028855,
test_028856,
test_028857,
test_028858,
test_028859,
test_028860,
test_028861,
test_028862,
test_028863,
test_028864,
test_028865,
test_028866,
test_028867,
test_028868,
test_028869,
test_028870,
test_028871,
test_028872,
test_028873,
test_028874,
test_028875,
test_028876,
test_028877,
test_028878,
test_028879,
test_028880,
test_028881,
test_028882,
test_028883,
test_028884,
test_028885,
test_028886,
test_028887,
test_028888,
test_028889,
test_028890,
test_028891,
test_028892,
test_028893,
test_028894,
test_028895,
test_028896,
test_028897,
test_028898,
test_028899,
test_028900,
test_028901,
test_028902,
test_028903,
test_028904,
test_028905,
test_028906,
test_028907,
test_028908,
test_028909,
test_028910,
test_028911,
test_028912,
test_028913,
test_028914,
test_028915,
test_028916,
test_028917,
test_028918,
test_028919,
test_028920,
test_028921,
test_028922,
test_028923,
test_028924,
test_028925,
test_028926,
test_028927,
test_028928,
test_028929,
test_028930,
test_028931,
test_028932,
test_028933,
test_028934,
test_028935,
test_028936,
test_028937,
test_028938,
test_028939,
test_028940,
test_028941,
test_028942,
test_028943,
test_028944,
test_028945,
test_028946,
test_028947,
test_028948,
test_028949,
test_028950,
test_028951,
test_028952,
test_028953,
test_028954,
test_028955,
test_028956,
test_028957,
test_028958,
test_028959,
test_028960,
test_028961,
test_028962,
test_028963,
test_028964,
test_028965,
test_028966,
test_028967,
test_028968,
test_028969,
test_028970,
test_028971,
test_028972,
test_028973,
test_028974,
test_028975,
test_028976,
test_028977,
test_028978,
test_028979,
test_028980,
test_028981,
test_028982,
test_028983,
test_028984,
test_028985,
test_028986,
test_028987,
test_028988,
test_028989,
test_028990,
test_028991,
test_028992,
test_028993,
test_028994,
test_028995,
test_028996,
test_028997,
test_028998,
test_028999,
test_029000,
test_029001,
test_029002,
test_029003,
test_029004,
test_029005,
test_029006,
test_029007,
test_029008,
test_029009,
test_029010,
test_029011,
test_029012,
test_029013,
test_029014,
test_029015,
test_029016,
test_029017,
test_029018,
test_029019,
test_029020,
test_029021,
test_029022,
test_029023,
test_029024,
test_029025,
test_029026,
test_029027,
test_029028,
test_029029,
test_029030,
test_029031,
test_029032,
test_029033,
test_029034,
test_029035,
test_029036,
test_029037,
test_029038,
test_029039,
test_029040,
test_029041,
test_029042,
test_029043,
test_029044,
test_029045,
test_029046,
test_029047,
test_029048,
test_029049,
test_029050,
test_029051,
test_029052,
test_029053,
test_029054,
test_029055,
test_029056,
test_029057,
test_029058,
test_029059,
test_029060,
test_029061,
test_029062,
test_029063,
test_029064,
test_029065,
test_029066,
test_029067,
test_029068,
test_029069,
test_029070,
test_029071,
test_029072,
test_029073,
test_029074,
test_029075,
test_029076,
test_029077,
test_029078,
test_029079,
test_029080,
test_029081,
test_029082,
test_029083,
test_029084,
test_029085,
test_029086,
test_029087,
test_029088,
test_029089,
test_029090,
test_029091,
test_029092,
test_029093,
test_029094,
test_029095,
test_029096,
test_029097,
test_029098,
test_029099,
test_029100,
test_029101,
test_029102,
test_029103,
test_029104,
test_029105,
test_029106,
test_029107,
test_029108,
test_029109,
test_029110,
test_029111,
test_029112,
test_029113,
test_029114,
test_029115,
test_029116,
test_029117,
test_029118,
test_029119,
test_029120,
test_029121,
test_029122,
test_029123,
test_029124,
test_029125,
test_029126,
test_029127,
test_029128,
test_029129,
test_029130,
test_029131,
test_029132,
test_029133,
test_029134,
test_029135,
test_029136,
test_029137,
test_029138,
test_029139,
test_029140,
test_029141,
test_029142,
test_029143,
test_029144,
test_029145,
test_029146,
test_029147,
test_029148,
test_029149,
test_029150,
test_029151,
test_029152,
test_029153,
test_029154,
test_029155,
test_029156,
test_029157,
test_029158,
test_029159,
test_029160,
test_029161,
test_029162,
test_029163,
test_029164,
test_029165,
test_029166,
test_029167,
test_029168,
test_029169,
test_029170,
test_029171,
test_029172,
test_029173,
test_029174,
test_029175,
test_029176,
test_029177,
test_029178,
test_029179,
test_029180,
test_029181,
test_029182,
test_029183,
test_029184,
test_029185,
test_029186,
test_029187,
test_029188,
test_029189,
test_029190,
test_029191,
test_029192,
test_029193,
test_029194,
test_029195,
test_029196,
test_029197,
test_029198,
test_029199,
test_029200,
test_029201,
test_029202,
test_029203,
test_029204,
test_029205,
test_029206,
test_029207,
test_029208,
test_029209,
test_029210,
test_029211,
test_029212,
test_029213,
test_029214,
test_029215,
test_029216,
test_029217,
test_029218,
test_029219,
test_029220,
test_029221,
test_029222,
test_029223,
test_029224,
test_029225,
test_029226,
test_029227,
test_029228,
test_029229,
test_029230,
test_029231,
test_029232,
test_029233,
test_029234,
test_029235,
test_029236,
test_029237,
test_029238,
test_029239,
test_029240,
test_029241,
test_029242,
test_029243,
test_029244,
test_029245,
test_029246,
test_029247,
test_029248,
test_029249,
test_029250,
test_029251,
test_029252,
test_029253,
test_029254,
test_029255,
test_029256,
test_029257,
test_029258,
test_029259,
test_029260,
test_029261,
test_029262,
test_029263,
test_029264,
test_029265,
test_029266,
test_029267,
test_029268,
test_029269,
test_029270,
test_029271,
test_029272,
test_029273,
test_029274,
test_029275,
test_029276,
test_029277,
test_029278,
test_029279,
test_029280,
test_029281,
test_029282,
test_029283,
test_029284,
test_029285,
test_029286,
test_029287,
test_029288,
test_029289,
test_029290,
test_029291,
test_029292,
test_029293,
test_029294,
test_029295,
test_029296,
test_029297,
test_029298,
test_029299,
test_029300,
test_029301,
test_029302,
test_029303,
test_029304,
test_029305,
test_029306,
test_029307,
test_029308,
test_029309,
test_029310,
test_029311,
test_029312,
test_029313,
test_029314,
test_029315,
test_029316,
test_029317,
test_029318,
test_029319,
test_029320,
test_029321,
test_029322,
test_029323,
test_029324,
test_029325,
test_029326,
test_029327,
test_029328,
test_029329,
test_029330,
test_029331,
test_029332,
test_029333,
test_029334,
test_029335,
test_029336,
test_029337,
test_029338,
test_029339,
test_029340,
test_029341,
test_029342,
test_029343,
test_029344,
test_029345,
test_029346,
test_029347,
test_029348,
test_029349,
test_029350,
test_029351,
test_029352,
test_029353,
test_029354,
test_029355,
test_029356,
test_029357,
test_029358,
test_029359,
test_029360,
test_029361,
test_029362,
test_029363,
test_029364,
test_029365,
test_029366,
test_029367,
test_029368,
test_029369,
test_029370,
test_029371,
test_029372,
test_029373,
test_029374,
test_029375,
test_029376,
test_029377,
test_029378,
test_029379,
test_029380,
test_029381,
test_029382,
test_029383,
test_029384,
test_029385,
test_029386,
test_029387,
test_029388,
test_029389,
test_029390,
test_029391,
test_029392,
test_029393,
test_029394,
test_029395,
test_029396,
test_029397,
test_029398,
test_029399,
test_029400,
test_029401,
test_029402,
test_029403,
test_029404,
test_029405,
test_029406,
test_029407,
test_029408,
test_029409,
test_029410,
test_029411,
test_029412,
test_029413,
test_029414,
test_029415,
test_029416,
test_029417,
test_029418,
test_029419,
test_029420,
test_029421,
test_029422,
test_029423,
test_029424,
test_029425,
test_029426,
test_029427,
test_029428,
test_029429,
test_029430,
test_029431,
test_029432,
test_029433,
test_029434,
test_029435,
test_029436,
test_029437,
test_029438,
test_029439,
test_029440,
test_029441,
test_029442,
test_029443,
test_029444,
test_029445,
test_029446,
test_029447,
test_029448,
test_029449,
test_029450,
test_029451,
test_029452,
test_029453,
test_029454,
test_029455,
test_029456,
test_029457,
test_029458,
test_029459,
test_029460,
test_029461,
test_029462,
test_029463,
test_029464,
test_029465,
test_029466,
test_029467,
test_029468,
test_029469,
test_029470,
test_029471,
test_029472,
test_029473,
test_029474,
test_029475,
test_029476,
test_029477,
test_029478,
test_029479,
test_029480,
test_029481,
test_029482,
test_029483,
test_029484,
test_029485,
test_029486,
test_029487,
test_029488,
test_029489,
test_029490,
test_029491,
test_029492,
test_029493,
test_029494,
test_029495,
test_029496,
test_029497,
test_029498,
test_029499,
test_029500,
test_029501,
test_029502,
test_029503,
test_029504,
test_029505,
test_029506,
test_029507,
test_029508,
test_029509,
test_029510,
test_029511,
test_029512,
test_029513,
test_029514,
test_029515,
test_029516,
test_029517,
test_029518,
test_029519,
test_029520,
test_029521,
test_029522,
test_029523,
test_029524,
test_029525,
test_029526,
test_029527,
test_029528,
test_029529,
test_029530,
test_029531,
test_029532,
test_029533,
test_029534,
test_029535,
test_029536,
test_029537,
test_029538,
test_029539,
test_029540,
test_029541,
test_029542,
test_029543,
test_029544,
test_029545,
test_029546,
test_029547,
test_029548,
test_029549,
test_029550,
test_029551,
test_029552,
test_029553,
test_029554,
test_029555,
test_029556,
test_029557,
test_029558,
test_029559,
test_029560,
test_029561,
test_029562,
test_029563,
test_029564,
test_029565,
test_029566,
test_029567,
test_029568,
test_029569,
test_029570,
test_029571,
test_029572,
test_029573,
test_029574,
test_029575,
test_029576,
test_029577,
test_029578,
test_029579,
test_029580,
test_029581,
test_029582,
test_029583,
test_029584,
test_029585,
test_029586,
test_029587,
test_029588,
test_029589,
test_029590,
test_029591,
test_029592,
test_029593,
test_029594,
test_029595,
test_029596,
test_029597,
test_029598,
test_029599,
test_029600,
test_029601,
test_029602,
test_029603,
test_029604,
test_029605,
test_029606,
test_029607,
test_029608,
test_029609,
test_029610,
test_029611,
test_029612,
test_029613,
test_029614,
test_029615,
test_029616,
test_029617,
test_029618,
test_029619,
test_029620,
test_029621,
test_029622,
test_029623,
test_029624,
test_029625,
test_029626,
test_029627,
test_029628,
test_029629,
test_029630,
test_029631,
test_029632,
test_029633,
test_029634,
test_029635,
test_029636,
test_029637,
test_029638,
test_029639,
test_029640,
test_029641,
test_029642,
test_029643,
test_029644,
test_029645,
test_029646,
test_029647,
test_029648,
test_029649,
test_029650,
test_029651,
test_029652,
test_029653,
test_029654,
test_029655,
test_029656,
test_029657,
test_029658,
test_029659,
test_029660,
test_029661,
test_029662,
test_029663,
test_029664,
test_029665,
test_029666,
test_029667,
test_029668,
test_029669,
test_029670,
test_029671,
test_029672,
test_029673,
test_029674,
test_029675,
test_029676,
test_029677,
test_029678,
test_029679,
test_029680,
test_029681,
test_029682,
test_029683,
test_029684,
test_029685,
test_029686,
test_029687,
test_029688,
test_029689,
test_029690,
test_029691,
test_029692,
test_029693,
test_029694,
test_029695,
test_029696,
test_029697,
test_029698,
test_029699,
test_029700,
test_029701,
test_029702,
test_029703,
test_029704,
test_029705,
test_029706,
test_029707,
test_029708,
test_029709,
test_029710,
test_029711,
test_029712,
test_029713,
test_029714,
test_029715,
test_029716,
test_029717,
test_029718,
test_029719,
test_029720,
test_029721,
test_029722,
test_029723,
test_029724,
test_029725,
test_029726,
test_029727,
test_029728,
test_029729,
test_029730,
test_029731,
test_029732,
test_029733,
test_029734,
test_029735,
test_029736,
test_029737,
test_029738,
test_029739,
test_029740,
test_029741,
test_029742,
test_029743,
test_029744,
test_029745,
test_029746,
test_029747,
test_029748,
test_029749,
test_029750,
test_029751,
test_029752,
test_029753,
test_029754,
test_029755,
test_029756,
test_029757,
test_029758,
test_029759,
test_029760,
test_029761,
test_029762,
test_029763,
test_029764,
test_029765,
test_029766,
test_029767,
test_029768,
test_029769,
test_029770,
test_029771,
test_029772,
test_029773,
test_029774,
test_029775,
test_029776,
test_029777,
test_029778,
test_029779,
test_029780,
test_029781,
test_029782,
test_029783,
test_029784,
test_029785,
test_029786,
test_029787,
test_029788,
test_029789,
test_029790,
test_029791,
test_029792,
test_029793,
test_029794,
test_029795,
test_029796,
test_029797,
test_029798,
test_029799,
test_029800,
test_029801,
test_029802,
test_029803,
test_029804,
test_029805,
test_029806,
test_029807,
test_029808,
test_029809,
test_029810,
test_029811,
test_029812,
test_029813,
test_029814,
test_029815,
test_029816,
test_029817,
test_029818,
test_029819,
test_029820,
test_029821,
test_029822,
test_029823,
test_029824,
test_029825,
test_029826,
test_029827,
test_029828,
test_029829,
test_029830,
test_029831,
test_029832,
test_029833,
test_029834,
test_029835,
test_029836,
test_029837,
test_029838,
test_029839,
test_029840,
test_029841,
test_029842,
test_029843,
test_029844,
test_029845,
test_029846,
test_029847,
test_029848,
test_029849,
test_029850,
test_029851,
test_029852,
test_029853,
test_029854,
test_029855,
test_029856,
test_029857,
test_029858,
test_029859,
test_029860,
test_029861,
test_029862,
test_029863,
test_029864,
test_029865,
test_029866,
test_029867,
test_029868,
test_029869,
test_029870,
test_029871,
test_029872,
test_029873,
test_029874,
test_029875,
test_029876,
test_029877,
test_029878,
test_029879,
test_029880,
test_029881,
test_029882,
test_029883,
test_029884,
test_029885,
test_029886,
test_029887,
test_029888,
test_029889,
test_029890,
test_029891,
test_029892,
test_029893,
test_029894,
test_029895,
test_029896,
test_029897,
test_029898,
test_029899,
test_029900,
test_029901,
test_029902,
test_029903,
test_029904,
test_029905,
test_029906,
test_029907,
test_029908,
test_029909,
test_029910,
test_029911,
test_029912,
test_029913,
test_029914,
test_029915,
test_029916,
test_029917,
test_029918,
test_029919,
test_029920,
test_029921,
test_029922,
test_029923,
test_029924,
test_029925,
test_029926,
test_029927,
test_029928,
test_029929,
test_029930,
test_029931,
test_029932,
test_029933,
test_029934,
test_029935,
test_029936,
test_029937,
test_029938,
test_029939,
test_029940,
test_029941,
test_029942,
test_029943,
test_029944,
test_029945,
test_029946,
test_029947,
test_029948,
test_029949,
test_029950,
test_029951,
test_029952,
test_029953,
test_029954,
test_029955,
test_029956,
test_029957,
test_029958,
test_029959,
test_029960,
test_029961,
test_029962,
test_029963,
test_029964,
test_029965,
test_029966,
test_029967,
test_029968,
test_029969,
test_029970,
test_029971,
test_029972,
test_029973,
test_029974,
test_029975,
test_029976,
test_029977,
test_029978,
test_029979,
test_029980,
test_029981,
test_029982,
test_029983,
test_029984,
test_029985,
test_029986,
test_029987,
test_029988,
test_029989,
test_029990,
test_029991,
test_029992,
test_029993,
test_029994,
test_029995,
test_029996,
test_029997,
test_029998,
test_029999,
test_030000,
test_030001,
test_030002,
test_030003,
test_030004,
test_030005,
test_030006,
test_030007,
test_030008,
test_030009,
test_030010,
test_030011,
test_030012,
test_030013,
test_030014,
test_030015,
test_030016,
test_030017,
test_030018,
test_030019,
test_030020,
test_030021,
test_030022,
test_030023,
test_030024,
test_030025,
test_030026,
test_030027,
test_030028,
test_030029,
test_030030,
test_030031,
test_030032,
test_030033,
test_030034,
test_030035,
test_030036,
test_030037,
test_030038,
test_030039,
test_030040,
test_030041,
test_030042,
test_030043,
test_030044,
test_030045,
test_030046,
test_030047,
test_030048,
test_030049,
test_030050,
test_030051,
test_030052,
test_030053,
test_030054,
test_030055,
test_030056,
test_030057,
test_030058,
test_030059,
test_030060,
test_030061,
test_030062,
test_030063,
test_030064,
test_030065,
test_030066,
test_030067,
test_030068,
test_030069,
test_030070,
test_030071,
test_030072,
test_030073,
test_030074,
test_030075,
test_030076,
test_030077,
test_030078,
test_030079,
test_030080,
test_030081,
test_030082,
test_030083,
test_030084,
test_030085,
test_030086,
test_030087,
test_030088,
test_030089,
test_030090,
test_030091,
test_030092,
test_030093,
test_030094,
test_030095,
test_030096,
test_030097,
test_030098,
test_030099,
test_030100,
test_030101,
test_030102,
test_030103,
test_030104,
test_030105,
test_030106,
test_030107,
test_030108,
test_030109,
test_030110,
test_030111,
test_030112,
test_030113,
test_030114,
test_030115,
test_030116,
test_030117,
test_030118,
test_030119,
test_030120,
test_030121,
test_030122,
test_030123,
test_030124,
test_030125,
test_030126,
test_030127,
test_030128,
test_030129,
test_030130,
test_030131,
test_030132,
test_030133,
test_030134,
test_030135,
test_030136,
test_030137,
test_030138,
test_030139,
test_030140,
test_030141,
test_030142,
test_030143,
test_030144,
test_030145,
test_030146,
test_030147,
test_030148,
test_030149,
test_030150,
test_030151,
test_030152,
test_030153,
test_030154,
test_030155,
test_030156,
test_030157,
test_030158,
test_030159,
test_030160,
test_030161,
test_030162,
test_030163,
test_030164,
test_030165,
test_030166,
test_030167,
test_030168,
test_030169,
test_030170,
test_030171,
test_030172,
test_030173,
test_030174,
test_030175,
test_030176,
test_030177,
test_030178,
test_030179,
test_030180,
test_030181,
test_030182,
test_030183,
test_030184,
test_030185,
test_030186,
test_030187,
test_030188,
test_030189,
test_030190,
test_030191,
test_030192,
test_030193,
test_030194,
test_030195,
test_030196,
test_030197,
test_030198,
test_030199,
test_030200,
test_030201,
test_030202,
test_030203,
test_030204,
test_030205,
test_030206,
test_030207,
test_030208,
test_030209,
test_030210,
test_030211,
test_030212,
test_030213,
test_030214,
test_030215,
test_030216,
test_030217,
test_030218,
test_030219,
test_030220,
test_030221,
test_030222,
test_030223,
test_030224,
test_030225,
test_030226,
test_030227,
test_030228,
test_030229,
test_030230,
test_030231,
test_030232,
test_030233,
test_030234,
test_030235,
test_030236,
test_030237,
test_030238,
test_030239,
test_030240,
test_030241,
test_030242,
test_030243,
test_030244,
test_030245,
test_030246,
test_030247,
test_030248,
test_030249,
test_030250,
test_030251,
test_030252,
test_030253,
test_030254,
test_030255,
test_030256,
test_030257,
test_030258,
test_030259,
test_030260,
test_030261,
test_030262,
test_030263,
test_030264,
test_030265,
test_030266,
test_030267,
test_030268,
test_030269,
test_030270,
test_030271,
test_030272,
test_030273,
test_030274,
test_030275,
test_030276,
test_030277,
test_030278,
test_030279,
test_030280,
test_030281,
test_030282,
test_030283,
test_030284,
test_030285,
test_030286,
test_030287,
test_030288,
test_030289,
test_030290,
test_030291,
test_030292,
test_030293,
test_030294,
test_030295,
test_030296,
test_030297,
test_030298,
test_030299,
test_030300,
test_030301,
test_030302,
test_030303,
test_030304,
test_030305,
test_030306,
test_030307,
test_030308,
test_030309,
test_030310,
test_030311,
test_030312,
test_030313,
test_030314,
test_030315,
test_030316,
test_030317,
test_030318,
test_030319,
test_030320,
test_030321,
test_030322,
test_030323,
test_030324,
test_030325,
test_030326,
test_030327,
test_030328,
test_030329,
test_030330,
test_030331,
test_030332,
test_030333,
test_030334,
test_030335,
test_030336,
test_030337,
test_030338,
test_030339,
test_030340,
test_030341,
test_030342,
test_030343,
test_030344,
test_030345,
test_030346,
test_030347,
test_030348,
test_030349,
test_030350,
test_030351,
test_030352,
test_030353,
test_030354,
test_030355,
test_030356,
test_030357,
test_030358,
test_030359,
test_030360,
test_030361,
test_030362,
test_030363,
test_030364,
test_030365,
test_030366,
test_030367,
test_030368,
test_030369,
test_030370,
test_030371,
test_030372,
test_030373,
test_030374,
test_030375,
test_030376,
test_030377,
test_030378,
test_030379,
test_030380,
test_030381,
test_030382,
test_030383,
test_030384,
test_030385,
test_030386,
test_030387,
test_030388,
test_030389,
test_030390,
test_030391,
test_030392,
test_030393,
test_030394,
test_030395,
test_030396,
test_030397,
test_030398,
test_030399,
test_030400,
test_030401,
test_030402,
test_030403,
test_030404,
test_030405,
test_030406,
test_030407,
test_030408,
test_030409,
test_030410,
test_030411,
test_030412,
test_030413,
test_030414,
test_030415,
test_030416,
test_030417,
test_030418,
test_030419,
test_030420,
test_030421,
test_030422,
test_030423,
test_030424,
test_030425,
test_030426,
test_030427,
test_030428,
test_030429,
test_030430,
test_030431,
test_030432,
test_030433,
test_030434,
test_030435,
test_030436,
test_030437,
test_030438,
test_030439,
test_030440,
test_030441,
test_030442,
test_030443,
test_030444,
test_030445,
test_030446,
test_030447,
test_030448,
test_030449,
test_030450,
test_030451,
test_030452,
test_030453,
test_030454,
test_030455,
test_030456,
test_030457,
test_030458,
test_030459,
test_030460,
test_030461,
test_030462,
test_030463,
test_030464,
test_030465,
test_030466,
test_030467,
test_030468,
test_030469,
test_030470,
test_030471,
test_030472,
test_030473,
test_030474,
test_030475,
test_030476,
test_030477,
test_030478,
test_030479,
test_030480,
test_030481,
test_030482,
test_030483,
test_030484,
test_030485,
test_030486,
test_030487,
test_030488,
test_030489,
test_030490,
test_030491,
test_030492,
test_030493,
test_030494,
test_030495,
test_030496,
test_030497,
test_030498,
test_030499,
test_030500,
test_030501,
test_030502,
test_030503,
test_030504,
test_030505,
test_030506,
test_030507,
test_030508,
test_030509,
test_030510,
test_030511,
test_030512,
test_030513,
test_030514,
test_030515,
test_030516,
test_030517,
test_030518,
test_030519,
test_030520,
test_030521,
test_030522,
test_030523,
test_030524,
test_030525,
test_030526,
test_030527,
test_030528,
test_030529,
test_030530,
test_030531,
test_030532,
test_030533,
test_030534,
test_030535,
test_030536,
test_030537,
test_030538,
test_030539,
test_030540,
test_030541,
test_030542,
test_030543,
test_030544,
test_030545,
test_030546,
test_030547,
test_030548,
test_030549,
test_030550,
test_030551,
test_030552,
test_030553,
test_030554,
test_030555,
test_030556,
test_030557,
test_030558,
test_030559,
test_030560,
test_030561,
test_030562,
test_030563,
test_030564,
test_030565,
test_030566,
test_030567,
test_030568,
test_030569,
test_030570,
test_030571,
test_030572,
test_030573,
test_030574,
test_030575,
test_030576,
test_030577,
test_030578,
test_030579,
test_030580,
test_030581,
test_030582,
test_030583,
test_030584,
test_030585,
test_030586,
test_030587,
test_030588,
test_030589,
test_030590,
test_030591,
test_030592,
test_030593,
test_030594,
test_030595,
test_030596,
test_030597,
test_030598,
test_030599,
test_030600,
test_030601,
test_030602,
test_030603,
test_030604,
test_030605,
test_030606,
test_030607,
test_030608,
test_030609,
test_030610,
test_030611,
test_030612,
test_030613,
test_030614,
test_030615,
test_030616,
test_030617,
test_030618,
test_030619,
test_030620,
test_030621,
test_030622,
test_030623,
test_030624,
test_030625,
test_030626,
test_030627,
test_030628,
test_030629,
test_030630,
test_030631,
test_030632,
test_030633,
test_030634,
test_030635,
test_030636,
test_030637,
test_030638,
test_030639,
test_030640,
test_030641,
test_030642,
test_030643,
test_030644,
test_030645,
test_030646,
test_030647,
test_030648,
test_030649,
test_030650,
test_030651,
test_030652,
test_030653,
test_030654,
test_030655,
test_030656,
test_030657,
test_030658,
test_030659,
test_030660,
test_030661,
test_030662,
test_030663,
test_030664,
test_030665,
test_030666,
test_030667,
test_030668,
test_030669,
test_030670,
test_030671,
test_030672,
test_030673,
test_030674,
test_030675,
test_030676,
test_030677,
test_030678,
test_030679,
test_030680,
test_030681,
test_030682,
test_030683,
test_030684,
test_030685,
test_030686,
test_030687,
test_030688,
test_030689,
test_030690,
test_030691,
test_030692,
test_030693,
test_030694,
test_030695,
test_030696,
test_030697,
test_030698,
test_030699,
test_030700,
test_030701,
test_030702,
test_030703,
test_030704,
test_030705,
test_030706,
test_030707,
test_030708,
test_030709,
test_030710,
test_030711,
test_030712,
test_030713,
test_030714,
test_030715,
test_030716,
test_030717,
test_030718,
test_030719,
test_030720,
test_030721,
test_030722,
test_030723,
test_030724,
test_030725,
test_030726,
test_030727,
test_030728,
test_030729,
test_030730,
test_030731,
test_030732,
test_030733,
test_030734,
test_030735,
test_030736,
test_030737,
test_030738,
test_030739,
test_030740,
test_030741,
test_030742,
test_030743,
test_030744,
test_030745,
test_030746,
test_030747,
test_030748,
test_030749,
test_030750,
test_030751,
test_030752,
test_030753,
test_030754,
test_030755,
test_030756,
test_030757,
test_030758,
test_030759,
test_030760,
test_030761,
test_030762,
test_030763,
test_030764,
test_030765,
test_030766,
test_030767,
test_030768,
test_030769,
test_030770,
test_030771,
test_030772,
test_030773,
test_030774,
test_030775,
test_030776,
test_030777,
test_030778,
test_030779,
test_030780,
test_030781,
test_030782,
test_030783,
test_030784,
test_030785,
test_030786,
test_030787,
test_030788,
test_030789,
test_030790,
test_030791,
test_030792,
test_030793,
test_030794,
test_030795,
test_030796,
test_030797,
test_030798,
test_030799,
test_030800,
test_030801,
test_030802,
test_030803,
test_030804,
test_030805,
test_030806,
test_030807,
test_030808,
test_030809,
test_030810,
test_030811,
test_030812,
test_030813,
test_030814,
test_030815,
test_030816,
test_030817,
test_030818,
test_030819,
test_030820,
test_030821,
test_030822,
test_030823,
test_030824,
test_030825,
test_030826,
test_030827,
test_030828,
test_030829,
test_030830,
test_030831,
test_030832,
test_030833,
test_030834,
test_030835,
test_030836,
test_030837,
test_030838,
test_030839,
test_030840,
test_030841,
test_030842,
test_030843,
test_030844,
test_030845,
test_030846,
test_030847,
test_030848,
test_030849,
test_030850,
test_030851,
test_030852,
test_030853,
test_030854,
test_030855,
test_030856,
test_030857,
test_030858,
test_030859,
test_030860,
test_030861,
test_030862,
test_030863,
test_030864,
test_030865,
test_030866,
test_030867,
test_030868,
test_030869,
test_030870,
test_030871,
test_030872,
test_030873,
test_030874,
test_030875,
test_030876,
test_030877,
test_030878,
test_030879,
test_030880,
test_030881,
test_030882,
test_030883,
test_030884,
test_030885,
test_030886,
test_030887,
test_030888,
test_030889,
test_030890,
test_030891,
test_030892,
test_030893,
test_030894,
test_030895,
test_030896,
test_030897,
test_030898,
test_030899,
test_030900,
test_030901,
test_030902,
test_030903,
test_030904,
test_030905,
test_030906,
test_030907,
test_030908,
test_030909,
test_030910,
test_030911,
test_030912,
test_030913,
test_030914,
test_030915,
test_030916,
test_030917,
test_030918,
test_030919,
test_030920,
test_030921,
test_030922,
test_030923,
test_030924,
test_030925,
test_030926,
test_030927,
test_030928,
test_030929,
test_030930,
test_030931,
test_030932,
test_030933,
test_030934,
test_030935,
test_030936,
test_030937,
test_030938,
test_030939,
test_030940,
test_030941,
test_030942,
test_030943,
test_030944,
test_030945,
test_030946,
test_030947,
test_030948,
test_030949,
test_030950,
test_030951,
test_030952,
test_030953,
test_030954,
test_030955,
test_030956,
test_030957,
test_030958,
test_030959,
test_030960,
test_030961,
test_030962,
test_030963,
test_030964,
test_030965,
test_030966,
test_030967,
test_030968,
test_030969,
test_030970,
test_030971,
test_030972,
test_030973,
test_030974,
test_030975,
test_030976,
test_030977,
test_030978,
test_030979,
test_030980,
test_030981,
test_030982,
test_030983,
test_030984,
test_030985,
test_030986,
test_030987,
test_030988,
test_030989,
test_030990,
test_030991,
test_030992,
test_030993,
test_030994,
test_030995,
test_030996,
test_030997,
test_030998,
test_030999,
test_031000,
test_031001,
test_031002,
test_031003,
test_031004,
test_031005,
test_031006,
test_031007,
test_031008,
test_031009,
test_031010,
test_031011,
test_031012,
test_031013,
test_031014,
test_031015,
test_031016,
test_031017,
test_031018,
test_031019,
test_031020,
test_031021,
test_031022,
test_031023,
test_031024,
test_031025,
test_031026,
test_031027,
test_031028,
test_031029,
test_031030,
test_031031,
test_031032,
test_031033,
test_031034,
test_031035,
test_031036,
test_031037,
test_031038,
test_031039,
test_031040,
test_031041,
test_031042,
test_031043,
test_031044,
test_031045,
test_031046,
test_031047,
test_031048,
test_031049,
test_031050,
test_031051,
test_031052,
test_031053,
test_031054,
test_031055,
test_031056,
test_031057,
test_031058,
test_031059,
test_031060,
test_031061,
test_031062,
test_031063,
test_031064,
test_031065,
test_031066,
test_031067,
test_031068,
test_031069,
test_031070,
test_031071,
test_031072,
test_031073,
test_031074,
test_031075,
test_031076,
test_031077,
test_031078,
test_031079,
test_031080,
test_031081,
test_031082,
test_031083,
test_031084,
test_031085,
test_031086,
test_031087,
test_031088,
test_031089,
test_031090,
test_031091,
test_031092,
test_031093,
test_031094,
test_031095,
test_031096,
test_031097,
test_031098,
test_031099,
test_031100,
test_031101,
test_031102,
test_031103,
test_031104,
test_031105,
test_031106,
test_031107,
test_031108,
test_031109,
test_031110,
test_031111,
test_031112,
test_031113,
test_031114,
test_031115,
test_031116,
test_031117,
test_031118,
test_031119,
test_031120,
test_031121,
test_031122,
test_031123,
test_031124,
test_031125,
test_031126,
test_031127,
test_031128,
test_031129,
test_031130,
test_031131,
test_031132,
test_031133,
test_031134,
test_031135,
test_031136,
test_031137,
test_031138,
test_031139,
test_031140,
test_031141,
test_031142,
test_031143,
test_031144,
test_031145,
test_031146,
test_031147,
test_031148,
test_031149,
test_031150,
test_031151,
test_031152,
test_031153,
test_031154,
test_031155,
test_031156,
test_031157,
test_031158,
test_031159,
test_031160,
test_031161,
test_031162,
test_031163,
test_031164,
test_031165,
test_031166,
test_031167,
test_031168,
test_031169,
test_031170,
test_031171,
test_031172,
test_031173,
test_031174,
test_031175,
test_031176,
test_031177,
test_031178,
test_031179,
test_031180,
test_031181,
test_031182,
test_031183,
test_031184,
test_031185,
test_031186,
test_031187,
test_031188,
test_031189,
test_031190,
test_031191,
test_031192,
test_031193,
test_031194,
test_031195,
test_031196,
test_031197,
test_031198,
test_031199,
test_031200,
test_031201,
test_031202,
test_031203,
test_031204,
test_031205,
test_031206,
test_031207,
test_031208,
test_031209,
test_031210,
test_031211,
test_031212,
test_031213,
test_031214,
test_031215,
test_031216,
test_031217,
test_031218,
test_031219,
test_031220,
test_031221,
test_031222,
test_031223,
test_031224,
test_031225,
test_031226,
test_031227,
test_031228,
test_031229,
test_031230,
test_031231,
test_031232,
test_031233,
test_031234,
test_031235,
test_031236,
test_031237,
test_031238,
test_031239,
test_031240,
test_031241,
test_031242,
test_031243,
test_031244,
test_031245,
test_031246,
test_031247,
test_031248,
test_031249,
test_031250,
test_031251,
test_031252,
test_031253,
test_031254,
test_031255,
test_031256,
test_031257,
test_031258,
test_031259,
test_031260,
test_031261,
test_031262,
test_031263,
test_031264,
test_031265,
test_031266,
test_031267,
test_031268,
test_031269,
test_031270,
test_031271,
test_031272,
test_031273,
test_031274,
test_031275,
test_031276,
test_031277,
test_031278,
test_031279,
test_031280,
test_031281,
test_031282,
test_031283,
test_031284,
test_031285,
test_031286,
test_031287,
test_031288,
test_031289,
test_031290,
test_031291,
test_031292,
test_031293,
test_031294,
test_031295,
test_031296,
test_031297,
test_031298,
test_031299,
test_031300,
test_031301,
test_031302,
test_031303,
test_031304,
test_031305,
test_031306,
test_031307,
test_031308,
test_031309,
test_031310,
test_031311,
test_031312,
test_031313,
test_031314,
test_031315,
test_031316,
test_031317,
test_031318,
test_031319,
test_031320,
test_031321,
test_031322,
test_031323,
test_031324,
test_031325,
test_031326,
test_031327,
test_031328,
test_031329,
test_031330,
test_031331,
test_031332,
test_031333,
test_031334,
test_031335,
test_031336,
test_031337,
test_031338,
test_031339,
test_031340,
test_031341,
test_031342,
test_031343,
test_031344,
test_031345,
test_031346,
test_031347,
test_031348,
test_031349,
test_031350,
test_031351,
test_031352,
test_031353,
test_031354,
test_031355,
test_031356,
test_031357,
test_031358,
test_031359,
test_031360,
test_031361,
test_031362,
test_031363,
test_031364,
test_031365,
test_031366,
test_031367,
test_031368,
test_031369,
test_031370,
test_031371,
test_031372,
test_031373,
test_031374,
test_031375,
test_031376,
test_031377,
test_031378,
test_031379,
test_031380,
test_031381,
test_031382,
test_031383,
test_031384,
test_031385,
test_031386,
test_031387,
test_031388,
test_031389,
test_031390,
test_031391,
test_031392,
test_031393,
test_031394,
test_031395,
test_031396,
test_031397,
test_031398,
test_031399,
test_031400,
test_031401,
test_031402,
test_031403,
test_031404,
test_031405,
test_031406,
test_031407,
test_031408,
test_031409,
test_031410,
test_031411,
test_031412,
test_031413,
test_031414,
test_031415,
test_031416,
test_031417,
test_031418,
test_031419,
test_031420,
test_031421,
test_031422,
test_031423,
test_031424,
test_031425,
test_031426,
test_031427,
test_031428,
test_031429,
test_031430,
test_031431,
test_031432,
test_031433,
test_031434,
test_031435,
test_031436,
test_031437,
test_031438,
test_031439,
test_031440,
test_031441,
test_031442,
test_031443,
test_031444,
test_031445,
test_031446,
test_031447,
test_031448,
test_031449,
test_031450,
test_031451,
test_031452,
test_031453,
test_031454,
test_031455,
test_031456,
test_031457,
test_031458,
test_031459,
test_031460,
test_031461,
test_031462,
test_031463,
test_031464,
test_031465,
test_031466,
test_031467,
test_031468,
test_031469,
test_031470,
test_031471,
test_031472,
test_031473,
test_031474,
test_031475,
test_031476,
test_031477,
test_031478,
test_031479,
test_031480,
test_031481,
test_031482,
test_031483,
test_031484,
test_031485,
test_031486,
test_031487,
test_031488,
test_031489,
test_031490,
test_031491,
test_031492,
test_031493,
test_031494,
test_031495,
test_031496,
test_031497,
test_031498,
test_031499,
test_031500,
test_031501,
test_031502,
test_031503,
test_031504,
test_031505,
test_031506,
test_031507,
test_031508,
test_031509,
test_031510,
test_031511,
test_031512,
test_031513,
test_031514,
test_031515,
test_031516,
test_031517,
test_031518,
test_031519,
test_031520,
test_031521,
test_031522,
test_031523,
test_031524,
test_031525,
test_031526,
test_031527,
test_031528,
test_031529,
test_031530,
test_031531,
test_031532,
test_031533,
test_031534,
test_031535,
test_031536,
test_031537,
test_031538,
test_031539,
test_031540,
test_031541,
test_031542,
test_031543,
test_031544,
test_031545,
test_031546,
test_031547,
test_031548,
test_031549,
test_031550,
test_031551,
test_031552,
test_031553,
test_031554,
test_031555,
test_031556,
test_031557,
test_031558,
test_031559,
test_031560,
test_031561,
test_031562,
test_031563,
test_031564,
test_031565,
test_031566,
test_031567,
test_031568,
test_031569,
test_031570,
test_031571,
test_031572,
test_031573,
test_031574,
test_031575,
test_031576,
test_031577,
test_031578,
test_031579,
test_031580,
test_031581,
test_031582,
test_031583,
test_031584,
test_031585,
test_031586,
test_031587,
test_031588,
test_031589,
test_031590,
test_031591,
test_031592,
test_031593,
test_031594,
test_031595,
test_031596,
test_031597,
test_031598,
test_031599,
test_031600,
test_031601,
test_031602,
test_031603,
test_031604,
test_031605,
test_031606,
test_031607,
test_031608,
test_031609,
test_031610,
test_031611,
test_031612,
test_031613,
test_031614,
test_031615,
test_031616,
test_031617,
test_031618,
test_031619,
test_031620,
test_031621,
test_031622,
test_031623,
test_031624,
test_031625,
test_031626,
test_031627,
test_031628,
test_031629,
test_031630,
test_031631,
test_031632,
test_031633,
test_031634,
test_031635,
test_031636,
test_031637,
test_031638,
test_031639,
test_031640,
test_031641,
test_031642,
test_031643,
test_031644,
test_031645,
test_031646,
test_031647,
test_031648,
test_031649,
test_031650,
test_031651,
test_031652,
test_031653,
test_031654,
test_031655,
test_031656,
test_031657,
test_031658,
test_031659,
test_031660,
test_031661,
test_031662,
test_031663,
test_031664,
test_031665,
test_031666,
test_031667,
test_031668,
test_031669,
test_031670,
test_031671,
test_031672,
test_031673,
test_031674,
test_031675,
test_031676,
test_031677,
test_031678,
test_031679,
test_031680,
test_031681,
test_031682,
test_031683,
test_031684,
test_031685,
test_031686,
test_031687,
test_031688,
test_031689,
test_031690,
test_031691,
test_031692,
test_031693,
test_031694,
test_031695,
test_031696,
test_031697,
test_031698,
test_031699,
test_031700,
test_031701,
test_031702,
test_031703,
test_031704,
test_031705,
test_031706,
test_031707,
test_031708,
test_031709,
test_031710,
test_031711,
test_031712,
test_031713,
test_031714,
test_031715,
test_031716,
test_031717,
test_031718,
test_031719,
test_031720,
test_031721,
test_031722,
test_031723,
test_031724,
test_031725,
test_031726,
test_031727,
test_031728,
test_031729,
test_031730,
test_031731,
test_031732,
test_031733,
test_031734,
test_031735,
test_031736,
test_031737,
test_031738,
test_031739,
test_031740,
test_031741,
test_031742,
test_031743,
test_031744,
test_031745,
test_031746,
test_031747,
test_031748,
test_031749,
test_031750,
test_031751,
test_031752,
test_031753,
test_031754,
test_031755,
test_031756,
test_031757,
test_031758,
test_031759,
test_031760,
test_031761,
test_031762,
test_031763,
test_031764,
test_031765,
test_031766,
test_031767,
test_031768,
test_031769,
test_031770,
test_031771,
test_031772,
test_031773,
test_031774,
test_031775,
test_031776,
test_031777,
test_031778,
test_031779,
test_031780,
test_031781,
test_031782,
test_031783,
test_031784,
test_031785,
test_031786,
test_031787,
test_031788,
test_031789,
test_031790,
test_031791,
test_031792,
test_031793,
test_031794,
test_031795,
test_031796,
test_031797,
test_031798,
test_031799,
test_031800,
test_031801,
test_031802,
test_031803,
test_031804,
test_031805,
test_031806,
test_031807,
test_031808,
test_031809,
test_031810,
test_031811,
test_031812,
test_031813,
test_031814,
test_031815,
test_031816,
test_031817,
test_031818,
test_031819,
test_031820,
test_031821,
test_031822,
test_031823,
test_031824,
test_031825,
test_031826,
test_031827,
test_031828,
test_031829,
test_031830,
test_031831,
test_031832,
test_031833,
test_031834,
test_031835,
test_031836,
test_031837,
test_031838,
test_031839,
test_031840,
test_031841,
test_031842,
test_031843,
test_031844,
test_031845,
test_031846,
test_031847,
test_031848,
test_031849,
test_031850,
test_031851,
test_031852,
test_031853,
test_031854,
test_031855,
test_031856,
test_031857,
test_031858,
test_031859,
test_031860,
test_031861,
test_031862,
test_031863,
test_031864,
test_031865,
test_031866,
test_031867,
test_031868,
test_031869,
test_031870,
test_031871,
test_031872,
test_031873,
test_031874,
test_031875,
test_031876,
test_031877,
test_031878,
test_031879,
test_031880,
test_031881,
test_031882,
test_031883,
test_031884,
test_031885,
test_031886,
test_031887,
test_031888,
test_031889,
test_031890,
test_031891,
test_031892,
test_031893,
test_031894,
test_031895,
test_031896,
test_031897,
test_031898,
test_031899,
test_031900,
test_031901,
test_031902,
test_031903,
test_031904,
test_031905,
test_031906,
test_031907,
test_031908,
test_031909,
test_031910,
test_031911,
test_031912,
test_031913,
test_031914,
test_031915,
test_031916,
test_031917,
test_031918,
test_031919,
test_031920,
test_031921,
test_031922,
test_031923,
test_031924,
test_031925,
test_031926,
test_031927,
test_031928,
test_031929,
test_031930,
test_031931,
test_031932,
test_031933,
test_031934,
test_031935,
test_031936,
test_031937,
test_031938,
test_031939,
test_031940,
test_031941,
test_031942,
test_031943,
test_031944,
test_031945,
test_031946,
test_031947,
test_031948,
test_031949,
test_031950,
test_031951,
test_031952,
test_031953,
test_031954,
test_031955,
test_031956,
test_031957,
test_031958,
test_031959,
test_031960,
test_031961,
test_031962,
test_031963,
test_031964,
test_031965,
test_031966,
test_031967,
test_031968,
test_031969,
test_031970,
test_031971,
test_031972,
test_031973,
test_031974,
test_031975,
test_031976,
test_031977,
test_031978,
test_031979,
test_031980,
test_031981,
test_031982,
test_031983,
test_031984,
test_031985,
test_031986,
test_031987,
test_031988,
test_031989,
test_031990,
test_031991,
test_031992,
test_031993,
test_031994,
test_031995,
test_031996,
test_031997,
test_031998,
test_031999,
test_032000,
test_032001,
test_032002,
test_032003,
test_032004,
test_032005,
test_032006,
test_032007,
test_032008,
test_032009,
test_032010,
test_032011,
test_032012,
test_032013,
test_032014,
test_032015,
test_032016,
test_032017,
test_032018,
test_032019,
test_032020,
test_032021,
test_032022,
test_032023,
test_032024,
test_032025,
test_032026,
test_032027,
test_032028,
test_032029,
test_032030,
test_032031,
test_032032,
test_032033,
test_032034,
test_032035,
test_032036,
test_032037,
test_032038,
test_032039,
test_032040,
test_032041,
test_032042,
test_032043,
test_032044,
test_032045,
test_032046,
test_032047,
test_032048,
test_032049,
test_032050,
test_032051,
test_032052,
test_032053,
test_032054,
test_032055,
test_032056,
test_032057,
test_032058,
test_032059,
test_032060,
test_032061,
test_032062,
test_032063,
test_032064,
test_032065,
test_032066,
test_032067,
test_032068,
test_032069,
test_032070,
test_032071,
test_032072,
test_032073,
test_032074,
test_032075,
test_032076,
test_032077,
test_032078,
test_032079,
test_032080,
test_032081,
test_032082,
test_032083,
test_032084,
test_032085,
test_032086,
test_032087,
test_032088,
test_032089,
test_032090,
test_032091,
test_032092,
test_032093,
test_032094,
test_032095,
test_032096,
test_032097,
test_032098,
test_032099,
test_032100,
test_032101,
test_032102,
test_032103,
test_032104,
test_032105,
test_032106,
test_032107,
test_032108,
test_032109,
test_032110,
test_032111,
test_032112,
test_032113,
test_032114,
test_032115,
test_032116,
test_032117,
test_032118,
test_032119,
test_032120,
test_032121,
test_032122,
test_032123,
test_032124,
test_032125,
test_032126,
test_032127,
test_032128,
test_032129,
test_032130,
test_032131,
test_032132,
test_032133,
test_032134,
test_032135,
test_032136,
test_032137,
test_032138,
test_032139,
test_032140,
test_032141,
test_032142,
test_032143,
test_032144,
test_032145,
test_032146,
test_032147,
test_032148,
test_032149,
test_032150,
test_032151,
test_032152,
test_032153,
test_032154,
test_032155,
test_032156,
test_032157,
test_032158,
test_032159,
test_032160,
test_032161,
test_032162,
test_032163,
test_032164,
test_032165,
test_032166,
test_032167,
test_032168,
test_032169,
test_032170,
test_032171,
test_032172,
test_032173,
test_032174,
test_032175,
test_032176,
test_032177,
test_032178,
test_032179,
test_032180,
test_032181,
test_032182,
test_032183,
test_032184,
test_032185,
test_032186,
test_032187,
test_032188,
test_032189,
test_032190,
test_032191,
test_032192,
test_032193,
test_032194,
test_032195,
test_032196,
test_032197,
test_032198,
test_032199,
test_032200,
test_032201,
test_032202,
test_032203,
test_032204,
test_032205,
test_032206,
test_032207,
test_032208,
test_032209,
test_032210,
test_032211,
test_032212,
test_032213,
test_032214,
test_032215,
test_032216,
test_032217,
test_032218,
test_032219,
test_032220,
test_032221,
test_032222,
test_032223,
test_032224,
test_032225,
test_032226,
test_032227,
test_032228,
test_032229,
test_032230,
test_032231,
test_032232,
test_032233,
test_032234,
test_032235,
test_032236,
test_032237,
test_032238,
test_032239,
test_032240,
test_032241,
test_032242,
test_032243,
test_032244,
test_032245,
test_032246,
test_032247,
test_032248,
test_032249,
test_032250,
test_032251,
test_032252,
test_032253,
test_032254,
test_032255,
test_032256,
test_032257,
test_032258,
test_032259,
test_032260,
test_032261,
test_032262,
test_032263,
test_032264,
test_032265,
test_032266,
test_032267,
test_032268,
test_032269,
test_032270,
test_032271,
test_032272,
test_032273,
test_032274,
test_032275,
test_032276,
test_032277,
test_032278,
test_032279,
test_032280,
test_032281,
test_032282,
test_032283,
test_032284,
test_032285,
test_032286,
test_032287,
test_032288,
test_032289,
test_032290,
test_032291,
test_032292,
test_032293,
test_032294,
test_032295,
test_032296,
test_032297,
test_032298,
test_032299,
test_032300,
test_032301,
test_032302,
test_032303,
test_032304,
test_032305,
test_032306,
test_032307,
test_032308,
test_032309,
test_032310,
test_032311,
test_032312,
test_032313,
test_032314,
test_032315,
test_032316,
test_032317,
test_032318,
test_032319,
test_032320,
test_032321,
test_032322,
test_032323,
test_032324,
test_032325,
test_032326,
test_032327,
test_032328,
test_032329,
test_032330,
test_032331,
test_032332,
test_032333,
test_032334,
test_032335,
test_032336,
test_032337,
test_032338,
test_032339,
test_032340,
test_032341,
test_032342,
test_032343,
test_032344,
test_032345,
test_032346,
test_032347,
test_032348,
test_032349,
test_032350,
test_032351,
test_032352,
test_032353,
test_032354,
test_032355,
test_032356,
test_032357,
test_032358,
test_032359,
test_032360,
test_032361,
test_032362,
test_032363,
test_032364,
test_032365,
test_032366,
test_032367,
test_032368,
test_032369,
test_032370,
test_032371,
test_032372,
test_032373,
test_032374,
test_032375,
test_032376,
test_032377,
test_032378,
test_032379,
test_032380,
test_032381,
test_032382,
test_032383,
test_032384,
test_032385,
test_032386,
test_032387,
test_032388,
test_032389,
test_032390,
test_032391,
test_032392,
test_032393,
test_032394,
test_032395,
test_032396,
test_032397,
test_032398,
test_032399,
test_032400,
test_032401,
test_032402,
test_032403,
test_032404,
test_032405,
test_032406,
test_032407,
test_032408,
test_032409,
test_032410,
test_032411,
test_032412,
test_032413,
test_032414,
test_032415,
test_032416,
test_032417,
test_032418,
test_032419,
test_032420,
test_032421,
test_032422,
test_032423,
test_032424,
test_032425,
test_032426,
test_032427,
test_032428,
test_032429,
test_032430,
test_032431,
test_032432,
test_032433,
test_032434,
test_032435,
test_032436,
test_032437,
test_032438,
test_032439,
test_032440,
test_032441,
test_032442,
test_032443,
test_032444,
test_032445,
test_032446,
test_032447,
test_032448,
test_032449,
test_032450,
test_032451,
test_032452,
test_032453,
test_032454,
test_032455,
test_032456,
test_032457,
test_032458,
test_032459,
test_032460,
test_032461,
test_032462,
test_032463,
test_032464,
test_032465,
test_032466,
test_032467,
test_032468,
test_032469,
test_032470,
test_032471,
test_032472,
test_032473,
test_032474,
test_032475,
test_032476,
test_032477,
test_032478,
test_032479,
test_032480,
test_032481,
test_032482,
test_032483,
test_032484,
test_032485,
test_032486,
test_032487,
test_032488,
test_032489,
test_032490,
test_032491,
test_032492,
test_032493,
test_032494,
test_032495,
test_032496,
test_032497,
test_032498,
test_032499,
test_032500,
test_032501,
test_032502,
test_032503,
test_032504,
test_032505,
test_032506,
test_032507,
test_032508,
test_032509,
test_032510,
test_032511,
test_032512,
test_032513,
test_032514,
test_032515,
test_032516,
test_032517,
test_032518,
test_032519,
test_032520,
test_032521,
test_032522,
test_032523,
test_032524,
test_032525,
test_032526,
test_032527,
test_032528,
test_032529,
test_032530,
test_032531,
test_032532,
test_032533,
test_032534,
test_032535,
test_032536,
test_032537,
test_032538,
test_032539,
test_032540,
test_032541,
test_032542,
test_032543,
test_032544,
test_032545,
test_032546,
test_032547,
test_032548,
test_032549,
test_032550,
test_032551,
test_032552,
test_032553,
test_032554,
test_032555,
test_032556,
test_032557,
test_032558,
test_032559,
test_032560,
test_032561,
test_032562,
test_032563,
test_032564,
test_032565,
test_032566,
test_032567,
test_032568,
test_032569,
test_032570,
test_032571,
test_032572,
test_032573,
test_032574,
test_032575,
test_032576,
test_032577,
test_032578,
test_032579,
test_032580,
test_032581,
test_032582,
test_032583,
test_032584,
test_032585,
test_032586,
test_032587,
test_032588,
test_032589,
test_032590,
test_032591,
test_032592,
test_032593,
test_032594,
test_032595,
test_032596,
test_032597,
test_032598,
test_032599,
test_032600,
test_032601,
test_032602,
test_032603,
test_032604,
test_032605,
test_032606,
test_032607,
test_032608,
test_032609,
test_032610,
test_032611,
test_032612,
test_032613,
test_032614,
test_032615,
test_032616,
test_032617,
test_032618,
test_032619,
test_032620,
test_032621,
test_032622,
test_032623,
test_032624,
test_032625,
test_032626,
test_032627,
test_032628,
test_032629,
test_032630,
test_032631,
test_032632,
test_032633,
test_032634,
test_032635,
test_032636,
test_032637,
test_032638,
test_032639,
test_032640,
test_032641,
test_032642,
test_032643,
test_032644,
test_032645,
test_032646,
test_032647,
test_032648,
test_032649,
test_032650,
test_032651,
test_032652,
test_032653,
test_032654,
test_032655,
test_032656,
test_032657,
test_032658,
test_032659,
test_032660,
test_032661,
test_032662,
test_032663,
test_032664,
test_032665,
test_032666,
test_032667,
test_032668,
test_032669,
test_032670,
test_032671,
test_032672,
test_032673,
test_032674,
test_032675,
test_032676,
test_032677,
test_032678,
test_032679,
test_032680,
test_032681,
test_032682,
test_032683,
test_032684,
test_032685,
test_032686,
test_032687,
test_032688,
test_032689,
test_032690,
test_032691,
test_032692,
test_032693,
test_032694,
test_032695,
test_032696,
test_032697,
test_032698,
test_032699,
test_032700,
test_032701,
test_032702,
test_032703,
test_032704,
test_032705,
test_032706,
test_032707,
test_032708,
test_032709,
test_032710,
test_032711,
test_032712,
test_032713,
test_032714,
test_032715,
test_032716,
test_032717,
test_032718,
test_032719,
test_032720,
test_032721,
test_032722,
test_032723,
test_032724,
test_032725,
test_032726,
test_032727,
test_032728,
test_032729,
test_032730,
test_032731,
test_032732,
test_032733,
test_032734,
test_032735,
test_032736,
test_032737,
test_032738,
test_032739,
test_032740,
test_032741,
test_032742,
test_032743,
test_032744,
test_032745,
test_032746,
test_032747,
test_032748,
test_032749,
test_032750,
test_032751,
test_032752,
test_032753,
test_032754,
test_032755,
test_032756,
test_032757,
test_032758,
test_032759,
test_032760,
test_032761,
test_032762,
test_032763,
test_032764,
test_032765,
test_032766,
test_032767,
test_032768,
test_032769,
test_032770,
test_032771,
test_032772,
test_032773,
test_032774,
test_032775,
test_032776,
test_032777,
test_032778,
test_032779,
test_032780,
test_032781,
test_032782,
test_032783,
test_032784,
test_032785,
test_032786,
test_032787,
test_032788,
test_032789,
test_032790,
test_032791,
test_032792,
test_032793,
test_032794,
test_032795,
test_032796,
test_032797,
test_032798,
test_032799,
test_032800,
test_032801,
test_032802,
test_032803,
test_032804,
test_032805,
test_032806,
test_032807,
test_032808,
test_032809,
test_032810,
test_032811,
test_032812,
test_032813,
test_032814,
test_032815,
test_032816,
test_032817,
test_032818,
test_032819,
test_032820,
test_032821,
test_032822,
test_032823,
test_032824,
test_032825,
test_032826,
test_032827,
test_032828,
test_032829,
test_032830,
test_032831,
test_032832,
test_032833,
test_032834,
test_032835,
test_032836,
test_032837,
test_032838,
test_032839,
test_032840,
test_032841,
test_032842,
test_032843,
test_032844,
test_032845,
test_032846,
test_032847,
test_032848,
test_032849,
test_032850,
test_032851,
test_032852,
test_032853,
test_032854,
test_032855,
test_032856,
test_032857,
test_032858,
test_032859,
test_032860,
test_032861,
test_032862,
test_032863,
test_032864,
test_032865,
test_032866,
test_032867,
test_032868,
test_032869,
test_032870,
test_032871,
test_032872,
test_032873,
test_032874,
test_032875,
test_032876,
test_032877,
test_032878,
test_032879,
test_032880,
test_032881,
test_032882,
test_032883,
test_032884,
test_032885,
test_032886,
test_032887,
test_032888,
test_032889,
test_032890,
test_032891,
test_032892,
test_032893,
test_032894,
test_032895,
test_032896,
test_032897,
test_032898,
test_032899,
test_032900,
test_032901,
test_032902,
test_032903,
test_032904,
test_032905,
test_032906,
test_032907,
test_032908,
test_032909,
test_032910,
test_032911,
test_032912,
test_032913,
test_032914,
test_032915,
test_032916,
test_032917,
test_032918,
test_032919,
test_032920,
test_032921,
test_032922,
test_032923,
test_032924,
test_032925,
test_032926,
test_032927,
test_032928,
test_032929,
test_032930,
test_032931,
test_032932,
test_032933,
test_032934,
test_032935,
test_032936,
test_032937,
test_032938,
test_032939,
test_032940,
test_032941,
test_032942,
test_032943,
test_032944,
test_032945,
test_032946,
test_032947,
test_032948,
test_032949,
test_032950,
test_032951,
test_032952,
test_032953,
test_032954,
test_032955,
test_032956,
test_032957,
test_032958,
test_032959,
test_032960,
test_032961,
test_032962,
test_032963,
test_032964,
test_032965,
test_032966,
test_032967,
test_032968,
test_032969,
test_032970,
test_032971,
test_032972,
test_032973,
test_032974,
test_032975,
test_032976,
test_032977,
test_032978,
test_032979,
test_032980,
test_032981,
test_032982,
test_032983,
test_032984,
test_032985,
test_032986,
test_032987,
test_032988,
test_032989,
test_032990,
test_032991,
test_032992,
test_032993,
test_032994,
test_032995,
test_032996,
test_032997,
test_032998,
test_032999,
test_033000,
test_033001,
test_033002,
test_033003,
test_033004,
test_033005,
test_033006,
test_033007,
test_033008,
test_033009,
test_033010,
test_033011,
test_033012,
test_033013,
test_033014,
test_033015,
test_033016,
test_033017,
test_033018,
test_033019,
test_033020,
test_033021,
test_033022,
test_033023,
test_033024,
test_033025,
test_033026,
test_033027,
test_033028,
test_033029,
test_033030,
test_033031,
test_033032,
test_033033,
test_033034,
test_033035,
test_033036,
test_033037,
test_033038,
test_033039,
test_033040,
test_033041,
test_033042,
test_033043,
test_033044,
test_033045,
test_033046,
test_033047,
test_033048,
test_033049,
test_033050,
test_033051,
test_033052,
test_033053,
test_033054,
test_033055,
test_033056,
test_033057,
test_033058,
test_033059,
test_033060,
test_033061,
test_033062,
test_033063,
test_033064,
test_033065,
test_033066,
test_033067,
test_033068,
test_033069,
test_033070,
test_033071,
test_033072,
test_033073,
test_033074,
test_033075,
test_033076,
test_033077,
test_033078,
test_033079,
test_033080,
test_033081,
test_033082,
test_033083,
test_033084,
test_033085,
test_033086,
test_033087,
test_033088,
test_033089,
test_033090,
test_033091,
test_033092,
test_033093,
test_033094,
test_033095,
test_033096,
test_033097,
test_033098,
test_033099,
test_033100,
test_033101,
test_033102,
test_033103,
test_033104,
test_033105,
test_033106,
test_033107,
test_033108,
test_033109,
test_033110,
test_033111,
test_033112,
test_033113,
test_033114,
test_033115,
test_033116,
test_033117,
test_033118,
test_033119,
test_033120,
test_033121,
test_033122,
test_033123,
test_033124,
test_033125,
test_033126,
test_033127,
test_033128,
test_033129,
test_033130,
test_033131,
test_033132,
test_033133,
test_033134,
test_033135,
test_033136,
test_033137,
test_033138,
test_033139,
test_033140,
test_033141,
test_033142,
test_033143,
test_033144,
test_033145,
test_033146,
test_033147,
test_033148,
test_033149,
test_033150,
test_033151,
test_033152,
test_033153,
test_033154,
test_033155,
test_033156,
test_033157,
test_033158,
test_033159,
test_033160,
test_033161,
test_033162,
test_033163,
test_033164,
test_033165,
test_033166,
test_033167,
test_033168,
test_033169,
test_033170,
test_033171,
test_033172,
test_033173,
test_033174,
test_033175,
test_033176,
test_033177,
test_033178,
test_033179,
test_033180,
test_033181,
test_033182,
test_033183,
test_033184,
test_033185,
test_033186,
test_033187,
test_033188,
test_033189,
test_033190,
test_033191,
test_033192,
test_033193,
test_033194,
test_033195,
test_033196,
test_033197,
test_033198,
test_033199,
test_033200,
test_033201,
test_033202,
test_033203,
test_033204,
test_033205,
test_033206,
test_033207,
test_033208,
test_033209,
test_033210,
test_033211,
test_033212,
test_033213,
test_033214,
test_033215,
test_033216,
test_033217,
test_033218,
test_033219,
test_033220,
test_033221,
test_033222,
test_033223,
test_033224,
test_033225,
test_033226,
test_033227,
test_033228,
test_033229,
test_033230,
test_033231,
test_033232,
test_033233,
test_033234,
test_033235,
test_033236,
test_033237,
test_033238,
test_033239,
test_033240,
test_033241,
test_033242,
test_033243,
test_033244,
test_033245,
test_033246,
test_033247,
test_033248,
test_033249,
test_033250,
test_033251,
test_033252,
test_033253,
test_033254,
test_033255,
test_033256,
test_033257,
test_033258,
test_033259,
test_033260,
test_033261,
test_033262,
test_033263,
test_033264,
test_033265,
test_033266,
test_033267,
test_033268,
test_033269,
test_033270,
test_033271,
test_033272,
test_033273,
test_033274,
test_033275,
test_033276,
test_033277,
test_033278,
test_033279,
test_033280,
test_033281,
test_033282,
test_033283,
test_033284,
test_033285,
test_033286,
test_033287,
test_033288,
test_033289,
test_033290,
test_033291,
test_033292,
test_033293,
test_033294,
test_033295,
test_033296,
test_033297,
test_033298,
test_033299,
test_033300,
test_033301,
test_033302,
test_033303,
test_033304,
test_033305,
test_033306,
test_033307,
test_033308,
test_033309,
test_033310,
test_033311,
test_033312,
test_033313,
test_033314,
test_033315,
test_033316,
test_033317,
test_033318,
test_033319,
test_033320,
test_033321,
test_033322,
test_033323,
test_033324,
test_033325,
test_033326,
test_033327,
test_033328,
test_033329,
test_033330,
test_033331,
test_033332,
test_033333,
test_033334,
test_033335,
test_033336,
test_033337,
test_033338,
test_033339,
test_033340,
test_033341,
test_033342,
test_033343,
test_033344,
test_033345,
test_033346,
test_033347,
test_033348,
test_033349,
test_033350,
test_033351,
test_033352,
test_033353,
test_033354,
test_033355,
test_033356,
test_033357,
test_033358,
test_033359,
test_033360,
test_033361,
test_033362,
test_033363,
test_033364,
test_033365,
test_033366,
test_033367,
test_033368,
test_033369,
test_033370,
test_033371,
test_033372,
test_033373,
test_033374,
test_033375,
test_033376,
test_033377,
test_033378,
test_033379,
test_033380,
test_033381,
test_033382,
test_033383,
test_033384,
test_033385,
test_033386,
test_033387,
test_033388,
test_033389,
test_033390,
test_033391,
test_033392,
test_033393,
test_033394,
test_033395,
test_033396,
test_033397,
test_033398,
test_033399,
test_033400,
test_033401,
test_033402,
test_033403,
test_033404,
test_033405,
test_033406,
test_033407,
test_033408,
test_033409,
test_033410,
test_033411,
test_033412,
test_033413,
test_033414,
test_033415,
test_033416,
test_033417,
test_033418,
test_033419,
test_033420,
test_033421,
test_033422,
test_033423,
test_033424,
test_033425,
test_033426,
test_033427,
test_033428,
test_033429,
test_033430,
test_033431,
test_033432,
test_033433,
test_033434,
test_033435,
test_033436,
test_033437,
test_033438,
test_033439,
test_033440,
test_033441,
test_033442,
test_033443,
test_033444,
test_033445,
test_033446,
test_033447,
test_033448,
test_033449,
test_033450,
test_033451,
test_033452,
test_033453,
test_033454,
test_033455,
test_033456,
test_033457,
test_033458,
test_033459,
test_033460,
test_033461,
test_033462,
test_033463,
test_033464,
test_033465,
test_033466,
test_033467,
test_033468,
test_033469,
test_033470,
test_033471,
test_033472,
test_033473,
test_033474,
test_033475,
test_033476,
test_033477,
test_033478,
test_033479,
test_033480,
test_033481,
test_033482,
test_033483,
test_033484,
test_033485,
test_033486,
test_033487,
test_033488,
test_033489,
test_033490,
test_033491,
test_033492,
test_033493,
test_033494,
test_033495,
test_033496,
test_033497,
test_033498,
test_033499,
test_033500,
test_033501,
test_033502,
test_033503,
test_033504,
test_033505,
test_033506,
test_033507,
test_033508,
test_033509,
test_033510,
test_033511,
test_033512,
test_033513,
test_033514,
test_033515,
test_033516,
test_033517,
test_033518,
test_033519,
test_033520,
test_033521,
test_033522,
test_033523,
test_033524,
test_033525,
test_033526,
test_033527,
test_033528,
test_033529,
test_033530,
test_033531,
test_033532,
test_033533,
test_033534,
test_033535,
test_033536,
test_033537,
test_033538,
test_033539,
test_033540,
test_033541,
test_033542,
test_033543,
test_033544,
test_033545,
test_033546,
test_033547,
test_033548,
test_033549,
test_033550,
test_033551,
test_033552,
test_033553,
test_033554,
test_033555,
test_033556,
test_033557,
test_033558,
test_033559,
test_033560,
test_033561,
test_033562,
test_033563,
test_033564,
test_033565,
test_033566,
test_033567,
test_033568,
test_033569,
test_033570,
test_033571,
test_033572,
test_033573,
test_033574,
test_033575,
test_033576,
test_033577,
test_033578,
test_033579,
test_033580,
test_033581,
test_033582,
test_033583,
test_033584,
test_033585,
test_033586,
test_033587,
test_033588,
test_033589,
test_033590,
test_033591,
test_033592,
test_033593,
test_033594,
test_033595,
test_033596,
test_033597,
test_033598,
test_033599,
test_033600,
test_033601,
test_033602,
test_033603,
test_033604,
test_033605,
test_033606,
test_033607,
test_033608,
test_033609,
test_033610,
test_033611,
test_033612,
test_033613,
test_033614,
test_033615,
test_033616,
test_033617,
test_033618,
test_033619,
test_033620,
test_033621,
test_033622,
test_033623,
test_033624,
test_033625,
test_033626,
test_033627,
test_033628,
test_033629,
test_033630,
test_033631,
test_033632,
test_033633,
test_033634,
test_033635,
test_033636,
test_033637,
test_033638,
test_033639,
test_033640,
test_033641,
test_033642,
test_033643,
test_033644,
test_033645,
test_033646,
test_033647,
test_033648,
test_033649,
test_033650,
test_033651,
test_033652,
test_033653,
test_033654,
test_033655,
test_033656,
test_033657,
test_033658,
test_033659,
test_033660,
test_033661,
test_033662,
test_033663,
test_033664,
test_033665,
test_033666,
test_033667,
test_033668,
test_033669,
test_033670,
test_033671,
test_033672,
test_033673,
test_033674,
test_033675,
test_033676,
test_033677,
test_033678,
test_033679,
test_033680,
test_033681,
test_033682,
test_033683,
test_033684,
test_033685,
test_033686,
test_033687,
test_033688,
test_033689,
test_033690,
test_033691,
test_033692,
test_033693,
test_033694,
test_033695,
test_033696,
test_033697,
test_033698,
test_033699,
test_033700,
test_033701,
test_033702,
test_033703,
test_033704,
test_033705,
test_033706,
test_033707,
test_033708,
test_033709,
test_033710,
test_033711,
test_033712,
test_033713,
test_033714,
test_033715,
test_033716,
test_033717,
test_033718,
test_033719,
test_033720,
test_033721,
test_033722,
test_033723,
test_033724,
test_033725,
test_033726,
test_033727,
test_033728,
test_033729,
test_033730,
test_033731,
test_033732,
test_033733,
test_033734,
test_033735,
test_033736,
test_033737,
test_033738,
test_033739,
test_033740,
test_033741,
test_033742,
test_033743,
test_033744,
test_033745,
test_033746,
test_033747,
test_033748,
test_033749,
test_033750,
test_033751,
test_033752,
test_033753,
test_033754,
test_033755,
test_033756,
test_033757,
test_033758,
test_033759,
test_033760,
test_033761,
test_033762,
test_033763,
test_033764,
test_033765,
test_033766,
test_033767,
test_033768,
test_033769,
test_033770,
test_033771,
test_033772,
test_033773,
test_033774,
test_033775,
test_033776,
test_033777,
test_033778,
test_033779,
test_033780,
test_033781,
test_033782,
test_033783,
test_033784,
test_033785,
test_033786,
test_033787,
test_033788,
test_033789,
test_033790,
test_033791,
test_033792,
test_033793,
test_033794,
test_033795,
test_033796,
test_033797,
test_033798,
test_033799,
test_033800,
test_033801,
test_033802,
test_033803,
test_033804,
test_033805,
test_033806,
test_033807,
test_033808,
test_033809,
test_033810,
test_033811,
test_033812,
test_033813,
test_033814,
test_033815,
test_033816,
test_033817,
test_033818,
test_033819,
test_033820,
test_033821,
test_033822,
test_033823,
test_033824,
test_033825,
test_033826,
test_033827,
test_033828,
test_033829,
test_033830,
test_033831,
test_033832,
test_033833,
test_033834,
test_033835,
test_033836,
test_033837,
test_033838,
test_033839,
test_033840,
test_033841,
test_033842,
test_033843,
test_033844,
test_033845,
test_033846,
test_033847,
test_033848,
test_033849,
test_033850,
test_033851,
test_033852,
test_033853,
test_033854,
test_033855,
test_033856,
test_033857,
test_033858,
test_033859,
test_033860,
test_033861,
test_033862,
test_033863,
test_033864,
test_033865,
test_033866,
test_033867,
test_033868,
test_033869,
test_033870,
test_033871,
test_033872,
test_033873,
test_033874,
test_033875,
test_033876,
test_033877,
test_033878,
test_033879,
test_033880,
test_033881,
test_033882,
test_033883,
test_033884,
test_033885,
test_033886,
test_033887,
test_033888,
test_033889,
test_033890,
test_033891,
test_033892,
test_033893,
test_033894,
test_033895,
test_033896,
test_033897,
test_033898,
test_033899,
test_033900,
test_033901,
test_033902,
test_033903,
test_033904,
test_033905,
test_033906,
test_033907,
test_033908,
test_033909,
test_033910,
test_033911,
test_033912,
test_033913,
test_033914,
test_033915,
test_033916,
test_033917,
test_033918,
test_033919,
test_033920,
test_033921,
test_033922,
test_033923,
test_033924,
test_033925,
test_033926,
test_033927,
test_033928,
test_033929,
test_033930,
test_033931,
test_033932,
test_033933,
test_033934,
test_033935,
test_033936,
test_033937,
test_033938,
test_033939,
test_033940,
test_033941,
test_033942,
test_033943,
test_033944,
test_033945,
test_033946,
test_033947,
test_033948,
test_033949,
test_033950,
test_033951,
test_033952,
test_033953,
test_033954,
test_033955,
test_033956,
test_033957,
test_033958,
test_033959,
test_033960,
test_033961,
test_033962,
test_033963,
test_033964,
test_033965,
test_033966,
test_033967,
test_033968,
test_033969,
test_033970,
test_033971,
test_033972,
test_033973,
test_033974,
test_033975,
test_033976,
test_033977,
test_033978,
test_033979,
test_033980,
test_033981,
test_033982,
test_033983,
test_033984,
test_033985,
test_033986,
test_033987,
test_033988,
test_033989,
test_033990,
test_033991,
test_033992,
test_033993,
test_033994,
test_033995,
test_033996,
test_033997,
test_033998,
test_033999,
test_034000,
test_034001,
test_034002,
test_034003,
test_034004,
test_034005,
test_034006,
test_034007,
test_034008,
test_034009,
test_034010,
test_034011,
test_034012,
test_034013,
test_034014,
test_034015,
test_034016,
test_034017,
test_034018,
test_034019,
test_034020,
test_034021,
test_034022,
test_034023,
test_034024,
test_034025,
test_034026,
test_034027,
test_034028,
test_034029,
test_034030,
test_034031,
test_034032,
test_034033,
test_034034,
test_034035,
test_034036,
test_034037,
test_034038,
test_034039,
test_034040,
test_034041,
test_034042,
test_034043,
test_034044,
test_034045,
test_034046,
test_034047,
test_034048,
test_034049,
test_034050,
test_034051,
test_034052,
test_034053,
test_034054,
test_034055,
test_034056,
test_034057,
test_034058,
test_034059,
test_034060,
test_034061,
test_034062,
test_034063,
test_034064,
test_034065,
test_034066,
test_034067,
test_034068,
test_034069,
test_034070,
test_034071,
test_034072,
test_034073,
test_034074,
test_034075,
test_034076,
test_034077,
test_034078,
test_034079,
test_034080,
test_034081,
test_034082,
test_034083,
test_034084,
test_034085,
test_034086,
test_034087,
test_034088,
test_034089,
test_034090,
test_034091,
test_034092,
test_034093,
test_034094,
test_034095,
test_034096,
test_034097,
test_034098,
test_034099,
test_034100,
test_034101,
test_034102,
test_034103,
test_034104,
test_034105,
test_034106,
test_034107,
test_034108,
test_034109,
test_034110,
test_034111,
test_034112,
test_034113,
test_034114,
test_034115,
test_034116,
test_034117,
test_034118,
test_034119,
test_034120,
test_034121,
test_034122,
test_034123,
test_034124,
test_034125,
test_034126,
test_034127,
test_034128,
test_034129,
test_034130,
test_034131,
test_034132,
test_034133,
test_034134,
test_034135,
test_034136,
test_034137,
test_034138,
test_034139,
test_034140,
test_034141,
test_034142,
test_034143,
test_034144,
test_034145,
test_034146,
test_034147,
test_034148,
test_034149,
test_034150,
test_034151,
test_034152,
test_034153,
test_034154,
test_034155,
test_034156,
test_034157,
test_034158,
test_034159,
test_034160,
test_034161,
test_034162,
test_034163,
test_034164,
test_034165,
test_034166,
test_034167,
test_034168,
test_034169,
test_034170,
test_034171,
test_034172,
test_034173,
test_034174,
test_034175,
test_034176,
test_034177,
test_034178,
test_034179,
test_034180,
test_034181,
test_034182,
test_034183,
test_034184,
test_034185,
test_034186,
test_034187,
test_034188,
test_034189,
test_034190,
test_034191,
test_034192,
test_034193,
test_034194,
test_034195,
test_034196,
test_034197,
test_034198,
test_034199,
test_034200,
test_034201,
test_034202,
test_034203,
test_034204,
test_034205,
test_034206,
test_034207,
test_034208,
test_034209,
test_034210,
test_034211,
test_034212,
test_034213,
test_034214,
test_034215,
test_034216,
test_034217,
test_034218,
test_034219,
test_034220,
test_034221,
test_034222,
test_034223,
test_034224,
test_034225,
test_034226,
test_034227,
test_034228,
test_034229,
test_034230,
test_034231,
test_034232,
test_034233,
test_034234,
test_034235,
test_034236,
test_034237,
test_034238,
test_034239,
test_034240,
test_034241,
test_034242,
test_034243,
test_034244,
test_034245,
test_034246,
test_034247,
test_034248,
test_034249,
test_034250,
test_034251,
test_034252,
test_034253,
test_034254,
test_034255,
test_034256,
test_034257,
test_034258,
test_034259,
test_034260,
test_034261,
test_034262,
test_034263,
test_034264,
test_034265,
test_034266,
test_034267,
test_034268,
test_034269,
test_034270,
test_034271,
test_034272,
test_034273,
test_034274,
test_034275,
test_034276,
test_034277,
test_034278,
test_034279,
test_034280,
test_034281,
test_034282,
test_034283,
test_034284,
test_034285,
test_034286,
test_034287,
test_034288,
test_034289,
test_034290,
test_034291,
test_034292,
test_034293,
test_034294,
test_034295,
test_034296,
test_034297,
test_034298,
test_034299,
test_034300,
test_034301,
test_034302,
test_034303,
test_034304,
test_034305,
test_034306,
test_034307,
test_034308,
test_034309,
test_034310,
test_034311,
test_034312,
test_034313,
test_034314,
test_034315,
test_034316,
test_034317,
test_034318,
test_034319,
test_034320,
test_034321,
test_034322,
test_034323,
test_034324,
test_034325,
test_034326,
test_034327,
test_034328,
test_034329,
test_034330,
test_034331,
test_034332,
test_034333,
test_034334,
test_034335,
test_034336,
test_034337,
test_034338,
test_034339,
test_034340,
test_034341,
test_034342,
test_034343,
test_034344,
test_034345,
test_034346,
test_034347,
test_034348,
test_034349,
test_034350,
test_034351,
test_034352,
test_034353,
test_034354,
test_034355,
test_034356,
test_034357,
test_034358,
test_034359,
test_034360,
test_034361,
test_034362,
test_034363,
test_034364,
test_034365,
test_034366,
test_034367,
test_034368,
test_034369,
test_034370,
test_034371,
test_034372,
test_034373,
test_034374,
test_034375,
test_034376,
test_034377,
test_034378,
test_034379,
test_034380,
test_034381,
test_034382,
test_034383,
test_034384,
test_034385,
test_034386,
test_034387,
test_034388,
test_034389,
test_034390,
test_034391,
test_034392,
test_034393,
test_034394,
test_034395,
test_034396,
test_034397,
test_034398,
test_034399,
test_034400,
test_034401,
test_034402,
test_034403,
test_034404,
test_034405,
test_034406,
test_034407,
test_034408,
test_034409,
test_034410,
test_034411,
test_034412,
test_034413,
test_034414,
test_034415,
test_034416,
test_034417,
test_034418,
test_034419,
test_034420,
test_034421,
test_034422,
test_034423,
test_034424,
test_034425,
test_034426,
test_034427,
test_034428,
test_034429,
test_034430,
test_034431,
test_034432,
test_034433,
test_034434,
test_034435,
test_034436,
test_034437,
test_034438,
test_034439,
test_034440,
test_034441,
test_034442,
test_034443,
test_034444,
test_034445,
test_034446,
test_034447,
test_034448,
test_034449,
test_034450,
test_034451,
test_034452,
test_034453,
test_034454,
test_034455,
test_034456,
test_034457,
test_034458,
test_034459,
test_034460,
test_034461,
test_034462,
test_034463,
test_034464,
test_034465,
test_034466,
test_034467,
test_034468,
test_034469,
test_034470,
test_034471,
test_034472,
test_034473,
test_034474,
test_034475,
test_034476,
test_034477,
test_034478,
test_034479,
test_034480,
test_034481,
test_034482,
test_034483,
test_034484,
test_034485,
test_034486,
test_034487,
test_034488,
test_034489,
test_034490,
test_034491,
test_034492,
test_034493,
test_034494,
test_034495,
test_034496,
test_034497,
test_034498,
test_034499,
test_034500,
test_034501,
test_034502,
test_034503,
test_034504,
test_034505,
test_034506,
test_034507,
test_034508,
test_034509,
test_034510,
test_034511,
test_034512,
test_034513,
test_034514,
test_034515,
test_034516,
test_034517,
test_034518,
test_034519,
test_034520,
test_034521,
test_034522,
test_034523,
test_034524,
test_034525,
test_034526,
test_034527,
test_034528,
test_034529,
test_034530,
test_034531,
test_034532,
test_034533,
test_034534,
test_034535,
test_034536,
test_034537,
test_034538,
test_034539,
test_034540,
test_034541,
test_034542,
test_034543,
test_034544,
test_034545,
test_034546,
test_034547,
test_034548,
test_034549,
test_034550,
test_034551,
test_034552,
test_034553,
test_034554,
test_034555,
test_034556,
test_034557,
test_034558,
test_034559,
test_034560,
test_034561,
test_034562,
test_034563,
test_034564,
test_034565,
test_034566,
test_034567,
test_034568,
test_034569,
test_034570,
test_034571,
test_034572,
test_034573,
test_034574,
test_034575,
test_034576,
test_034577,
test_034578,
test_034579,
test_034580,
test_034581,
test_034582,
test_034583,
test_034584,
test_034585,
test_034586,
test_034587,
test_034588,
test_034589,
test_034590,
test_034591,
test_034592,
test_034593,
test_034594,
test_034595,
test_034596,
test_034597,
test_034598,
test_034599,
test_034600,
test_034601,
test_034602,
test_034603,
test_034604,
test_034605,
test_034606,
test_034607,
test_034608,
test_034609,
test_034610,
test_034611,
test_034612,
test_034613,
test_034614,
test_034615,
test_034616,
test_034617,
test_034618,
test_034619,
test_034620,
test_034621,
test_034622,
test_034623,
test_034624,
test_034625,
test_034626,
test_034627,
test_034628,
test_034629,
test_034630,
test_034631,
test_034632,
test_034633,
test_034634,
test_034635,
test_034636,
test_034637,
test_034638,
test_034639,
test_034640,
test_034641,
test_034642,
test_034643,
test_034644,
test_034645,
test_034646,
test_034647,
test_034648,
test_034649,
test_034650,
test_034651,
test_034652,
test_034653,
test_034654,
test_034655,
test_034656,
test_034657,
test_034658,
test_034659,
test_034660,
test_034661,
test_034662,
test_034663,
test_034664,
test_034665,
test_034666,
test_034667,
test_034668,
test_034669,
test_034670,
test_034671,
test_034672,
test_034673,
test_034674,
test_034675,
test_034676,
test_034677,
test_034678,
test_034679,
test_034680,
test_034681,
test_034682,
test_034683,
test_034684,
test_034685,
test_034686,
test_034687,
test_034688,
test_034689,
test_034690,
test_034691,
test_034692,
test_034693,
test_034694,
test_034695,
test_034696,
test_034697,
test_034698,
test_034699,
test_034700,
test_034701,
test_034702,
test_034703,
test_034704,
test_034705,
test_034706,
test_034707,
test_034708,
test_034709,
test_034710,
test_034711,
test_034712,
test_034713,
test_034714,
test_034715,
test_034716,
test_034717,
test_034718,
test_034719,
test_034720,
test_034721,
test_034722,
test_034723,
test_034724,
test_034725,
test_034726,
test_034727,
test_034728,
test_034729,
test_034730,
test_034731,
test_034732,
test_034733,
test_034734,
test_034735,
test_034736,
test_034737,
test_034738,
test_034739,
test_034740,
test_034741,
test_034742,
test_034743,
test_034744,
test_034745,
test_034746,
test_034747,
test_034748,
test_034749,
test_034750,
test_034751,
test_034752,
test_034753,
test_034754,
test_034755,
test_034756,
test_034757,
test_034758,
test_034759,
test_034760,
test_034761,
test_034762,
test_034763,
test_034764,
test_034765,
test_034766,
test_034767,
test_034768,
test_034769,
test_034770,
test_034771,
test_034772,
test_034773,
test_034774,
test_034775,
test_034776,
test_034777,
test_034778,
test_034779,
test_034780,
test_034781,
test_034782,
test_034783,
test_034784,
test_034785,
test_034786,
test_034787,
test_034788,
test_034789,
test_034790,
test_034791,
test_034792,
test_034793,
test_034794,
test_034795,
test_034796,
test_034797,
test_034798,
test_034799,
test_034800,
test_034801,
test_034802,
test_034803,
test_034804,
test_034805,
test_034806,
test_034807,
test_034808,
test_034809,
test_034810,
test_034811,
test_034812,
test_034813,
test_034814,
test_034815,
test_034816,
test_034817,
test_034818,
test_034819,
test_034820,
test_034821,
test_034822,
test_034823,
test_034824,
test_034825,
test_034826,
test_034827,
test_034828,
test_034829,
test_034830,
test_034831,
test_034832,
test_034833,
test_034834,
test_034835,
test_034836,
test_034837,
test_034838,
test_034839,
test_034840,
test_034841,
test_034842,
test_034843,
test_034844,
test_034845,
test_034846,
test_034847,
test_034848,
test_034849,
test_034850,
test_034851,
test_034852,
test_034853,
test_034854,
test_034855,
test_034856,
test_034857,
test_034858,
test_034859,
test_034860,
test_034861,
test_034862,
test_034863,
test_034864,
test_034865,
test_034866,
test_034867,
test_034868,
test_034869,
test_034870,
test_034871,
test_034872,
test_034873,
test_034874,
test_034875,
test_034876,
test_034877,
test_034878,
test_034879,
test_034880,
test_034881,
test_034882,
test_034883,
test_034884,
test_034885,
test_034886,
test_034887,
test_034888,
test_034889,
test_034890,
test_034891,
test_034892,
test_034893,
test_034894,
test_034895,
test_034896,
test_034897,
test_034898,
test_034899,
test_034900,
test_034901,
test_034902,
test_034903,
test_034904,
test_034905,
test_034906,
test_034907,
test_034908,
test_034909,
test_034910,
test_034911,
test_034912,
test_034913,
test_034914,
test_034915,
test_034916,
test_034917,
test_034918,
test_034919,
test_034920,
test_034921,
test_034922,
test_034923,
test_034924,
test_034925,
test_034926,
test_034927,
test_034928,
test_034929,
test_034930,
test_034931,
test_034932,
test_034933,
test_034934,
test_034935,
test_034936,
test_034937,
test_034938,
test_034939,
test_034940,
test_034941,
test_034942,
test_034943,
test_034944,
test_034945,
test_034946,
test_034947,
test_034948,
test_034949,
test_034950,
test_034951,
test_034952,
test_034953,
test_034954,
test_034955,
test_034956,
test_034957,
test_034958,
test_034959,
test_034960,
test_034961,
test_034962,
test_034963,
test_034964,
test_034965,
test_034966,
test_034967,
test_034968,
test_034969,
test_034970,
test_034971,
test_034972,
test_034973,
test_034974,
test_034975,
test_034976,
test_034977,
test_034978,
test_034979,
test_034980,
test_034981,
test_034982,
test_034983,
test_034984,
test_034985,
test_034986,
test_034987,
test_034988,
test_034989,
test_034990,
test_034991,
test_034992,
test_034993,
test_034994,
test_034995,
test_034996,
test_034997,
test_034998,
test_034999,
test_035000,
test_035001,
test_035002,
test_035003,
test_035004,
test_035005,
test_035006,
test_035007,
test_035008,
test_035009,
test_035010,
test_035011,
test_035012,
test_035013,
test_035014,
test_035015,
test_035016,
test_035017,
test_035018,
test_035019,
test_035020,
test_035021,
test_035022,
test_035023,
test_035024,
test_035025,
test_035026,
test_035027,
test_035028,
test_035029,
test_035030,
test_035031,
test_035032,
test_035033,
test_035034,
test_035035,
test_035036,
test_035037,
test_035038,
test_035039,
test_035040,
test_035041,
test_035042,
test_035043,
test_035044,
test_035045,
test_035046,
test_035047,
test_035048,
test_035049,
test_035050,
test_035051,
test_035052,
test_035053,
test_035054,
test_035055,
test_035056,
test_035057,
test_035058,
test_035059,
test_035060,
test_035061,
test_035062,
test_035063,
test_035064,
test_035065,
test_035066,
test_035067,
test_035068,
test_035069,
test_035070,
test_035071,
test_035072,
test_035073,
test_035074,
test_035075,
test_035076,
test_035077,
test_035078,
test_035079,
test_035080,
test_035081,
test_035082,
test_035083,
test_035084,
test_035085,
test_035086,
test_035087,
test_035088,
test_035089,
test_035090,
test_035091,
test_035092,
test_035093,
test_035094,
test_035095,
test_035096,
test_035097,
test_035098,
test_035099,
test_035100,
test_035101,
test_035102,
test_035103,
test_035104,
test_035105,
test_035106,
test_035107,
test_035108,
test_035109,
test_035110,
test_035111,
test_035112,
test_035113,
test_035114,
test_035115,
test_035116,
test_035117,
test_035118,
test_035119,
test_035120,
test_035121,
test_035122,
test_035123,
test_035124,
test_035125,
test_035126,
test_035127,
test_035128,
test_035129,
test_035130,
test_035131,
test_035132,
test_035133,
test_035134,
test_035135,
test_035136,
test_035137,
test_035138,
test_035139,
test_035140,
test_035141,
test_035142,
test_035143,
test_035144,
test_035145,
test_035146,
test_035147,
test_035148,
test_035149,
test_035150,
test_035151,
test_035152,
test_035153,
test_035154,
test_035155,
test_035156,
test_035157,
test_035158,
test_035159,
test_035160,
test_035161,
test_035162,
test_035163,
test_035164,
test_035165,
test_035166,
test_035167,
test_035168,
test_035169,
test_035170,
test_035171,
test_035172,
test_035173,
test_035174,
test_035175,
test_035176,
test_035177,
test_035178,
test_035179,
test_035180,
test_035181,
test_035182,
test_035183,
test_035184,
test_035185,
test_035186,
test_035187,
test_035188,
test_035189,
test_035190,
test_035191,
test_035192,
test_035193,
test_035194,
test_035195,
test_035196,
test_035197,
test_035198,
test_035199,
test_035200,
test_035201,
test_035202,
test_035203,
test_035204,
test_035205,
test_035206,
test_035207,
test_035208,
test_035209,
test_035210,
test_035211,
test_035212,
test_035213,
test_035214,
test_035215,
test_035216,
test_035217,
test_035218,
test_035219,
test_035220,
test_035221,
test_035222,
test_035223,
test_035224,
test_035225,
test_035226,
test_035227,
test_035228,
test_035229,
test_035230,
test_035231,
test_035232,
test_035233,
test_035234,
test_035235,
test_035236,
test_035237,
test_035238,
test_035239,
test_035240,
test_035241,
test_035242,
test_035243,
test_035244,
test_035245,
test_035246,
test_035247,
test_035248,
test_035249,
test_035250,
test_035251,
test_035252,
test_035253,
test_035254,
test_035255,
test_035256,
test_035257,
test_035258,
test_035259,
test_035260,
test_035261,
test_035262,
test_035263,
test_035264,
test_035265,
test_035266,
test_035267,
test_035268,
test_035269,
test_035270,
test_035271,
test_035272,
test_035273,
test_035274,
test_035275,
test_035276,
test_035277,
test_035278,
test_035279,
test_035280,
test_035281,
test_035282,
test_035283,
test_035284,
test_035285,
test_035286,
test_035287,
test_035288,
test_035289,
test_035290,
test_035291,
test_035292,
test_035293,
test_035294,
test_035295,
test_035296,
test_035297,
test_035298,
test_035299,
test_035300,
test_035301,
test_035302,
test_035303,
test_035304,
test_035305,
test_035306,
test_035307,
test_035308,
test_035309,
test_035310,
test_035311,
test_035312,
test_035313,
test_035314,
test_035315,
test_035316,
test_035317,
test_035318,
test_035319,
test_035320,
test_035321,
test_035322,
test_035323,
test_035324,
test_035325,
test_035326,
test_035327,
test_035328,
test_035329,
test_035330,
test_035331,
test_035332,
test_035333,
test_035334,
test_035335,
test_035336,
test_035337,
test_035338,
test_035339,
test_035340,
test_035341,
test_035342,
test_035343,
test_035344,
test_035345,
test_035346,
test_035347,
test_035348,
test_035349,
test_035350,
test_035351,
test_035352,
test_035353,
test_035354,
test_035355,
test_035356,
test_035357,
test_035358,
test_035359,
test_035360,
test_035361,
test_035362,
test_035363,
test_035364,
test_035365,
test_035366,
test_035367,
test_035368,
test_035369,
test_035370,
test_035371,
test_035372,
test_035373,
test_035374,
test_035375,
test_035376,
test_035377,
test_035378,
test_035379,
test_035380,
test_035381,
test_035382,
test_035383,
test_035384,
test_035385,
test_035386,
test_035387,
test_035388,
test_035389,
test_035390,
test_035391,
test_035392,
test_035393,
test_035394,
test_035395,
test_035396,
test_035397,
test_035398,
test_035399,
test_035400,
test_035401,
test_035402,
test_035403,
test_035404,
test_035405,
test_035406,
test_035407,
test_035408,
test_035409,
test_035410,
test_035411,
test_035412,
test_035413,
test_035414,
test_035415,
test_035416,
test_035417,
test_035418,
test_035419,
test_035420,
test_035421,
test_035422,
test_035423,
test_035424,
test_035425,
test_035426,
test_035427,
test_035428,
test_035429,
test_035430,
test_035431,
test_035432,
test_035433,
test_035434,
test_035435,
test_035436,
test_035437,
test_035438,
test_035439,
test_035440,
test_035441,
test_035442,
test_035443,
test_035444,
test_035445,
test_035446,
test_035447,
test_035448,
test_035449,
test_035450,
test_035451,
test_035452,
test_035453,
test_035454,
test_035455,
test_035456,
test_035457,
test_035458,
test_035459,
test_035460,
test_035461,
test_035462,
test_035463,
test_035464,
test_035465,
test_035466,
test_035467,
test_035468,
test_035469,
test_035470,
test_035471,
test_035472,
test_035473,
test_035474,
test_035475,
test_035476,
test_035477,
test_035478,
test_035479,
test_035480,
test_035481,
test_035482,
test_035483,
test_035484,
test_035485,
test_035486,
test_035487,
test_035488,
test_035489,
test_035490,
test_035491,
test_035492,
test_035493,
test_035494,
test_035495,
test_035496,
test_035497,
test_035498,
test_035499,
test_035500,
test_035501,
test_035502,
test_035503,
test_035504,
test_035505,
test_035506,
test_035507,
test_035508,
test_035509,
test_035510,
test_035511,
test_035512,
test_035513,
test_035514,
test_035515,
test_035516,
test_035517,
test_035518,
test_035519,
test_035520,
test_035521,
test_035522,
test_035523,
test_035524,
test_035525,
test_035526,
test_035527,
test_035528,
test_035529,
test_035530,
test_035531,
test_035532,
test_035533,
test_035534,
test_035535,
test_035536,
test_035537,
test_035538,
test_035539,
test_035540,
test_035541,
test_035542,
test_035543,
test_035544,
test_035545,
test_035546,
test_035547,
test_035548,
test_035549,
test_035550,
test_035551,
test_035552,
test_035553,
test_035554,
test_035555,
test_035556,
test_035557,
test_035558,
test_035559,
test_035560,
test_035561,
test_035562,
test_035563,
test_035564,
test_035565,
test_035566,
test_035567,
test_035568,
test_035569,
test_035570,
test_035571,
test_035572,
test_035573,
test_035574,
test_035575,
test_035576,
test_035577,
test_035578,
test_035579,
test_035580,
test_035581,
test_035582,
test_035583,
test_035584,
test_035585,
test_035586,
test_035587,
test_035588,
test_035589,
test_035590,
test_035591,
test_035592,
test_035593,
test_035594,
test_035595,
test_035596,
test_035597,
test_035598,
test_035599,
test_035600,
test_035601,
test_035602,
test_035603,
test_035604,
test_035605,
test_035606,
test_035607,
test_035608,
test_035609,
test_035610,
test_035611,
test_035612,
test_035613,
test_035614,
test_035615,
test_035616,
test_035617,
test_035618,
test_035619,
test_035620,
test_035621,
test_035622,
test_035623,
test_035624,
test_035625,
test_035626,
test_035627,
test_035628,
test_035629,
test_035630,
test_035631,
test_035632,
test_035633,
test_035634,
test_035635,
test_035636,
test_035637,
test_035638,
test_035639,
test_035640,
test_035641,
test_035642,
test_035643,
test_035644,
test_035645,
test_035646,
test_035647,
test_035648,
test_035649,
test_035650,
test_035651,
test_035652,
test_035653,
test_035654,
test_035655,
test_035656,
test_035657,
test_035658,
test_035659,
test_035660,
test_035661,
test_035662,
test_035663,
test_035664,
test_035665,
test_035666,
test_035667,
test_035668,
test_035669,
test_035670,
test_035671,
test_035672,
test_035673,
test_035674,
test_035675,
test_035676,
test_035677,
test_035678,
test_035679,
test_035680,
test_035681,
test_035682,
test_035683,
test_035684,
test_035685,
test_035686,
test_035687,
test_035688,
test_035689,
test_035690,
test_035691,
test_035692,
test_035693,
test_035694,
test_035695,
test_035696,
test_035697,
test_035698,
test_035699,
test_035700,
test_035701,
test_035702,
test_035703,
test_035704,
test_035705,
test_035706,
test_035707,
test_035708,
test_035709,
test_035710,
test_035711,
test_035712,
test_035713,
test_035714,
test_035715,
test_035716,
test_035717,
test_035718,
test_035719,
test_035720,
test_035721,
test_035722,
test_035723,
test_035724,
test_035725,
test_035726,
test_035727,
test_035728,
test_035729,
test_035730,
test_035731,
test_035732,
test_035733,
test_035734,
test_035735,
test_035736,
test_035737,
test_035738,
test_035739,
test_035740,
test_035741,
test_035742,
test_035743,
test_035744,
test_035745,
test_035746,
test_035747,
test_035748,
test_035749,
test_035750,
test_035751,
test_035752,
test_035753,
test_035754,
test_035755,
test_035756,
test_035757,
test_035758,
test_035759,
test_035760,
test_035761,
test_035762,
test_035763,
test_035764,
test_035765,
test_035766,
test_035767,
test_035768,
test_035769,
test_035770,
test_035771,
test_035772,
test_035773,
test_035774,
test_035775,
test_035776,
test_035777,
test_035778,
test_035779,
test_035780,
test_035781,
test_035782,
test_035783,
test_035784,
test_035785,
test_035786,
test_035787,
test_035788,
test_035789,
test_035790,
test_035791,
test_035792,
test_035793,
test_035794,
test_035795,
test_035796,
test_035797,
test_035798,
test_035799,
test_035800,
test_035801,
test_035802,
test_035803,
test_035804,
test_035805,
test_035806,
test_035807,
test_035808,
test_035809,
test_035810,
test_035811,
test_035812,
test_035813,
test_035814,
test_035815,
test_035816,
test_035817,
test_035818,
test_035819,
test_035820,
test_035821,
test_035822,
test_035823,
test_035824,
test_035825,
test_035826,
test_035827,
test_035828,
test_035829,
test_035830,
test_035831,
test_035832,
test_035833,
test_035834,
test_035835,
test_035836,
test_035837,
test_035838,
test_035839,
test_035840,
test_035841,
test_035842,
test_035843,
test_035844,
test_035845,
test_035846,
test_035847,
test_035848,
test_035849,
test_035850,
test_035851,
test_035852,
test_035853,
test_035854,
test_035855,
test_035856,
test_035857,
test_035858,
test_035859,
test_035860,
test_035861,
test_035862,
test_035863,
test_035864,
test_035865,
test_035866,
test_035867,
test_035868,
test_035869,
test_035870,
test_035871,
test_035872,
test_035873,
test_035874,
test_035875,
test_035876,
test_035877,
test_035878,
test_035879,
test_035880,
test_035881,
test_035882,
test_035883,
test_035884,
test_035885,
test_035886,
test_035887,
test_035888,
test_035889,
test_035890,
test_035891,
test_035892,
test_035893,
test_035894,
test_035895,
test_035896,
test_035897,
test_035898,
test_035899,
test_035900,
test_035901,
test_035902,
test_035903,
test_035904,
test_035905,
test_035906,
test_035907,
test_035908,
test_035909,
test_035910,
test_035911,
test_035912,
test_035913,
test_035914,
test_035915,
test_035916,
test_035917,
test_035918,
test_035919,
test_035920,
test_035921,
test_035922,
test_035923,
test_035924,
test_035925,
test_035926,
test_035927,
test_035928,
test_035929,
test_035930,
test_035931,
test_035932,
test_035933,
test_035934,
test_035935,
test_035936,
test_035937,
test_035938,
test_035939,
test_035940,
test_035941,
test_035942,
test_035943,
test_035944,
test_035945,
test_035946,
test_035947,
test_035948,
test_035949,
test_035950,
test_035951,
test_035952,
test_035953,
test_035954,
test_035955,
test_035956,
test_035957,
test_035958,
test_035959,
test_035960,
test_035961,
test_035962,
test_035963,
test_035964,
test_035965,
test_035966,
test_035967,
test_035968,
test_035969,
test_035970,
test_035971,
test_035972,
test_035973,
test_035974,
test_035975,
test_035976,
test_035977,
test_035978,
test_035979,
test_035980,
test_035981,
test_035982,
test_035983,
test_035984,
test_035985,
test_035986,
test_035987,
test_035988,
test_035989,
test_035990,
test_035991,
test_035992,
test_035993,
test_035994,
test_035995,
test_035996,
test_035997,
test_035998,
test_035999,
test_036000,
test_036001,
test_036002,
test_036003,
test_036004,
test_036005,
test_036006,
test_036007,
test_036008,
test_036009,
test_036010,
test_036011,
test_036012,
test_036013,
test_036014,
test_036015,
test_036016,
test_036017,
test_036018,
test_036019,
test_036020,
test_036021,
test_036022,
test_036023,
test_036024,
test_036025,
test_036026,
test_036027,
test_036028,
test_036029,
test_036030,
test_036031,
test_036032,
test_036033,
test_036034,
test_036035,
test_036036,
test_036037,
test_036038,
test_036039,
test_036040,
test_036041,
test_036042,
test_036043,
test_036044,
test_036045,
test_036046,
test_036047,
test_036048,
test_036049,
test_036050,
test_036051,
test_036052,
test_036053,
test_036054,
test_036055,
test_036056,
test_036057,
test_036058,
test_036059,
test_036060,
test_036061,
test_036062,
test_036063,
test_036064,
test_036065,
test_036066,
test_036067,
test_036068,
test_036069,
test_036070,
test_036071,
test_036072,
test_036073,
test_036074,
test_036075,
test_036076,
test_036077,
test_036078,
test_036079,
test_036080,
test_036081,
test_036082,
test_036083,
test_036084,
test_036085,
test_036086,
test_036087,
test_036088,
test_036089,
test_036090,
test_036091,
test_036092,
test_036093,
test_036094,
test_036095,
test_036096,
test_036097,
test_036098,
test_036099,
test_036100,
test_036101,
test_036102,
test_036103,
test_036104,
test_036105,
test_036106,
test_036107,
test_036108,
test_036109,
test_036110,
test_036111,
test_036112,
test_036113,
test_036114,
test_036115,
test_036116,
test_036117,
test_036118,
test_036119,
test_036120,
test_036121,
test_036122,
test_036123,
test_036124,
test_036125,
test_036126,
test_036127,
test_036128,
test_036129,
test_036130,
test_036131,
test_036132,
test_036133,
test_036134,
test_036135,
test_036136,
test_036137,
test_036138,
test_036139,
test_036140,
test_036141,
test_036142,
test_036143,
test_036144,
test_036145,
test_036146,
test_036147,
test_036148,
test_036149,
test_036150,
test_036151,
test_036152,
test_036153,
test_036154,
test_036155,
test_036156,
test_036157,
test_036158,
test_036159,
test_036160,
test_036161,
test_036162,
test_036163,
test_036164,
test_036165,
test_036166,
test_036167,
test_036168,
test_036169,
test_036170,
test_036171,
test_036172,
test_036173,
test_036174,
test_036175,
test_036176,
test_036177,
test_036178,
test_036179,
test_036180,
test_036181,
test_036182,
test_036183,
test_036184,
test_036185,
test_036186,
test_036187,
test_036188,
test_036189,
test_036190,
test_036191,
test_036192,
test_036193,
test_036194,
test_036195,
test_036196,
test_036197,
test_036198,
test_036199,
test_036200,
test_036201,
test_036202,
test_036203,
test_036204,
test_036205,
test_036206,
test_036207,
test_036208,
test_036209,
test_036210,
test_036211,
test_036212,
test_036213,
test_036214,
test_036215,
test_036216,
test_036217,
test_036218,
test_036219,
test_036220,
test_036221,
test_036222,
test_036223,
test_036224,
test_036225,
test_036226,
test_036227,
test_036228,
test_036229,
test_036230,
test_036231,
test_036232,
test_036233,
test_036234,
test_036235,
test_036236,
test_036237,
test_036238,
test_036239,
test_036240,
test_036241,
test_036242,
test_036243,
test_036244,
test_036245,
test_036246,
test_036247,
test_036248,
test_036249,
test_036250,
test_036251,
test_036252,
test_036253,
test_036254,
test_036255,
test_036256,
test_036257,
test_036258,
test_036259,
test_036260,
test_036261,
test_036262,
test_036263,
test_036264,
test_036265,
test_036266,
test_036267,
test_036268,
test_036269,
test_036270,
test_036271,
test_036272,
test_036273,
test_036274,
test_036275,
test_036276,
test_036277,
test_036278,
test_036279,
test_036280,
test_036281,
test_036282,
test_036283,
test_036284,
test_036285,
test_036286,
test_036287,
test_036288,
test_036289,
test_036290,
test_036291,
test_036292,
test_036293,
test_036294,
test_036295,
test_036296,
test_036297,
test_036298,
test_036299,
test_036300,
test_036301,
test_036302,
test_036303,
test_036304,
test_036305,
test_036306,
test_036307,
test_036308,
test_036309,
test_036310,
test_036311,
test_036312,
test_036313,
test_036314,
test_036315,
test_036316,
test_036317,
test_036318,
test_036319,
test_036320,
test_036321,
test_036322,
test_036323,
test_036324,
test_036325,
test_036326,
test_036327,
test_036328,
test_036329,
test_036330,
test_036331,
test_036332,
test_036333,
test_036334,
test_036335,
test_036336,
test_036337,
test_036338,
test_036339,
test_036340,
test_036341,
test_036342,
test_036343,
test_036344,
test_036345,
test_036346,
test_036347,
test_036348,
test_036349,
test_036350,
test_036351,
test_036352,
test_036353,
test_036354,
test_036355,
test_036356,
test_036357,
test_036358,
test_036359,
test_036360,
test_036361,
test_036362,
test_036363,
test_036364,
test_036365,
test_036366,
test_036367,
test_036368,
test_036369,
test_036370,
test_036371,
test_036372,
test_036373,
test_036374,
test_036375,
test_036376,
test_036377,
test_036378,
test_036379,
test_036380,
test_036381,
test_036382,
test_036383,
test_036384,
test_036385,
test_036386,
test_036387,
test_036388,
test_036389,
test_036390,
test_036391,
test_036392,
test_036393,
test_036394,
test_036395,
test_036396,
test_036397,
test_036398,
test_036399,
test_036400,
test_036401,
test_036402,
test_036403,
test_036404,
test_036405,
test_036406,
test_036407,
test_036408,
test_036409,
test_036410,
test_036411,
test_036412,
test_036413,
test_036414,
test_036415,
test_036416,
test_036417,
test_036418,
test_036419,
test_036420,
test_036421,
test_036422,
test_036423,
test_036424,
test_036425,
test_036426,
test_036427,
test_036428,
test_036429,
test_036430,
test_036431,
test_036432,
test_036433,
test_036434,
test_036435,
test_036436,
test_036437,
test_036438,
test_036439,
test_036440,
test_036441,
test_036442,
test_036443,
test_036444,
test_036445,
test_036446,
test_036447,
test_036448,
test_036449,
test_036450,
test_036451,
test_036452,
test_036453,
test_036454,
test_036455,
test_036456,
test_036457,
test_036458,
test_036459,
test_036460,
test_036461,
test_036462,
test_036463,
test_036464,
test_036465,
test_036466,
test_036467,
test_036468,
test_036469,
test_036470,
test_036471,
test_036472,
test_036473,
test_036474,
test_036475,
test_036476,
test_036477,
test_036478,
test_036479,
test_036480,
test_036481,
test_036482,
test_036483,
test_036484,
test_036485,
test_036486,
test_036487,
test_036488,
test_036489,
test_036490,
test_036491,
test_036492,
test_036493,
test_036494,
test_036495,
test_036496,
test_036497,
test_036498,
test_036499,
test_036500,
test_036501,
test_036502,
test_036503,
test_036504,
test_036505,
test_036506,
test_036507,
test_036508,
test_036509,
test_036510,
test_036511,
test_036512,
test_036513,
test_036514,
test_036515,
test_036516,
test_036517,
test_036518,
test_036519,
test_036520,
test_036521,
test_036522,
test_036523,
test_036524,
test_036525,
test_036526,
test_036527,
test_036528,
test_036529,
test_036530,
test_036531,
test_036532,
test_036533,
test_036534,
test_036535,
test_036536,
test_036537,
test_036538,
test_036539,
test_036540,
test_036541,
test_036542,
test_036543,
test_036544,
test_036545,
test_036546,
test_036547,
test_036548,
test_036549,
test_036550,
test_036551,
test_036552,
test_036553,
test_036554,
test_036555,
test_036556,
test_036557,
test_036558,
test_036559,
test_036560,
test_036561,
test_036562,
test_036563,
test_036564,
test_036565,
test_036566,
test_036567,
test_036568,
test_036569,
test_036570,
test_036571,
test_036572,
test_036573,
test_036574,
test_036575,
test_036576,
test_036577,
test_036578,
test_036579,
test_036580,
test_036581,
test_036582,
test_036583,
test_036584,
test_036585,
test_036586,
test_036587,
test_036588,
test_036589,
test_036590,
test_036591,
test_036592,
test_036593,
test_036594,
test_036595,
test_036596,
test_036597,
test_036598,
test_036599,
test_036600,
test_036601,
test_036602,
test_036603,
test_036604,
test_036605,
test_036606,
test_036607,
test_036608,
test_036609,
test_036610,
test_036611,
test_036612,
test_036613,
test_036614,
test_036615,
test_036616,
test_036617,
test_036618,
test_036619,
test_036620,
test_036621,
test_036622,
test_036623,
test_036624,
test_036625,
test_036626,
test_036627,
test_036628,
test_036629,
test_036630,
test_036631,
test_036632,
test_036633,
test_036634,
test_036635,
test_036636,
test_036637,
test_036638,
test_036639,
test_036640,
test_036641,
test_036642,
test_036643,
test_036644,
test_036645,
test_036646,
test_036647,
test_036648,
test_036649,
test_036650,
test_036651,
test_036652,
test_036653,
test_036654,
test_036655,
test_036656,
test_036657,
test_036658,
test_036659,
test_036660,
test_036661,
test_036662,
test_036663,
test_036664,
test_036665,
test_036666,
test_036667,
test_036668,
test_036669,
test_036670,
test_036671,
test_036672,
test_036673,
test_036674,
test_036675,
test_036676,
test_036677,
test_036678,
test_036679,
test_036680,
test_036681,
test_036682,
test_036683,
test_036684,
test_036685,
test_036686,
test_036687,
test_036688,
test_036689,
test_036690,
test_036691,
test_036692,
test_036693,
test_036694,
test_036695,
test_036696,
test_036697,
test_036698,
test_036699,
test_036700,
test_036701,
test_036702,
test_036703,
test_036704,
test_036705,
test_036706,
test_036707,
test_036708,
test_036709,
test_036710,
test_036711,
test_036712,
test_036713,
test_036714,
test_036715,
test_036716,
test_036717,
test_036718,
test_036719,
test_036720,
test_036721,
test_036722,
test_036723,
test_036724,
test_036725,
test_036726,
test_036727,
test_036728,
test_036729,
test_036730,
test_036731,
test_036732,
test_036733,
test_036734,
test_036735,
test_036736,
test_036737,
test_036738,
test_036739,
test_036740,
test_036741,
test_036742,
test_036743,
test_036744,
test_036745,
test_036746,
test_036747,
test_036748,
test_036749,
test_036750,
test_036751,
test_036752,
test_036753,
test_036754,
test_036755,
test_036756,
test_036757,
test_036758,
test_036759,
test_036760,
test_036761,
test_036762,
test_036763,
test_036764,
test_036765,
test_036766,
test_036767,
test_036768,
test_036769,
test_036770,
test_036771,
test_036772,
test_036773,
test_036774,
test_036775,
test_036776,
test_036777,
test_036778,
test_036779,
test_036780,
test_036781,
test_036782,
test_036783,
test_036784,
test_036785,
test_036786,
test_036787,
test_036788,
test_036789,
test_036790,
test_036791,
test_036792,
test_036793,
test_036794,
test_036795,
test_036796,
test_036797,
test_036798,
test_036799,
test_036800,
test_036801,
test_036802,
test_036803,
test_036804,
test_036805,
test_036806,
test_036807,
test_036808,
test_036809,
test_036810,
test_036811,
test_036812,
test_036813,
test_036814,
test_036815,
test_036816,
test_036817,
test_036818,
test_036819,
test_036820,
test_036821,
test_036822,
test_036823,
test_036824,
test_036825,
test_036826,
test_036827,
test_036828,
test_036829,
test_036830,
test_036831,
test_036832,
test_036833,
test_036834,
test_036835,
test_036836,
test_036837,
test_036838,
test_036839,
test_036840,
test_036841,
test_036842,
test_036843,
test_036844,
test_036845,
test_036846,
test_036847,
test_036848,
test_036849,
test_036850,
test_036851,
test_036852,
test_036853,
test_036854,
test_036855,
test_036856,
test_036857,
test_036858,
test_036859,
test_036860,
test_036861,
test_036862,
test_036863,
test_036864,
test_036865,
test_036866,
test_036867,
test_036868,
test_036869,
test_036870,
test_036871,
test_036872,
test_036873,
test_036874,
test_036875,
test_036876,
test_036877,
test_036878,
test_036879,
test_036880,
test_036881,
test_036882,
test_036883,
test_036884,
test_036885,
test_036886,
test_036887,
test_036888,
test_036889,
test_036890,
test_036891,
test_036892,
test_036893,
test_036894,
test_036895,
test_036896,
test_036897,
test_036898,
test_036899,
test_036900,
test_036901,
test_036902,
test_036903,
test_036904,
test_036905,
test_036906,
test_036907,
test_036908,
test_036909,
test_036910,
test_036911,
test_036912,
test_036913,
test_036914,
test_036915,
test_036916,
test_036917,
test_036918,
test_036919,
test_036920,
test_036921,
test_036922,
test_036923,
test_036924,
test_036925,
test_036926,
test_036927,
test_036928,
test_036929,
test_036930,
test_036931,
test_036932,
test_036933,
test_036934,
test_036935,
test_036936,
test_036937,
test_036938,
test_036939,
test_036940,
test_036941,
test_036942,
test_036943,
test_036944,
test_036945,
test_036946,
test_036947,
test_036948,
test_036949,
test_036950,
test_036951,
test_036952,
test_036953,
test_036954,
test_036955,
test_036956,
test_036957,
test_036958,
test_036959,
test_036960,
test_036961,
test_036962,
test_036963,
test_036964,
test_036965,
test_036966,
test_036967,
test_036968,
test_036969,
test_036970,
test_036971,
test_036972,
test_036973,
test_036974,
test_036975,
test_036976,
test_036977,
test_036978,
test_036979,
test_036980,
test_036981,
test_036982,
test_036983,
test_036984,
test_036985,
test_036986,
test_036987,
test_036988,
test_036989,
test_036990,
test_036991,
test_036992,
test_036993,
test_036994,
test_036995,
test_036996,
test_036997,
test_036998,
test_036999,
test_037000,
test_037001,
test_037002,
test_037003,
test_037004,
test_037005,
test_037006,
test_037007,
test_037008,
test_037009,
test_037010,
test_037011,
test_037012,
test_037013,
test_037014,
test_037015,
test_037016,
test_037017,
test_037018,
test_037019,
test_037020,
test_037021,
test_037022,
test_037023,
test_037024,
test_037025,
test_037026,
test_037027,
test_037028,
test_037029,
test_037030,
test_037031,
test_037032,
test_037033,
test_037034,
test_037035,
test_037036,
test_037037,
test_037038,
test_037039,
test_037040,
test_037041,
test_037042,
test_037043,
test_037044,
test_037045,
test_037046,
test_037047,
test_037048,
test_037049,
test_037050,
test_037051,
test_037052,
test_037053,
test_037054,
test_037055,
test_037056,
test_037057,
test_037058,
test_037059,
test_037060,
test_037061,
test_037062,
test_037063,
test_037064,
test_037065,
test_037066,
test_037067,
test_037068,
test_037069,
test_037070,
test_037071,
test_037072,
test_037073,
test_037074,
test_037075,
test_037076,
test_037077,
test_037078,
test_037079,
test_037080,
test_037081,
test_037082,
test_037083,
test_037084,
test_037085,
test_037086,
test_037087,
test_037088,
test_037089,
test_037090,
test_037091,
test_037092,
test_037093,
test_037094,
test_037095,
test_037096,
test_037097,
test_037098,
test_037099,
test_037100,
test_037101,
test_037102,
test_037103,
test_037104,
test_037105,
test_037106,
test_037107,
test_037108,
test_037109,
test_037110,
test_037111,
test_037112,
test_037113,
test_037114,
test_037115,
test_037116,
test_037117,
test_037118,
test_037119,
test_037120,
test_037121,
test_037122,
test_037123,
test_037124,
test_037125,
test_037126,
test_037127,
test_037128,
test_037129,
test_037130,
test_037131,
test_037132,
test_037133,
test_037134,
test_037135,
test_037136,
test_037137,
test_037138,
test_037139,
test_037140,
test_037141,
test_037142,
test_037143,
test_037144,
test_037145,
test_037146,
test_037147,
test_037148,
test_037149,
test_037150,
test_037151,
test_037152,
test_037153,
test_037154,
test_037155,
test_037156,
test_037157,
test_037158,
test_037159,
test_037160,
test_037161,
test_037162,
test_037163,
test_037164,
test_037165,
test_037166,
test_037167,
test_037168,
test_037169,
test_037170,
test_037171,
test_037172,
test_037173,
test_037174,
test_037175,
test_037176,
test_037177,
test_037178,
test_037179,
test_037180,
test_037181,
test_037182,
test_037183,
test_037184,
test_037185,
test_037186,
test_037187,
test_037188,
test_037189,
test_037190,
test_037191,
test_037192,
test_037193,
test_037194,
test_037195,
test_037196,
test_037197,
test_037198,
test_037199,
test_037200,
test_037201,
test_037202,
test_037203,
test_037204,
test_037205,
test_037206,
test_037207,
test_037208,
test_037209,
test_037210,
test_037211,
test_037212,
test_037213,
test_037214,
test_037215,
test_037216,
test_037217,
test_037218,
test_037219,
test_037220,
test_037221,
test_037222,
test_037223,
test_037224,
test_037225,
test_037226,
test_037227,
test_037228,
test_037229,
test_037230,
test_037231,
test_037232,
test_037233,
test_037234,
test_037235,
test_037236,
test_037237,
test_037238,
test_037239,
test_037240,
test_037241,
test_037242,
test_037243,
test_037244,
test_037245,
test_037246,
test_037247,
test_037248,
test_037249,
test_037250,
test_037251,
test_037252,
test_037253,
test_037254,
test_037255,
test_037256,
test_037257,
test_037258,
test_037259,
test_037260,
test_037261,
test_037262,
test_037263,
test_037264,
test_037265,
test_037266,
test_037267,
test_037268,
test_037269,
test_037270,
test_037271,
test_037272,
test_037273,
test_037274,
test_037275,
test_037276,
test_037277,
test_037278,
test_037279,
test_037280,
test_037281,
test_037282,
test_037283,
test_037284,
test_037285,
test_037286,
test_037287,
test_037288,
test_037289,
test_037290,
test_037291,
test_037292,
test_037293,
test_037294,
test_037295,
test_037296,
test_037297,
test_037298,
test_037299,
test_037300,
test_037301,
test_037302,
test_037303,
test_037304,
test_037305,
test_037306,
test_037307,
test_037308,
test_037309,
test_037310,
test_037311,
test_037312,
test_037313,
test_037314,
test_037315,
test_037316,
test_037317,
test_037318,
test_037319,
test_037320,
test_037321,
test_037322,
test_037323,
test_037324,
test_037325,
test_037326,
test_037327,
test_037328,
test_037329,
test_037330,
test_037331,
test_037332,
test_037333,
test_037334,
test_037335,
test_037336,
test_037337,
test_037338,
test_037339,
test_037340,
test_037341,
test_037342,
test_037343,
test_037344,
test_037345,
test_037346,
test_037347,
test_037348,
test_037349,
test_037350,
test_037351,
test_037352,
test_037353,
test_037354,
test_037355,
test_037356,
test_037357,
test_037358,
test_037359,
test_037360,
test_037361,
test_037362,
test_037363,
test_037364,
test_037365,
test_037366,
test_037367,
test_037368,
test_037369,
test_037370,
test_037371,
test_037372,
test_037373,
test_037374,
test_037375,
test_037376,
test_037377,
test_037378,
test_037379,
test_037380,
test_037381,
test_037382,
test_037383,
test_037384,
test_037385,
test_037386,
test_037387,
test_037388,
test_037389,
test_037390,
test_037391,
test_037392,
test_037393,
test_037394,
test_037395,
test_037396,
test_037397,
test_037398,
test_037399,
test_037400,
test_037401,
test_037402,
test_037403,
test_037404,
test_037405,
test_037406,
test_037407,
test_037408,
test_037409,
test_037410,
test_037411,
test_037412,
test_037413,
test_037414,
test_037415,
test_037416,
test_037417,
test_037418,
test_037419,
test_037420,
test_037421,
test_037422,
test_037423,
test_037424,
test_037425,
test_037426,
test_037427,
test_037428,
test_037429,
test_037430,
test_037431,
test_037432,
test_037433,
test_037434,
test_037435,
test_037436,
test_037437,
test_037438,
test_037439,
test_037440,
test_037441,
test_037442,
test_037443,
test_037444,
test_037445,
test_037446,
test_037447,
test_037448,
test_037449,
test_037450,
test_037451,
test_037452,
test_037453,
test_037454,
test_037455,
test_037456,
test_037457,
test_037458,
test_037459,
test_037460,
test_037461,
test_037462,
test_037463,
test_037464,
test_037465,
test_037466,
test_037467,
test_037468,
test_037469,
test_037470,
test_037471,
test_037472,
test_037473,
test_037474,
test_037475,
test_037476,
test_037477,
test_037478,
test_037479,
test_037480,
test_037481,
test_037482,
test_037483,
test_037484,
test_037485,
test_037486,
test_037487,
test_037488,
test_037489,
test_037490,
test_037491,
test_037492,
test_037493,
test_037494,
test_037495,
test_037496,
test_037497,
test_037498,
test_037499,
test_037500,
test_037501,
test_037502,
test_037503,
test_037504,
test_037505,
test_037506,
test_037507,
test_037508,
test_037509,
test_037510,
test_037511,
test_037512,
test_037513,
test_037514,
test_037515,
test_037516,
test_037517,
test_037518,
test_037519,
test_037520,
test_037521,
test_037522,
test_037523,
test_037524,
test_037525,
test_037526,
test_037527,
test_037528,
test_037529,
test_037530,
test_037531,
test_037532,
test_037533,
test_037534,
test_037535,
test_037536,
test_037537,
test_037538,
test_037539,
test_037540,
test_037541,
test_037542,
test_037543,
test_037544,
test_037545,
test_037546,
test_037547,
test_037548,
test_037549,
test_037550,
test_037551,
test_037552,
test_037553,
test_037554,
test_037555,
test_037556,
test_037557,
test_037558,
test_037559,
test_037560,
test_037561,
test_037562,
test_037563,
test_037564,
test_037565,
test_037566,
test_037567,
test_037568,
test_037569,
test_037570,
test_037571,
test_037572,
test_037573,
test_037574,
test_037575,
test_037576,
test_037577,
test_037578,
test_037579,
test_037580,
test_037581,
test_037582,
test_037583,
test_037584,
test_037585,
test_037586,
test_037587,
test_037588,
test_037589,
test_037590,
test_037591,
test_037592,
test_037593,
test_037594,
test_037595,
test_037596,
test_037597,
test_037598,
test_037599,
test_037600,
test_037601,
test_037602,
test_037603,
test_037604,
test_037605,
test_037606,
test_037607,
test_037608,
test_037609,
test_037610,
test_037611,
test_037612,
test_037613,
test_037614,
test_037615,
test_037616,
test_037617,
test_037618,
test_037619,
test_037620,
test_037621,
test_037622,
test_037623,
test_037624,
test_037625,
test_037626,
test_037627,
test_037628,
test_037629,
test_037630,
test_037631,
test_037632,
test_037633,
test_037634,
test_037635,
test_037636,
test_037637,
test_037638,
test_037639,
test_037640,
test_037641,
test_037642,
test_037643,
test_037644,
test_037645,
test_037646,
test_037647,
test_037648,
test_037649,
test_037650,
test_037651,
test_037652,
test_037653,
test_037654,
test_037655,
test_037656,
test_037657,
test_037658,
test_037659,
test_037660,
test_037661,
test_037662,
test_037663,
test_037664,
test_037665,
test_037666,
test_037667,
test_037668,
test_037669,
test_037670,
test_037671,
test_037672,
test_037673,
test_037674,
test_037675,
test_037676,
test_037677,
test_037678,
test_037679,
test_037680,
test_037681,
test_037682,
test_037683,
test_037684,
test_037685,
test_037686,
test_037687,
test_037688,
test_037689,
test_037690,
test_037691,
test_037692,
test_037693,
test_037694,
test_037695,
test_037696,
test_037697,
test_037698,
test_037699,
test_037700,
test_037701,
test_037702,
test_037703,
test_037704,
test_037705,
test_037706,
test_037707,
test_037708,
test_037709,
test_037710,
test_037711,
test_037712,
test_037713,
test_037714,
test_037715,
test_037716,
test_037717,
test_037718,
test_037719,
test_037720,
test_037721,
test_037722,
test_037723,
test_037724,
test_037725,
test_037726,
test_037727,
test_037728,
test_037729,
test_037730,
test_037731,
test_037732,
test_037733,
test_037734,
test_037735,
test_037736,
test_037737,
test_037738,
test_037739,
test_037740,
test_037741,
test_037742,
test_037743,
test_037744,
test_037745,
test_037746,
test_037747,
test_037748,
test_037749,
test_037750,
test_037751,
test_037752,
test_037753,
test_037754,
test_037755,
test_037756,
test_037757,
test_037758,
test_037759,
test_037760,
test_037761,
test_037762,
test_037763,
test_037764,
test_037765,
test_037766,
test_037767,
test_037768,
test_037769,
test_037770,
test_037771,
test_037772,
test_037773,
test_037774,
test_037775,
test_037776,
test_037777,
test_037778,
test_037779,
test_037780,
test_037781,
test_037782,
test_037783,
test_037784,
test_037785,
test_037786,
test_037787,
test_037788,
test_037789,
test_037790,
test_037791,
test_037792,
test_037793,
test_037794,
test_037795,
test_037796,
test_037797,
test_037798,
test_037799,
test_037800,
test_037801,
test_037802,
test_037803,
test_037804,
test_037805,
test_037806,
test_037807,
test_037808,
test_037809,
test_037810,
test_037811,
test_037812,
test_037813,
test_037814,
test_037815,
test_037816,
test_037817,
test_037818,
test_037819,
test_037820,
test_037821,
test_037822,
test_037823,
test_037824,
test_037825,
test_037826,
test_037827,
test_037828,
test_037829,
test_037830,
test_037831,
test_037832,
test_037833,
test_037834,
test_037835,
test_037836,
test_037837,
test_037838,
test_037839,
test_037840,
test_037841,
test_037842,
test_037843,
test_037844,
test_037845,
test_037846,
test_037847,
test_037848,
test_037849,
test_037850,
test_037851,
test_037852,
test_037853,
test_037854,
test_037855,
test_037856,
test_037857,
test_037858,
test_037859,
test_037860,
test_037861,
test_037862,
test_037863,
test_037864,
test_037865,
test_037866,
test_037867,
test_037868,
test_037869,
test_037870,
test_037871,
test_037872,
test_037873,
test_037874,
test_037875,
test_037876,
test_037877,
test_037878,
test_037879,
test_037880,
test_037881,
test_037882,
test_037883,
test_037884,
test_037885,
test_037886,
test_037887,
test_037888,
test_037889,
test_037890,
test_037891,
test_037892,
test_037893,
test_037894,
test_037895,
test_037896,
test_037897,
test_037898,
test_037899,
test_037900,
test_037901,
test_037902,
test_037903,
test_037904,
test_037905,
test_037906,
test_037907,
test_037908,
test_037909,
test_037910,
test_037911,
test_037912,
test_037913,
test_037914,
test_037915,
test_037916,
test_037917,
test_037918,
test_037919,
test_037920,
test_037921,
test_037922,
test_037923,
test_037924,
test_037925,
test_037926,
test_037927,
test_037928,
test_037929,
test_037930,
test_037931,
test_037932,
test_037933,
test_037934,
test_037935,
test_037936,
test_037937,
test_037938,
test_037939,
test_037940,
test_037941,
test_037942,
test_037943,
test_037944,
test_037945,
test_037946,
test_037947,
test_037948,
test_037949,
test_037950,
test_037951,
test_037952,
test_037953,
test_037954,
test_037955,
test_037956,
test_037957,
test_037958,
test_037959,
test_037960,
test_037961,
test_037962,
test_037963,
test_037964,
test_037965,
test_037966,
test_037967,
test_037968,
test_037969,
test_037970,
test_037971,
test_037972,
test_037973,
test_037974,
test_037975,
test_037976,
test_037977,
test_037978,
test_037979,
test_037980,
test_037981,
test_037982,
test_037983,
test_037984,
test_037985,
test_037986,
test_037987,
test_037988,
test_037989,
test_037990,
test_037991,
test_037992,
test_037993,
test_037994,
test_037995,
test_037996,
test_037997,
test_037998,
test_037999,
test_038000,
test_038001,
test_038002,
test_038003,
test_038004,
test_038005,
test_038006,
test_038007,
test_038008,
test_038009,
test_038010,
test_038011,
test_038012,
test_038013,
test_038014,
test_038015,
test_038016,
test_038017,
test_038018,
test_038019,
test_038020,
test_038021,
test_038022,
test_038023,
test_038024,
test_038025,
test_038026,
test_038027,
test_038028,
test_038029,
test_038030,
test_038031,
test_038032,
test_038033,
test_038034,
test_038035,
test_038036,
test_038037,
test_038038,
test_038039,
test_038040,
test_038041,
test_038042,
test_038043,
test_038044,
test_038045,
test_038046,
test_038047,
test_038048,
test_038049,
test_038050,
test_038051,
test_038052,
test_038053,
test_038054,
test_038055,
test_038056,
test_038057,
test_038058,
test_038059,
test_038060,
test_038061,
test_038062,
test_038063,
test_038064,
test_038065,
test_038066,
test_038067,
test_038068,
test_038069,
test_038070,
test_038071,
test_038072,
test_038073,
test_038074,
test_038075,
test_038076,
test_038077,
test_038078,
test_038079,
test_038080,
test_038081,
test_038082,
test_038083,
test_038084,
test_038085,
test_038086,
test_038087,
test_038088,
test_038089,
test_038090,
test_038091,
test_038092,
test_038093,
test_038094,
test_038095,
test_038096,
test_038097,
test_038098,
test_038099,
test_038100,
test_038101,
test_038102,
test_038103,
test_038104,
test_038105,
test_038106,
test_038107,
test_038108,
test_038109,
test_038110,
test_038111,
test_038112,
test_038113,
test_038114,
test_038115,
test_038116,
test_038117,
test_038118,
test_038119,
test_038120,
test_038121,
test_038122,
test_038123,
test_038124,
test_038125,
test_038126,
test_038127,
test_038128,
test_038129,
test_038130,
test_038131,
test_038132,
test_038133,
test_038134,
test_038135,
test_038136,
test_038137,
test_038138,
test_038139,
test_038140,
test_038141,
test_038142,
test_038143,
test_038144,
test_038145,
test_038146,
test_038147,
test_038148,
test_038149,
test_038150,
test_038151,
test_038152,
test_038153,
test_038154,
test_038155,
test_038156,
test_038157,
test_038158,
test_038159,
test_038160,
test_038161,
test_038162,
test_038163,
test_038164,
test_038165,
test_038166,
test_038167,
test_038168,
test_038169,
test_038170,
test_038171,
test_038172,
test_038173,
test_038174,
test_038175,
test_038176,
test_038177,
test_038178,
test_038179,
test_038180,
test_038181,
test_038182,
test_038183,
test_038184,
test_038185,
test_038186,
test_038187,
test_038188,
test_038189,
test_038190,
test_038191,
test_038192,
test_038193,
test_038194,
test_038195,
test_038196,
test_038197,
test_038198,
test_038199,
test_038200,
test_038201,
test_038202,
test_038203,
test_038204,
test_038205,
test_038206,
test_038207,
test_038208,
test_038209,
test_038210,
test_038211,
test_038212,
test_038213,
test_038214,
test_038215,
test_038216,
test_038217,
test_038218,
test_038219,
test_038220,
test_038221,
test_038222,
test_038223,
test_038224,
test_038225,
test_038226,
test_038227,
test_038228,
test_038229,
test_038230,
test_038231,
test_038232,
test_038233,
test_038234,
test_038235,
test_038236,
test_038237,
test_038238,
test_038239,
test_038240,
test_038241,
test_038242,
test_038243,
test_038244,
test_038245,
test_038246,
test_038247,
test_038248,
test_038249,
test_038250,
test_038251,
test_038252,
test_038253,
test_038254,
test_038255,
test_038256,
test_038257,
test_038258,
test_038259,
test_038260,
test_038261,
test_038262,
test_038263,
test_038264,
test_038265,
test_038266,
test_038267,
test_038268,
test_038269,
test_038270,
test_038271,
test_038272,
test_038273,
test_038274,
test_038275,
test_038276,
test_038277,
test_038278,
test_038279,
test_038280,
test_038281,
test_038282,
test_038283,
test_038284,
test_038285,
test_038286,
test_038287,
test_038288,
test_038289,
test_038290,
test_038291,
test_038292,
test_038293,
test_038294,
test_038295,
test_038296,
test_038297,
test_038298,
test_038299,
test_038300,
test_038301,
test_038302,
test_038303,
test_038304,
test_038305,
test_038306,
test_038307,
test_038308,
test_038309,
test_038310,
test_038311,
test_038312,
test_038313,
test_038314,
test_038315,
test_038316,
test_038317,
test_038318,
test_038319,
test_038320,
test_038321,
test_038322,
test_038323,
test_038324,
test_038325,
test_038326,
test_038327,
test_038328,
test_038329,
test_038330,
test_038331,
test_038332,
test_038333,
test_038334,
test_038335,
test_038336,
test_038337,
test_038338,
test_038339,
test_038340,
test_038341,
test_038342,
test_038343,
test_038344,
test_038345,
test_038346,
test_038347,
test_038348,
test_038349,
test_038350,
test_038351,
test_038352,
test_038353,
test_038354,
test_038355,
test_038356,
test_038357,
test_038358,
test_038359,
test_038360,
test_038361,
test_038362,
test_038363,
test_038364,
test_038365,
test_038366,
test_038367,
test_038368,
test_038369,
test_038370,
test_038371,
test_038372,
test_038373,
test_038374,
test_038375,
test_038376,
test_038377,
test_038378,
test_038379,
test_038380,
test_038381,
test_038382,
test_038383,
test_038384,
test_038385,
test_038386,
test_038387,
test_038388,
test_038389,
test_038390,
test_038391,
test_038392,
test_038393,
test_038394,
test_038395,
test_038396,
test_038397,
test_038398,
test_038399,
test_038400,
test_038401,
test_038402,
test_038403,
test_038404,
test_038405,
test_038406,
test_038407,
test_038408,
test_038409,
test_038410,
test_038411,
test_038412,
test_038413,
test_038414,
test_038415,
test_038416,
test_038417,
test_038418,
test_038419,
test_038420,
test_038421,
test_038422,
test_038423,
test_038424,
test_038425,
test_038426,
test_038427,
test_038428,
test_038429,
test_038430,
test_038431,
test_038432,
test_038433,
test_038434,
test_038435,
test_038436,
test_038437,
test_038438,
test_038439,
test_038440,
test_038441,
test_038442,
test_038443,
test_038444,
test_038445,
test_038446,
test_038447,
test_038448,
test_038449,
test_038450,
test_038451,
test_038452,
test_038453,
test_038454,
test_038455,
test_038456,
test_038457,
test_038458,
test_038459,
test_038460,
test_038461,
test_038462,
test_038463,
test_038464,
test_038465,
test_038466,
test_038467,
test_038468,
test_038469,
test_038470,
test_038471,
test_038472,
test_038473,
test_038474,
test_038475,
test_038476,
test_038477,
test_038478,
test_038479,
test_038480,
test_038481,
test_038482,
test_038483,
test_038484,
test_038485,
test_038486,
test_038487,
test_038488,
test_038489,
test_038490,
test_038491,
test_038492,
test_038493,
test_038494,
test_038495,
test_038496,
test_038497,
test_038498,
test_038499,
test_038500,
test_038501,
test_038502,
test_038503,
test_038504,
test_038505,
test_038506,
test_038507,
test_038508,
test_038509,
test_038510,
test_038511,
test_038512,
test_038513,
test_038514,
test_038515,
test_038516,
test_038517,
test_038518,
test_038519,
test_038520,
test_038521,
test_038522,
test_038523,
test_038524,
test_038525,
test_038526,
test_038527,
test_038528,
test_038529,
test_038530,
test_038531,
test_038532,
test_038533,
test_038534,
test_038535,
test_038536,
test_038537,
test_038538,
test_038539,
test_038540,
test_038541,
test_038542,
test_038543,
test_038544,
test_038545,
test_038546,
test_038547,
test_038548,
test_038549,
test_038550,
test_038551,
test_038552,
test_038553,
test_038554,
test_038555,
test_038556,
test_038557,
test_038558,
test_038559,
test_038560,
test_038561,
test_038562,
test_038563,
test_038564,
test_038565,
test_038566,
test_038567,
test_038568,
test_038569,
test_038570,
test_038571,
test_038572,
test_038573,
test_038574,
test_038575,
test_038576,
test_038577,
test_038578,
test_038579,
test_038580,
test_038581,
test_038582,
test_038583,
test_038584,
test_038585,
test_038586,
test_038587,
test_038588,
test_038589,
test_038590,
test_038591,
test_038592,
test_038593,
test_038594,
test_038595,
test_038596,
test_038597,
test_038598,
test_038599,
test_038600,
test_038601,
test_038602,
test_038603,
test_038604,
test_038605,
test_038606,
test_038607,
test_038608,
test_038609,
test_038610,
test_038611,
test_038612,
test_038613,
test_038614,
test_038615,
test_038616,
test_038617,
test_038618,
test_038619,
test_038620,
test_038621,
test_038622,
test_038623,
test_038624,
test_038625,
test_038626,
test_038627,
test_038628,
test_038629,
test_038630,
test_038631,
test_038632,
test_038633,
test_038634,
test_038635,
test_038636,
test_038637,
test_038638,
test_038639,
test_038640,
test_038641,
test_038642,
test_038643,
test_038644,
test_038645,
test_038646,
test_038647,
test_038648,
test_038649,
test_038650,
test_038651,
test_038652,
test_038653,
test_038654,
test_038655,
test_038656,
test_038657,
test_038658,
test_038659,
test_038660,
test_038661,
test_038662,
test_038663,
test_038664,
test_038665,
test_038666,
test_038667,
test_038668,
test_038669,
test_038670,
test_038671,
test_038672,
test_038673,
test_038674,
test_038675,
test_038676,
test_038677,
test_038678,
test_038679,
test_038680,
test_038681,
test_038682,
test_038683,
test_038684,
test_038685,
test_038686,
test_038687,
test_038688,
test_038689,
test_038690,
test_038691,
test_038692,
test_038693,
test_038694,
test_038695,
test_038696,
test_038697,
test_038698,
test_038699,
test_038700,
test_038701,
test_038702,
test_038703,
test_038704,
test_038705,
test_038706,
test_038707,
test_038708,
test_038709,
test_038710,
test_038711,
test_038712,
test_038713,
test_038714,
test_038715,
test_038716,
test_038717,
test_038718,
test_038719,
test_038720,
test_038721,
test_038722,
test_038723,
test_038724,
test_038725,
test_038726,
test_038727,
test_038728,
test_038729,
test_038730,
test_038731,
test_038732,
test_038733,
test_038734,
test_038735,
test_038736,
test_038737,
test_038738,
test_038739,
test_038740,
test_038741,
test_038742,
test_038743,
test_038744,
test_038745,
test_038746,
test_038747,
test_038748,
test_038749,
test_038750,
test_038751,
test_038752,
test_038753,
test_038754,
test_038755,
test_038756,
test_038757,
test_038758,
test_038759,
test_038760,
test_038761,
test_038762,
test_038763,
test_038764,
test_038765,
test_038766,
test_038767,
test_038768,
test_038769,
test_038770,
test_038771,
test_038772,
test_038773,
test_038774,
test_038775,
test_038776,
test_038777,
test_038778,
test_038779,
test_038780,
test_038781,
test_038782,
test_038783,
test_038784,
test_038785,
test_038786,
test_038787,
test_038788,
test_038789,
test_038790,
test_038791,
test_038792,
test_038793,
test_038794,
test_038795,
test_038796,
test_038797,
test_038798,
test_038799,
test_038800,
test_038801,
test_038802,
test_038803,
test_038804,
test_038805,
test_038806,
test_038807,
test_038808,
test_038809,
test_038810,
test_038811,
test_038812,
test_038813,
test_038814,
test_038815,
test_038816,
test_038817,
test_038818,
test_038819,
test_038820,
test_038821,
test_038822,
test_038823,
test_038824,
test_038825,
test_038826,
test_038827,
test_038828,
test_038829,
test_038830,
test_038831,
test_038832,
test_038833,
test_038834,
test_038835,
test_038836,
test_038837,
test_038838,
test_038839,
test_038840,
test_038841,
test_038842,
test_038843,
test_038844,
test_038845,
test_038846,
test_038847,
test_038848,
test_038849,
test_038850,
test_038851,
test_038852,
test_038853,
test_038854,
test_038855,
test_038856,
test_038857,
test_038858,
test_038859,
test_038860,
test_038861,
test_038862,
test_038863,
test_038864,
test_038865,
test_038866,
test_038867,
test_038868,
test_038869,
test_038870,
test_038871,
test_038872,
test_038873,
test_038874,
test_038875,
test_038876,
test_038877,
test_038878,
test_038879,
test_038880,
test_038881,
test_038882,
test_038883,
test_038884,
test_038885,
test_038886,
test_038887,
test_038888,
test_038889,
test_038890,
test_038891,
test_038892,
test_038893,
test_038894,
test_038895,
test_038896,
test_038897,
test_038898,
test_038899,
test_038900,
test_038901,
test_038902,
test_038903,
test_038904,
test_038905,
test_038906,
test_038907,
test_038908,
test_038909,
test_038910,
test_038911,
test_038912,
test_038913,
test_038914,
test_038915,
test_038916,
test_038917,
test_038918,
test_038919,
test_038920,
test_038921,
test_038922,
test_038923,
test_038924,
test_038925,
test_038926,
test_038927,
test_038928,
test_038929,
test_038930,
test_038931,
test_038932,
test_038933,
test_038934,
test_038935,
test_038936,
test_038937,
test_038938,
test_038939,
test_038940,
test_038941,
test_038942,
test_038943,
test_038944,
test_038945,
test_038946,
test_038947,
test_038948,
test_038949,
test_038950,
test_038951,
test_038952,
test_038953,
test_038954,
test_038955,
test_038956,
test_038957,
test_038958,
test_038959,
test_038960,
test_038961,
test_038962,
test_038963,
test_038964,
test_038965,
test_038966,
test_038967,
test_038968,
test_038969,
test_038970,
test_038971,
test_038972,
test_038973,
test_038974,
test_038975,
test_038976,
test_038977,
test_038978,
test_038979,
test_038980,
test_038981,
test_038982,
test_038983,
test_038984,
test_038985,
test_038986,
test_038987,
test_038988,
test_038989,
test_038990,
test_038991,
test_038992,
test_038993,
test_038994,
test_038995,
test_038996,
test_038997,
test_038998,
test_038999,
test_039000,
test_039001,
test_039002,
test_039003,
test_039004,
test_039005,
test_039006,
test_039007,
test_039008,
test_039009,
test_039010,
test_039011,
test_039012,
test_039013,
test_039014,
test_039015,
test_039016,
test_039017,
test_039018,
test_039019,
test_039020,
test_039021,
test_039022,
test_039023,
test_039024,
test_039025,
test_039026,
test_039027,
test_039028,
test_039029,
test_039030,
test_039031,
test_039032,
test_039033,
test_039034,
test_039035,
test_039036,
test_039037,
test_039038,
test_039039,
test_039040,
test_039041,
test_039042,
test_039043,
test_039044,
test_039045,
test_039046,
test_039047,
test_039048,
test_039049,
test_039050,
test_039051,
test_039052,
test_039053,
test_039054,
test_039055,
test_039056,
test_039057,
test_039058,
test_039059,
test_039060,
test_039061,
test_039062,
test_039063,
test_039064,
test_039065,
test_039066,
test_039067,
test_039068,
test_039069,
test_039070,
test_039071,
test_039072,
test_039073,
test_039074,
test_039075,
test_039076,
test_039077,
test_039078,
test_039079,
test_039080,
test_039081,
test_039082,
test_039083,
test_039084,
test_039085,
test_039086,
test_039087,
test_039088,
test_039089,
test_039090,
test_039091,
test_039092,
test_039093,
test_039094,
test_039095,
test_039096,
test_039097,
test_039098,
test_039099,
test_039100,
test_039101,
test_039102,
test_039103,
test_039104,
test_039105,
test_039106,
test_039107,
test_039108,
test_039109,
test_039110,
test_039111,
test_039112,
test_039113,
test_039114,
test_039115,
test_039116,
test_039117,
test_039118,
test_039119,
test_039120,
test_039121,
test_039122,
test_039123,
test_039124,
test_039125,
test_039126,
test_039127,
test_039128,
test_039129,
test_039130,
test_039131,
test_039132,
test_039133,
test_039134,
test_039135,
test_039136,
test_039137,
test_039138,
test_039139,
test_039140,
test_039141,
test_039142,
test_039143,
test_039144,
test_039145,
test_039146,
test_039147,
test_039148,
test_039149,
test_039150,
test_039151,
test_039152,
test_039153,
test_039154,
test_039155,
test_039156,
test_039157,
test_039158,
test_039159,
test_039160,
test_039161,
test_039162,
test_039163,
test_039164,
test_039165,
test_039166,
test_039167,
test_039168,
test_039169,
test_039170,
test_039171,
test_039172,
test_039173,
test_039174,
test_039175,
test_039176,
test_039177,
test_039178,
test_039179,
test_039180,
test_039181,
test_039182,
test_039183,
test_039184,
test_039185,
test_039186,
test_039187,
test_039188,
test_039189,
test_039190,
test_039191,
test_039192,
test_039193,
test_039194,
test_039195,
test_039196,
test_039197,
test_039198,
test_039199,
test_039200,
test_039201,
test_039202,
test_039203,
test_039204,
test_039205,
test_039206,
test_039207,
test_039208,
test_039209,
test_039210,
test_039211,
test_039212,
test_039213,
test_039214,
test_039215,
test_039216,
test_039217,
test_039218,
test_039219,
test_039220,
test_039221,
test_039222,
test_039223,
test_039224,
test_039225,
test_039226,
test_039227,
test_039228,
test_039229,
test_039230,
test_039231,
test_039232,
test_039233,
test_039234,
test_039235,
test_039236,
test_039237,
test_039238,
test_039239,
test_039240,
test_039241,
test_039242,
test_039243,
test_039244,
test_039245,
test_039246,
test_039247,
test_039248,
test_039249,
test_039250,
test_039251,
test_039252,
test_039253,
test_039254,
test_039255,
test_039256,
test_039257,
test_039258,
test_039259,
test_039260,
test_039261,
test_039262,
test_039263,
test_039264,
test_039265,
test_039266,
test_039267,
test_039268,
test_039269,
test_039270,
test_039271,
test_039272,
test_039273,
test_039274,
test_039275,
test_039276,
test_039277,
test_039278,
test_039279,
test_039280,
test_039281,
test_039282,
test_039283,
test_039284,
test_039285,
test_039286,
test_039287,
test_039288,
test_039289,
test_039290,
test_039291,
test_039292,
test_039293,
test_039294,
test_039295,
test_039296,
test_039297,
test_039298,
test_039299,
test_039300,
test_039301,
test_039302,
test_039303,
test_039304,
test_039305,
test_039306,
test_039307,
test_039308,
test_039309,
test_039310,
test_039311,
test_039312,
test_039313,
test_039314,
test_039315,
test_039316,
test_039317,
test_039318,
test_039319,
test_039320,
test_039321,
test_039322,
test_039323,
test_039324,
test_039325,
test_039326,
test_039327,
test_039328,
test_039329,
test_039330,
test_039331,
test_039332,
test_039333,
test_039334,
test_039335,
test_039336,
test_039337,
test_039338,
test_039339,
test_039340,
test_039341,
test_039342,
test_039343,
test_039344,
test_039345,
test_039346,
test_039347,
test_039348,
test_039349,
test_039350,
test_039351,
test_039352,
test_039353,
test_039354,
test_039355,
test_039356,
test_039357,
test_039358,
test_039359,
test_039360,
test_039361,
test_039362,
test_039363,
test_039364,
test_039365,
test_039366,
test_039367,
test_039368,
test_039369,
test_039370,
test_039371,
test_039372,
test_039373,
test_039374,
test_039375,
test_039376,
test_039377,
test_039378,
test_039379,
test_039380,
test_039381,
test_039382,
test_039383,
test_039384,
test_039385,
test_039386,
test_039387,
test_039388,
test_039389,
test_039390,
test_039391,
test_039392,
test_039393,
test_039394,
test_039395,
test_039396,
test_039397,
test_039398,
test_039399,
test_039400,
test_039401,
test_039402,
test_039403,
test_039404,
test_039405,
test_039406,
test_039407,
test_039408,
test_039409,
test_039410,
test_039411,
test_039412,
test_039413,
test_039414,
test_039415,
test_039416,
test_039417,
test_039418,
test_039419,
test_039420,
test_039421,
test_039422,
test_039423,
test_039424,
test_039425,
test_039426,
test_039427,
test_039428,
test_039429,
test_039430,
test_039431,
test_039432,
test_039433,
test_039434,
test_039435,
test_039436,
test_039437,
test_039438,
test_039439,
test_039440,
test_039441,
test_039442,
test_039443,
test_039444,
test_039445,
test_039446,
test_039447,
test_039448,
test_039449,
test_039450,
test_039451,
test_039452,
test_039453,
test_039454,
test_039455,
test_039456,
test_039457,
test_039458,
test_039459,
test_039460,
test_039461,
test_039462,
test_039463,
test_039464,
test_039465,
test_039466,
test_039467,
test_039468,
test_039469,
test_039470,
test_039471,
test_039472,
test_039473,
test_039474,
test_039475,
test_039476,
test_039477,
test_039478,
test_039479,
test_039480,
test_039481,
test_039482,
test_039483,
test_039484,
test_039485,
test_039486,
test_039487,
test_039488,
test_039489,
test_039490,
test_039491,
test_039492,
test_039493,
test_039494,
test_039495,
test_039496,
test_039497,
test_039498,
test_039499,
test_039500,
test_039501,
test_039502,
test_039503,
test_039504,
test_039505,
test_039506,
test_039507,
test_039508,
test_039509,
test_039510,
test_039511,
test_039512,
test_039513,
test_039514,
test_039515,
test_039516,
test_039517,
test_039518,
test_039519,
test_039520,
test_039521,
test_039522,
test_039523,
test_039524,
test_039525,
test_039526,
test_039527,
test_039528,
test_039529,
test_039530,
test_039531,
test_039532,
test_039533,
test_039534,
test_039535,
test_039536,
test_039537,
test_039538,
test_039539,
test_039540,
test_039541,
test_039542,
test_039543,
test_039544,
test_039545,
test_039546,
test_039547,
test_039548,
test_039549,
test_039550,
test_039551,
test_039552,
test_039553,
test_039554,
test_039555,
test_039556,
test_039557,
test_039558,
test_039559,
test_039560,
test_039561,
test_039562,
test_039563,
test_039564,
test_039565,
test_039566,
test_039567,
test_039568,
test_039569,
test_039570,
test_039571,
test_039572,
test_039573,
test_039574,
test_039575,
test_039576,
test_039577,
test_039578,
test_039579,
test_039580,
test_039581,
test_039582,
test_039583,
test_039584,
test_039585,
test_039586,
test_039587,
test_039588,
test_039589,
test_039590,
test_039591,
test_039592,
test_039593,
test_039594,
test_039595,
test_039596,
test_039597,
test_039598,
test_039599,
test_039600,
test_039601,
test_039602,
test_039603,
test_039604,
test_039605,
test_039606,
test_039607,
test_039608,
test_039609,
test_039610,
test_039611,
test_039612,
test_039613,
test_039614,
test_039615,
test_039616,
test_039617,
test_039618,
test_039619,
test_039620,
test_039621,
test_039622,
test_039623,
test_039624,
test_039625,
test_039626,
test_039627,
test_039628,
test_039629,
test_039630,
test_039631,
test_039632,
test_039633,
test_039634,
test_039635,
test_039636,
test_039637,
test_039638,
test_039639,
test_039640,
test_039641,
test_039642,
test_039643,
test_039644,
test_039645,
test_039646,
test_039647,
test_039648,
test_039649,
test_039650,
test_039651,
test_039652,
test_039653,
test_039654,
test_039655,
test_039656,
test_039657,
test_039658,
test_039659,
test_039660,
test_039661,
test_039662,
test_039663,
test_039664,
test_039665,
test_039666,
test_039667,
test_039668,
test_039669,
test_039670,
test_039671,
test_039672,
test_039673,
test_039674,
test_039675,
test_039676,
test_039677,
test_039678,
test_039679,
test_039680,
test_039681,
test_039682,
test_039683,
test_039684,
test_039685,
test_039686,
test_039687,
test_039688,
test_039689,
test_039690,
test_039691,
test_039692,
test_039693,
test_039694,
test_039695,
test_039696,
test_039697,
test_039698,
test_039699,
test_039700,
test_039701,
test_039702,
test_039703,
test_039704,
test_039705,
test_039706,
test_039707,
test_039708,
test_039709,
test_039710,
test_039711,
test_039712,
test_039713,
test_039714,
test_039715,
test_039716,
test_039717,
test_039718,
test_039719,
test_039720,
test_039721,
test_039722,
test_039723,
test_039724,
test_039725,
test_039726,
test_039727,
test_039728,
test_039729,
test_039730,
test_039731,
test_039732,
test_039733,
test_039734,
test_039735,
test_039736,
test_039737,
test_039738,
test_039739,
test_039740,
test_039741,
test_039742,
test_039743,
test_039744,
test_039745,
test_039746,
test_039747,
test_039748,
test_039749,
test_039750,
test_039751,
test_039752,
test_039753,
test_039754,
test_039755,
test_039756,
test_039757,
test_039758,
test_039759,
test_039760,
test_039761,
test_039762,
test_039763,
test_039764,
test_039765,
test_039766,
test_039767,
test_039768,
test_039769,
test_039770,
test_039771,
test_039772,
test_039773,
test_039774,
test_039775,
test_039776,
test_039777,
test_039778,
test_039779,
test_039780,
test_039781,
test_039782,
test_039783,
test_039784,
test_039785,
test_039786,
test_039787,
test_039788,
test_039789,
test_039790,
test_039791,
test_039792,
test_039793,
test_039794,
test_039795,
test_039796,
test_039797,
test_039798,
test_039799,
test_039800,
test_039801,
test_039802,
test_039803,
test_039804,
test_039805,
test_039806,
test_039807,
test_039808,
test_039809,
test_039810,
test_039811,
test_039812,
test_039813,
test_039814,
test_039815,
test_039816,
test_039817,
test_039818,
test_039819,
test_039820,
test_039821,
test_039822,
test_039823,
test_039824,
test_039825,
test_039826,
test_039827,
test_039828,
test_039829,
test_039830,
test_039831,
test_039832,
test_039833,
test_039834,
test_039835,
test_039836,
test_039837,
test_039838,
test_039839,
test_039840,
test_039841,
test_039842,
test_039843,
test_039844,
test_039845,
test_039846,
test_039847,
test_039848,
test_039849,
test_039850,
test_039851,
test_039852,
test_039853,
test_039854,
test_039855,
test_039856,
test_039857,
test_039858,
test_039859,
test_039860,
test_039861,
test_039862,
test_039863,
test_039864,
test_039865,
test_039866,
test_039867,
test_039868,
test_039869,
test_039870,
test_039871,
test_039872,
test_039873,
test_039874,
test_039875,
test_039876,
test_039877,
test_039878,
test_039879,
test_039880,
test_039881,
test_039882,
test_039883,
test_039884,
test_039885,
test_039886,
test_039887,
test_039888,
test_039889,
test_039890,
test_039891,
test_039892,
test_039893,
test_039894,
test_039895,
test_039896,
test_039897,
test_039898,
test_039899,
test_039900,
test_039901,
test_039902,
test_039903,
test_039904,
test_039905,
test_039906,
test_039907,
test_039908,
test_039909,
test_039910,
test_039911,
test_039912,
test_039913,
test_039914,
test_039915,
test_039916,
test_039917,
test_039918,
test_039919,
test_039920,
test_039921,
test_039922,
test_039923,
test_039924,
test_039925,
test_039926,
test_039927,
test_039928,
test_039929,
test_039930,
test_039931,
test_039932,
test_039933,
test_039934,
test_039935,
test_039936,
test_039937,
test_039938,
test_039939,
test_039940,
test_039941,
test_039942,
test_039943,
test_039944,
test_039945,
test_039946,
test_039947,
test_039948,
test_039949,
test_039950,
test_039951,
test_039952,
test_039953,
test_039954,
test_039955,
test_039956,
test_039957,
test_039958,
test_039959,
test_039960,
test_039961,
test_039962,
test_039963,
test_039964,
test_039965,
test_039966,
test_039967,
test_039968,
test_039969,
test_039970,
test_039971,
test_039972,
test_039973,
test_039974,
test_039975,
test_039976,
test_039977,
test_039978,
test_039979,
test_039980,
test_039981,
test_039982,
test_039983,
test_039984,
test_039985,
test_039986,
test_039987,
test_039988,
test_039989,
test_039990,
test_039991,
test_039992,
test_039993,
test_039994,
test_039995,
test_039996,
test_039997,
test_039998,
test_039999,
test_040000,
test_040001,
test_040002,
test_040003,
test_040004,
test_040005,
test_040006,
test_040007,
test_040008,
test_040009,
test_040010,
test_040011,
test_040012,
test_040013,
test_040014,
test_040015,
test_040016,
test_040017,
test_040018,
test_040019,
test_040020,
test_040021,
test_040022,
test_040023,
test_040024,
test_040025,
test_040026,
test_040027,
test_040028,
test_040029,
test_040030,
test_040031,
test_040032,
test_040033,
test_040034,
test_040035,
test_040036,
test_040037,
test_040038,
test_040039,
test_040040,
test_040041,
test_040042,
test_040043,
test_040044,
test_040045,
test_040046,
test_040047,
test_040048,
test_040049,
test_040050,
test_040051,
test_040052,
test_040053,
test_040054,
test_040055,
test_040056,
test_040057,
test_040058,
test_040059,
test_040060,
test_040061,
test_040062,
test_040063,
test_040064,
test_040065,
test_040066,
test_040067,
test_040068,
test_040069,
test_040070,
test_040071,
test_040072,
test_040073,
test_040074,
test_040075,
test_040076,
test_040077,
test_040078,
test_040079,
test_040080,
test_040081,
test_040082,
test_040083,
test_040084,
test_040085,
test_040086,
test_040087,
test_040088,
test_040089,
test_040090,
test_040091,
test_040092,
test_040093,
test_040094,
test_040095,
test_040096,
test_040097,
test_040098,
test_040099,
test_040100,
test_040101,
test_040102,
test_040103,
test_040104,
test_040105,
test_040106,
test_040107,
test_040108,
test_040109,
test_040110,
test_040111,
test_040112,
test_040113,
test_040114,
test_040115,
test_040116,
test_040117,
test_040118,
test_040119,
test_040120,
test_040121,
test_040122,
test_040123,
test_040124,
test_040125,
test_040126,
test_040127,
test_040128,
test_040129,
test_040130,
test_040131,
test_040132,
test_040133,
test_040134,
test_040135,
test_040136,
test_040137,
test_040138,
test_040139,
test_040140,
test_040141,
test_040142,
test_040143,
test_040144,
test_040145,
test_040146,
test_040147,
test_040148,
test_040149,
test_040150,
test_040151,
test_040152,
test_040153,
test_040154,
test_040155,
test_040156,
test_040157,
test_040158,
test_040159,
test_040160,
test_040161,
test_040162,
test_040163,
test_040164,
test_040165,
test_040166,
test_040167,
test_040168,
test_040169,
test_040170,
test_040171,
test_040172,
test_040173,
test_040174,
test_040175,
test_040176,
test_040177,
test_040178,
test_040179,
test_040180,
test_040181,
test_040182,
test_040183,
test_040184,
test_040185,
test_040186,
test_040187,
test_040188,
test_040189,
test_040190,
test_040191,
test_040192,
test_040193,
test_040194,
test_040195,
test_040196,
test_040197,
test_040198,
test_040199,
test_040200,
test_040201,
test_040202,
test_040203,
test_040204,
test_040205,
test_040206,
test_040207,
test_040208,
test_040209,
test_040210,
test_040211,
test_040212,
test_040213,
test_040214,
test_040215,
test_040216,
test_040217,
test_040218,
test_040219,
test_040220,
test_040221,
test_040222,
test_040223,
test_040224,
test_040225,
test_040226,
test_040227,
test_040228,
test_040229,
test_040230,
test_040231,
test_040232,
test_040233,
test_040234,
test_040235,
test_040236,
test_040237,
test_040238,
test_040239,
test_040240,
test_040241,
test_040242,
test_040243,
test_040244,
test_040245,
test_040246,
test_040247,
test_040248,
test_040249,
test_040250,
test_040251,
test_040252,
test_040253,
test_040254,
test_040255,
test_040256,
test_040257,
test_040258,
test_040259,
test_040260,
test_040261,
test_040262,
test_040263,
test_040264,
test_040265,
test_040266,
test_040267,
test_040268,
test_040269,
test_040270,
test_040271,
test_040272,
test_040273,
test_040274,
test_040275,
test_040276,
test_040277,
test_040278,
test_040279,
test_040280,
test_040281,
test_040282,
test_040283,
test_040284,
test_040285,
test_040286,
test_040287,
test_040288,
test_040289,
test_040290,
test_040291,
test_040292,
test_040293,
test_040294,
test_040295,
test_040296,
test_040297,
test_040298,
test_040299,
test_040300,
test_040301,
test_040302,
test_040303,
test_040304,
test_040305,
test_040306,
test_040307,
test_040308,
test_040309,
test_040310,
test_040311,
test_040312,
test_040313,
test_040314,
test_040315,
test_040316,
test_040317,
test_040318,
test_040319,
test_040320,
test_040321,
test_040322,
test_040323,
test_040324,
test_040325,
test_040326,
test_040327,
test_040328,
test_040329,
test_040330,
test_040331,
test_040332,
test_040333,
test_040334,
test_040335,
test_040336,
test_040337,
test_040338,
test_040339,
test_040340,
test_040341,
test_040342,
test_040343,
test_040344,
test_040345,
test_040346,
test_040347,
test_040348,
test_040349,
test_040350,
test_040351,
test_040352,
test_040353,
test_040354,
test_040355,
test_040356,
test_040357,
test_040358,
test_040359,
test_040360,
test_040361,
test_040362,
test_040363,
test_040364,
test_040365,
test_040366,
test_040367,
test_040368,
test_040369,
test_040370,
test_040371,
test_040372,
test_040373,
test_040374,
test_040375,
test_040376,
test_040377,
test_040378,
test_040379,
test_040380,
test_040381,
test_040382,
test_040383,
test_040384,
test_040385,
test_040386,
test_040387,
test_040388,
test_040389,
test_040390,
test_040391,
test_040392,
test_040393,
test_040394,
test_040395,
test_040396,
test_040397,
test_040398,
test_040399,
test_040400,
test_040401,
test_040402,
test_040403,
test_040404,
test_040405,
test_040406,
test_040407,
test_040408,
test_040409,
test_040410,
test_040411,
test_040412,
test_040413,
test_040414,
test_040415,
test_040416,
test_040417,
test_040418,
test_040419,
test_040420,
test_040421,
test_040422,
test_040423,
test_040424,
test_040425,
test_040426,
test_040427,
test_040428,
test_040429,
test_040430,
test_040431,
test_040432,
test_040433,
test_040434,
test_040435,
test_040436,
test_040437,
test_040438,
test_040439,
test_040440,
test_040441,
test_040442,
test_040443,
test_040444,
test_040445,
test_040446,
test_040447,
test_040448,
test_040449,
test_040450,
test_040451,
test_040452,
test_040453,
test_040454,
test_040455,
test_040456,
test_040457,
test_040458,
test_040459,
test_040460,
test_040461,
test_040462,
test_040463,
test_040464,
test_040465,
test_040466,
test_040467,
test_040468,
test_040469,
test_040470,
test_040471,
test_040472,
test_040473,
test_040474,
test_040475,
test_040476,
test_040477,
test_040478,
test_040479,
test_040480,
test_040481,
test_040482,
test_040483,
test_040484,
test_040485,
test_040486,
test_040487,
test_040488,
test_040489,
test_040490,
test_040491,
test_040492,
test_040493,
test_040494,
test_040495,
test_040496,
test_040497,
test_040498,
test_040499,
test_040500,
test_040501,
test_040502,
test_040503,
test_040504,
test_040505,
test_040506,
test_040507,
test_040508,
test_040509,
test_040510,
test_040511,
test_040512,
test_040513,
test_040514,
test_040515,
test_040516,
test_040517,
test_040518,
test_040519,
test_040520,
test_040521,
test_040522,
test_040523,
test_040524,
test_040525,
test_040526,
test_040527,
test_040528,
test_040529,
test_040530,
test_040531,
test_040532,
test_040533,
test_040534,
test_040535,
test_040536,
test_040537,
test_040538,
test_040539,
test_040540,
test_040541,
test_040542,
test_040543,
test_040544,
test_040545,
test_040546,
test_040547,
test_040548,
test_040549,
test_040550,
test_040551,
test_040552,
test_040553,
test_040554,
test_040555,
test_040556,
test_040557,
test_040558,
test_040559,
test_040560,
test_040561,
test_040562,
test_040563,
test_040564,
test_040565,
test_040566,
test_040567,
test_040568,
test_040569,
test_040570,
test_040571,
test_040572,
test_040573,
test_040574,
test_040575,
test_040576,
test_040577,
test_040578,
test_040579,
test_040580,
test_040581,
test_040582,
test_040583,
test_040584,
test_040585,
test_040586,
test_040587,
test_040588,
test_040589,
test_040590,
test_040591,
test_040592,
test_040593,
test_040594,
test_040595,
test_040596,
test_040597,
test_040598,
test_040599,
test_040600,
test_040601,
test_040602,
test_040603,
test_040604,
test_040605,
test_040606,
test_040607,
test_040608,
test_040609,
test_040610,
test_040611,
test_040612,
test_040613,
test_040614,
test_040615,
test_040616,
test_040617,
test_040618,
test_040619,
test_040620,
test_040621,
test_040622,
test_040623,
test_040624,
test_040625,
test_040626,
test_040627,
test_040628,
test_040629,
test_040630,
test_040631,
test_040632,
test_040633,
test_040634,
test_040635,
test_040636,
test_040637,
test_040638,
test_040639,
test_040640,
test_040641,
test_040642,
test_040643,
test_040644,
test_040645,
test_040646,
test_040647,
test_040648,
test_040649,
test_040650,
test_040651,
test_040652,
test_040653,
test_040654,
test_040655,
test_040656,
test_040657,
test_040658,
test_040659,
test_040660,
test_040661,
test_040662,
test_040663,
test_040664,
test_040665,
test_040666,
test_040667,
test_040668,
test_040669,
test_040670,
test_040671,
test_040672,
test_040673,
test_040674,
test_040675,
test_040676,
test_040677,
test_040678,
test_040679,
test_040680,
test_040681,
test_040682,
test_040683,
test_040684,
test_040685,
test_040686,
test_040687,
test_040688,
test_040689,
test_040690,
test_040691,
test_040692,
test_040693,
test_040694,
test_040695,
test_040696,
test_040697,
test_040698,
test_040699,
test_040700,
test_040701,
test_040702,
test_040703,
test_040704,
test_040705,
test_040706,
test_040707,
test_040708,
test_040709,
test_040710,
test_040711,
test_040712,
test_040713,
test_040714,
test_040715,
test_040716,
test_040717,
test_040718,
test_040719,
test_040720,
test_040721,
test_040722,
test_040723,
test_040724,
test_040725,
test_040726,
test_040727,
test_040728,
test_040729,
test_040730,
test_040731,
test_040732,
test_040733,
test_040734,
test_040735,
test_040736,
test_040737,
test_040738,
test_040739,
test_040740,
test_040741,
test_040742,
test_040743,
test_040744,
test_040745,
test_040746,
test_040747,
test_040748,
test_040749,
test_040750,
test_040751,
test_040752,
test_040753,
test_040754,
test_040755,
test_040756,
test_040757,
test_040758,
test_040759,
test_040760,
test_040761,
test_040762,
test_040763,
test_040764,
test_040765,
test_040766,
test_040767,
test_040768,
test_040769,
test_040770,
test_040771,
test_040772,
test_040773,
test_040774,
test_040775,
test_040776,
test_040777,
test_040778,
test_040779,
test_040780,
test_040781,
test_040782,
test_040783,
test_040784,
test_040785,
test_040786,
test_040787,
test_040788,
test_040789,
test_040790,
test_040791,
test_040792,
test_040793,
test_040794,
test_040795,
test_040796,
test_040797,
test_040798,
test_040799,
test_040800,
test_040801,
test_040802,
test_040803,
test_040804,
test_040805,
test_040806,
test_040807,
test_040808,
test_040809,
test_040810,
test_040811,
test_040812,
test_040813,
test_040814,
test_040815,
test_040816,
test_040817,
test_040818,
test_040819,
test_040820,
test_040821,
test_040822,
test_040823,
test_040824,
test_040825,
test_040826,
test_040827,
test_040828,
test_040829,
test_040830,
test_040831,
test_040832,
test_040833,
test_040834,
test_040835,
test_040836,
test_040837,
test_040838,
test_040839,
test_040840,
test_040841,
test_040842,
test_040843,
test_040844,
test_040845,
test_040846,
test_040847,
test_040848,
test_040849,
test_040850,
test_040851,
test_040852,
test_040853,
test_040854,
test_040855,
test_040856,
test_040857,
test_040858,
test_040859,
test_040860,
test_040861,
test_040862,
test_040863,
test_040864,
test_040865,
test_040866,
test_040867,
test_040868,
test_040869,
test_040870,
test_040871,
test_040872,
test_040873,
test_040874,
test_040875,
test_040876,
test_040877,
test_040878,
test_040879,
test_040880,
test_040881,
test_040882,
test_040883,
test_040884,
test_040885,
test_040886,
test_040887,
test_040888,
test_040889,
test_040890,
test_040891,
test_040892,
test_040893,
test_040894,
test_040895,
test_040896,
test_040897,
test_040898,
test_040899,
test_040900,
test_040901,
test_040902,
test_040903,
test_040904,
test_040905,
test_040906,
test_040907,
test_040908,
test_040909,
test_040910,
test_040911,
test_040912,
test_040913,
test_040914,
test_040915,
test_040916,
test_040917,
test_040918,
test_040919,
test_040920,
test_040921,
test_040922,
test_040923,
test_040924,
test_040925,
test_040926,
test_040927,
test_040928,
test_040929,
test_040930,
test_040931,
test_040932,
test_040933,
test_040934,
test_040935,
test_040936,
test_040937,
test_040938,
test_040939,
test_040940,
test_040941,
test_040942,
test_040943,
test_040944,
test_040945,
test_040946,
test_040947,
test_040948,
test_040949,
test_040950,
test_040951,
test_040952,
test_040953,
test_040954,
test_040955,
test_040956,
test_040957,
test_040958,
test_040959,
test_040960,
test_040961,
test_040962,
test_040963,
test_040964,
test_040965,
test_040966,
test_040967,
test_040968,
test_040969,
test_040970,
test_040971,
test_040972,
test_040973,
test_040974,
test_040975,
test_040976,
test_040977,
test_040978,
test_040979,
test_040980,
test_040981,
test_040982,
test_040983,
test_040984,
test_040985,
test_040986,
test_040987,
test_040988,
test_040989,
test_040990,
test_040991,
test_040992,
test_040993,
test_040994,
test_040995,
test_040996,
test_040997,
test_040998,
test_040999,
test_041000,
test_041001,
test_041002,
test_041003,
test_041004,
test_041005,
test_041006,
test_041007,
test_041008,
test_041009,
test_041010,
test_041011,
test_041012,
test_041013,
test_041014,
test_041015,
test_041016,
test_041017,
test_041018,
test_041019,
test_041020,
test_041021,
test_041022,
test_041023,
test_041024,
test_041025,
test_041026,
test_041027,
test_041028,
test_041029,
test_041030,
test_041031,
test_041032,
test_041033,
test_041034,
test_041035,
test_041036,
test_041037,
test_041038,
test_041039,
test_041040,
test_041041,
test_041042,
test_041043,
test_041044,
test_041045,
test_041046,
test_041047,
test_041048,
test_041049,
test_041050,
test_041051,
test_041052,
test_041053,
test_041054,
test_041055,
test_041056,
test_041057,
test_041058,
test_041059,
test_041060,
test_041061,
test_041062,
test_041063,
test_041064,
test_041065,
test_041066,
test_041067,
test_041068,
test_041069,
test_041070,
test_041071,
test_041072,
test_041073,
test_041074,
test_041075,
test_041076,
test_041077,
test_041078,
test_041079,
test_041080,
test_041081,
test_041082,
test_041083,
test_041084,
test_041085,
test_041086,
test_041087,
test_041088,
test_041089,
test_041090,
test_041091,
test_041092,
test_041093,
test_041094,
test_041095,
test_041096,
test_041097,
test_041098,
test_041099,
test_041100,
test_041101,
test_041102,
test_041103,
test_041104,
test_041105,
test_041106,
test_041107,
test_041108,
test_041109,
test_041110,
test_041111,
test_041112,
test_041113,
test_041114,
test_041115,
test_041116,
test_041117,
test_041118,
test_041119,
test_041120,
test_041121,
test_041122,
test_041123,
test_041124,
test_041125,
test_041126,
test_041127,
test_041128,
test_041129,
test_041130,
test_041131,
test_041132,
test_041133,
test_041134,
test_041135,
test_041136,
test_041137,
test_041138,
test_041139,
test_041140,
test_041141,
test_041142,
test_041143,
test_041144,
test_041145,
test_041146,
test_041147,
test_041148,
test_041149,
test_041150,
test_041151,
test_041152,
test_041153,
test_041154,
test_041155,
test_041156,
test_041157,
test_041158,
test_041159,
test_041160,
test_041161,
test_041162,
test_041163,
test_041164,
test_041165,
test_041166,
test_041167,
test_041168,
test_041169,
test_041170,
test_041171,
test_041172,
test_041173,
test_041174,
test_041175,
test_041176,
test_041177,
test_041178,
test_041179,
test_041180,
test_041181,
test_041182,
test_041183,
test_041184,
test_041185,
test_041186,
test_041187,
test_041188,
test_041189,
test_041190,
test_041191,
test_041192,
test_041193,
test_041194,
test_041195,
test_041196,
test_041197,
test_041198,
test_041199,
test_041200,
test_041201,
test_041202,
test_041203,
test_041204,
test_041205,
test_041206,
test_041207,
test_041208,
test_041209,
test_041210,
test_041211,
test_041212,
test_041213,
test_041214,
test_041215,
test_041216,
test_041217,
test_041218,
test_041219,
test_041220,
test_041221,
test_041222,
test_041223,
test_041224,
test_041225,
test_041226,
test_041227,
test_041228,
test_041229,
test_041230,
test_041231,
test_041232,
test_041233,
test_041234,
test_041235,
test_041236,
test_041237,
test_041238,
test_041239,
test_041240,
test_041241,
test_041242,
test_041243,
test_041244,
test_041245,
test_041246,
test_041247,
test_041248,
test_041249,
test_041250,
test_041251,
test_041252,
test_041253,
test_041254,
test_041255,
test_041256,
test_041257,
test_041258,
test_041259,
test_041260,
test_041261,
test_041262,
test_041263,
test_041264,
test_041265,
test_041266,
test_041267,
test_041268,
test_041269,
test_041270,
test_041271,
test_041272,
test_041273,
test_041274,
test_041275,
test_041276,
test_041277,
test_041278,
test_041279,
test_041280,
test_041281,
test_041282,
test_041283,
test_041284,
test_041285,
test_041286,
test_041287,
test_041288,
test_041289,
test_041290,
test_041291,
test_041292,
test_041293,
test_041294,
test_041295,
test_041296,
test_041297,
test_041298,
test_041299,
test_041300,
test_041301,
test_041302,
test_041303,
test_041304,
test_041305,
test_041306,
test_041307,
test_041308,
test_041309,
test_041310,
test_041311,
test_041312,
test_041313,
test_041314,
test_041315,
test_041316,
test_041317,
test_041318,
test_041319,
test_041320,
test_041321,
test_041322,
test_041323,
test_041324,
test_041325,
test_041326,
test_041327,
test_041328,
test_041329,
test_041330,
test_041331,
test_041332,
test_041333,
test_041334,
test_041335,
test_041336,
test_041337,
test_041338,
test_041339,
test_041340,
test_041341,
test_041342,
test_041343,
test_041344,
test_041345,
test_041346,
test_041347,
test_041348,
test_041349,
test_041350,
test_041351,
test_041352,
test_041353,
test_041354,
test_041355,
test_041356,
test_041357,
test_041358,
test_041359,
test_041360,
test_041361,
test_041362,
test_041363,
test_041364,
test_041365,
test_041366,
test_041367,
test_041368,
test_041369,
test_041370,
test_041371,
test_041372,
test_041373,
test_041374,
test_041375,
test_041376,
test_041377,
test_041378,
test_041379,
test_041380,
test_041381,
test_041382,
test_041383,
test_041384,
test_041385,
test_041386,
test_041387,
test_041388,
test_041389,
test_041390,
test_041391,
test_041392,
test_041393,
test_041394,
test_041395,
test_041396,
test_041397,
test_041398,
test_041399,
test_041400,
test_041401,
test_041402,
test_041403,
test_041404,
test_041405,
test_041406,
test_041407,
test_041408,
test_041409,
test_041410,
test_041411,
test_041412,
test_041413,
test_041414,
test_041415,
test_041416,
test_041417,
test_041418,
test_041419,
test_041420,
test_041421,
test_041422,
test_041423,
test_041424,
test_041425,
test_041426,
test_041427,
test_041428,
test_041429,
test_041430,
test_041431,
test_041432,
test_041433,
test_041434,
test_041435,
test_041436,
test_041437,
test_041438,
test_041439,
test_041440,
test_041441,
test_041442,
test_041443,
test_041444,
test_041445,
test_041446,
test_041447,
test_041448,
test_041449,
test_041450,
test_041451,
test_041452,
test_041453,
test_041454,
test_041455,
test_041456,
test_041457,
test_041458,
test_041459,
test_041460,
test_041461,
test_041462,
test_041463,
test_041464,
test_041465,
test_041466,
test_041467,
test_041468,
test_041469,
test_041470,
test_041471,
test_041472,
test_041473,
test_041474,
test_041475,
test_041476,
test_041477,
test_041478,
test_041479,
test_041480,
test_041481,
test_041482,
test_041483,
test_041484,
test_041485,
test_041486,
test_041487,
test_041488,
test_041489,
test_041490,
test_041491,
test_041492,
test_041493,
test_041494,
test_041495,
test_041496,
test_041497,
test_041498,
test_041499,
test_041500,
test_041501,
test_041502,
test_041503,
test_041504,
test_041505,
test_041506,
test_041507,
test_041508,
test_041509,
test_041510,
test_041511,
test_041512,
test_041513,
test_041514,
test_041515,
test_041516,
test_041517,
test_041518,
test_041519,
test_041520,
test_041521,
test_041522,
test_041523,
test_041524,
test_041525,
test_041526,
test_041527,
test_041528,
test_041529,
test_041530,
test_041531,
test_041532,
test_041533,
test_041534,
test_041535,
test_041536,
test_041537,
test_041538,
test_041539,
test_041540,
test_041541,
test_041542,
test_041543,
test_041544,
test_041545,
test_041546,
test_041547,
test_041548,
test_041549,
test_041550,
test_041551,
test_041552,
test_041553,
test_041554,
test_041555,
test_041556,
test_041557,
test_041558,
test_041559,
test_041560,
test_041561,
test_041562,
test_041563,
test_041564,
test_041565,
test_041566,
test_041567,
test_041568,
test_041569,
test_041570,
test_041571,
test_041572,
test_041573,
test_041574,
test_041575,
test_041576,
test_041577,
test_041578,
test_041579,
test_041580,
test_041581,
test_041582,
test_041583,
test_041584,
test_041585,
test_041586,
test_041587,
test_041588,
test_041589,
test_041590,
test_041591,
test_041592,
test_041593,
test_041594,
test_041595,
test_041596,
test_041597,
test_041598,
test_041599,
test_041600,
test_041601,
test_041602,
test_041603,
test_041604,
test_041605,
test_041606,
test_041607,
test_041608,
test_041609,
test_041610,
test_041611,
test_041612,
test_041613,
test_041614,
test_041615,
test_041616,
test_041617,
test_041618,
test_041619,
test_041620,
test_041621,
test_041622,
test_041623,
test_041624,
test_041625,
test_041626,
test_041627,
test_041628,
test_041629,
test_041630,
test_041631,
test_041632,
test_041633,
test_041634,
test_041635,
test_041636,
test_041637,
test_041638,
test_041639,
test_041640,
test_041641,
test_041642,
test_041643,
test_041644,
test_041645,
test_041646,
test_041647,
test_041648,
test_041649,
test_041650,
test_041651,
test_041652,
test_041653,
test_041654,
test_041655,
test_041656,
test_041657,
test_041658,
test_041659,
test_041660,
test_041661,
test_041662,
test_041663,
test_041664,
test_041665,
test_041666,
test_041667,
test_041668,
test_041669,
test_041670,
test_041671,
test_041672,
test_041673,
test_041674,
test_041675,
test_041676,
test_041677,
test_041678,
test_041679,
test_041680,
test_041681,
test_041682,
test_041683,
test_041684,
test_041685,
test_041686,
test_041687,
test_041688,
test_041689,
test_041690,
test_041691,
test_041692,
test_041693,
test_041694,
test_041695,
test_041696,
test_041697,
test_041698,
test_041699,
test_041700,
test_041701,
test_041702,
test_041703,
test_041704,
test_041705,
test_041706,
test_041707,
test_041708,
test_041709,
test_041710,
test_041711,
test_041712,
test_041713,
test_041714,
test_041715,
test_041716,
test_041717,
test_041718,
test_041719,
test_041720,
test_041721,
test_041722,
test_041723,
test_041724,
test_041725,
test_041726,
test_041727,
test_041728,
test_041729,
test_041730,
test_041731,
test_041732,
test_041733,
test_041734,
test_041735,
test_041736,
test_041737,
test_041738,
test_041739,
test_041740,
test_041741,
test_041742,
test_041743,
test_041744,
test_041745,
test_041746,
test_041747,
test_041748,
test_041749,
test_041750,
test_041751,
test_041752,
test_041753,
test_041754,
test_041755,
test_041756,
test_041757,
test_041758,
test_041759,
test_041760,
test_041761,
test_041762,
test_041763,
test_041764,
test_041765,
test_041766,
test_041767,
test_041768,
test_041769,
test_041770,
test_041771,
test_041772,
test_041773,
test_041774,
test_041775,
test_041776,
test_041777,
test_041778,
test_041779,
test_041780,
test_041781,
test_041782,
test_041783,
test_041784,
test_041785,
test_041786,
test_041787,
test_041788,
test_041789,
test_041790,
test_041791,
test_041792,
test_041793,
test_041794,
test_041795,
test_041796,
test_041797,
test_041798,
test_041799,
test_041800,
test_041801,
test_041802,
test_041803,
test_041804,
test_041805,
test_041806,
test_041807,
test_041808,
test_041809,
test_041810,
test_041811,
test_041812,
test_041813,
test_041814,
test_041815,
test_041816,
test_041817,
test_041818,
test_041819,
test_041820,
test_041821,
test_041822,
test_041823,
test_041824,
test_041825,
test_041826,
test_041827,
test_041828,
test_041829,
test_041830,
test_041831,
test_041832,
test_041833,
test_041834,
test_041835,
test_041836,
test_041837,
test_041838,
test_041839,
test_041840,
test_041841,
test_041842,
test_041843,
test_041844,
test_041845,
test_041846,
test_041847,
test_041848,
test_041849,
test_041850,
test_041851,
test_041852,
test_041853,
test_041854,
test_041855,
test_041856,
test_041857,
test_041858,
test_041859,
test_041860,
test_041861,
test_041862,
test_041863,
test_041864,
test_041865,
test_041866,
test_041867,
test_041868,
test_041869,
test_041870,
test_041871,
test_041872,
test_041873,
test_041874,
test_041875,
test_041876,
test_041877,
test_041878,
test_041879,
test_041880,
test_041881,
test_041882,
test_041883,
test_041884,
test_041885,
test_041886,
test_041887,
test_041888,
test_041889,
test_041890,
test_041891,
test_041892,
test_041893,
test_041894,
test_041895,
test_041896,
test_041897,
test_041898,
test_041899,
test_041900,
test_041901,
test_041902,
test_041903,
test_041904,
test_041905,
test_041906,
test_041907,
test_041908,
test_041909,
test_041910,
test_041911,
test_041912,
test_041913,
test_041914,
test_041915,
test_041916,
test_041917,
test_041918,
test_041919,
test_041920,
test_041921,
test_041922,
test_041923,
test_041924,
test_041925,
test_041926,
test_041927,
test_041928,
test_041929,
test_041930,
test_041931,
test_041932,
test_041933,
test_041934,
test_041935,
test_041936,
test_041937,
test_041938,
test_041939,
test_041940,
test_041941,
test_041942,
test_041943,
test_041944,
test_041945,
test_041946,
test_041947,
test_041948,
test_041949,
test_041950,
test_041951,
test_041952,
test_041953,
test_041954,
test_041955,
test_041956,
test_041957,
test_041958,
test_041959,
test_041960,
test_041961,
test_041962,
test_041963,
test_041964,
test_041965,
test_041966,
test_041967,
test_041968,
test_041969,
test_041970,
test_041971,
test_041972,
test_041973,
test_041974,
test_041975,
test_041976,
test_041977,
test_041978,
test_041979,
test_041980,
test_041981,
test_041982,
test_041983,
test_041984,
test_041985,
test_041986,
test_041987,
test_041988,
test_041989,
test_041990,
test_041991,
test_041992,
test_041993,
test_041994,
test_041995,
test_041996,
test_041997,
test_041998,
test_041999,
test_042000,
test_042001,
test_042002,
test_042003,
test_042004,
test_042005,
test_042006,
test_042007,
test_042008,
test_042009,
test_042010,
test_042011,
test_042012,
test_042013,
test_042014,
test_042015,
test_042016,
test_042017,
test_042018,
test_042019,
test_042020,
test_042021,
test_042022,
test_042023,
test_042024,
test_042025,
test_042026,
test_042027,
test_042028,
test_042029,
test_042030,
test_042031,
test_042032,
test_042033,
test_042034,
test_042035,
test_042036,
test_042037,
test_042038,
test_042039,
test_042040,
test_042041,
test_042042,
test_042043,
test_042044,
test_042045,
test_042046,
test_042047,
test_042048,
test_042049,
test_042050,
test_042051,
test_042052,
test_042053,
test_042054,
test_042055,
test_042056,
test_042057,
test_042058,
test_042059,
test_042060,
test_042061,
test_042062,
test_042063,
test_042064,
test_042065,
test_042066,
test_042067,
test_042068,
test_042069,
test_042070,
test_042071,
test_042072,
test_042073,
test_042074,
test_042075,
test_042076,
test_042077,
test_042078,
test_042079,
test_042080,
test_042081,
test_042082,
test_042083,
test_042084,
test_042085,
test_042086,
test_042087,
test_042088,
test_042089,
test_042090,
test_042091,
test_042092,
test_042093,
test_042094,
test_042095,
test_042096,
test_042097,
test_042098,
test_042099,
test_042100,
test_042101,
test_042102,
test_042103,
test_042104,
test_042105,
test_042106,
test_042107,
test_042108,
test_042109,
test_042110,
test_042111,
test_042112,
test_042113,
test_042114,
test_042115,
test_042116,
test_042117,
test_042118,
test_042119,
test_042120,
test_042121,
test_042122,
test_042123,
test_042124,
test_042125,
test_042126,
test_042127,
test_042128,
test_042129,
test_042130,
test_042131,
test_042132,
test_042133,
test_042134,
test_042135,
test_042136,
test_042137,
test_042138,
test_042139,
test_042140,
test_042141,
test_042142,
test_042143,
test_042144,
test_042145,
test_042146,
test_042147,
test_042148,
test_042149,
test_042150,
test_042151,
test_042152,
test_042153,
test_042154,
test_042155,
test_042156,
test_042157,
test_042158,
test_042159,
test_042160,
test_042161,
test_042162,
test_042163,
test_042164,
test_042165,
test_042166,
test_042167,
test_042168,
test_042169,
test_042170,
test_042171,
test_042172,
test_042173,
test_042174,
test_042175,
test_042176,
test_042177,
test_042178,
test_042179,
test_042180,
test_042181,
test_042182,
test_042183,
test_042184,
test_042185,
test_042186,
test_042187,
test_042188,
test_042189,
test_042190,
test_042191,
test_042192,
test_042193,
test_042194,
test_042195,
test_042196,
test_042197,
test_042198,
test_042199,
test_042200,
test_042201,
test_042202,
test_042203,
test_042204,
test_042205,
test_042206,
test_042207,
test_042208,
test_042209,
test_042210,
test_042211,
test_042212,
test_042213,
test_042214,
test_042215,
test_042216,
test_042217,
test_042218,
test_042219,
test_042220,
test_042221,
test_042222,
test_042223,
test_042224,
test_042225,
test_042226,
test_042227,
test_042228,
test_042229,
test_042230,
test_042231,
test_042232,
test_042233,
test_042234,
test_042235,
test_042236,
test_042237,
test_042238,
test_042239,
test_042240,
test_042241,
test_042242,
test_042243,
test_042244,
test_042245,
test_042246,
test_042247,
test_042248,
test_042249,
test_042250,
test_042251,
test_042252,
test_042253,
test_042254,
test_042255,
test_042256,
test_042257,
test_042258,
test_042259,
test_042260,
test_042261,
test_042262,
test_042263,
test_042264,
test_042265,
test_042266,
test_042267,
test_042268,
test_042269,
test_042270,
test_042271,
test_042272,
test_042273,
test_042274,
test_042275,
test_042276,
test_042277,
test_042278,
test_042279,
test_042280,
test_042281,
test_042282,
test_042283,
test_042284,
test_042285,
test_042286,
test_042287,
test_042288,
test_042289,
test_042290,
test_042291,
test_042292,
test_042293,
test_042294,
test_042295,
test_042296,
test_042297,
test_042298,
test_042299,
test_042300,
test_042301,
test_042302,
test_042303,
test_042304,
test_042305,
test_042306,
test_042307,
test_042308,
test_042309,
test_042310,
test_042311,
test_042312,
test_042313,
test_042314,
test_042315,
test_042316,
test_042317,
test_042318,
test_042319,
test_042320,
test_042321,
test_042322,
test_042323,
test_042324,
test_042325,
test_042326,
test_042327,
test_042328,
test_042329,
test_042330,
test_042331,
test_042332,
test_042333,
test_042334,
test_042335,
test_042336,
test_042337,
test_042338,
test_042339,
test_042340,
test_042341,
test_042342,
test_042343,
test_042344,
test_042345,
test_042346,
test_042347,
test_042348,
test_042349,
test_042350,
test_042351,
test_042352,
test_042353,
test_042354,
test_042355,
test_042356,
test_042357,
test_042358,
test_042359,
test_042360,
test_042361,
test_042362,
test_042363,
test_042364,
test_042365,
test_042366,
test_042367,
test_042368,
test_042369,
test_042370,
test_042371,
test_042372,
test_042373,
test_042374,
test_042375,
test_042376,
test_042377,
test_042378,
test_042379,
test_042380,
test_042381,
test_042382,
test_042383,
test_042384,
test_042385,
test_042386,
test_042387,
test_042388,
test_042389,
test_042390,
test_042391,
test_042392,
test_042393,
test_042394,
test_042395,
test_042396,
test_042397,
test_042398,
test_042399,
test_042400,
test_042401,
test_042402,
test_042403,
test_042404,
test_042405,
test_042406,
test_042407,
test_042408,
test_042409,
test_042410,
test_042411,
test_042412,
test_042413,
test_042414,
test_042415,
test_042416,
test_042417,
test_042418,
test_042419,
test_042420,
test_042421,
test_042422,
test_042423,
test_042424,
test_042425,
test_042426,
test_042427,
test_042428,
test_042429,
test_042430,
test_042431,
test_042432,
test_042433,
test_042434,
test_042435,
test_042436,
test_042437,
test_042438,
test_042439,
test_042440,
test_042441,
test_042442,
test_042443,
test_042444,
test_042445,
test_042446,
test_042447,
test_042448,
test_042449,
test_042450,
test_042451,
test_042452,
test_042453,
test_042454,
test_042455,
test_042456,
test_042457,
test_042458,
test_042459,
test_042460,
test_042461,
test_042462,
test_042463,
test_042464,
test_042465,
test_042466,
test_042467,
test_042468,
test_042469,
test_042470,
test_042471,
test_042472,
test_042473,
test_042474,
test_042475,
test_042476,
test_042477,
test_042478,
test_042479,
test_042480,
test_042481,
test_042482,
test_042483,
test_042484,
test_042485,
test_042486,
test_042487,
test_042488,
test_042489,
test_042490,
test_042491,
test_042492,
test_042493,
test_042494,
test_042495,
test_042496,
test_042497,
test_042498,
test_042499,
test_042500,
test_042501,
test_042502,
test_042503,
test_042504,
test_042505,
test_042506,
test_042507,
test_042508,
test_042509,
test_042510,
test_042511,
test_042512,
test_042513,
test_042514,
test_042515,
test_042516,
test_042517,
test_042518,
test_042519,
test_042520,
test_042521,
test_042522,
test_042523,
test_042524,
test_042525,
test_042526,
test_042527,
test_042528,
test_042529,
test_042530,
test_042531,
test_042532,
test_042533,
test_042534,
test_042535,
test_042536,
test_042537,
test_042538,
test_042539,
test_042540,
test_042541,
test_042542,
test_042543,
test_042544,
test_042545,
test_042546,
test_042547,
test_042548,
test_042549,
test_042550,
test_042551,
test_042552,
test_042553,
test_042554,
test_042555,
test_042556,
test_042557,
test_042558,
test_042559,
test_042560,
test_042561,
test_042562,
test_042563,
test_042564,
test_042565,
test_042566,
test_042567,
test_042568,
test_042569,
test_042570,
test_042571,
test_042572,
test_042573,
test_042574,
test_042575,
test_042576,
test_042577,
test_042578,
test_042579,
test_042580,
test_042581,
test_042582,
test_042583,
test_042584,
test_042585,
test_042586,
test_042587,
test_042588,
test_042589,
test_042590,
test_042591,
test_042592,
test_042593,
test_042594,
test_042595,
test_042596,
test_042597,
test_042598,
test_042599,
test_042600,
test_042601,
test_042602,
test_042603,
test_042604,
test_042605,
test_042606,
test_042607,
test_042608,
test_042609,
test_042610,
test_042611,
test_042612,
test_042613,
test_042614,
test_042615,
test_042616,
test_042617,
test_042618,
test_042619,
test_042620,
test_042621,
test_042622,
test_042623,
test_042624,
test_042625,
test_042626,
test_042627,
test_042628,
test_042629,
test_042630,
test_042631,
test_042632,
test_042633,
test_042634,
test_042635,
test_042636,
test_042637,
test_042638,
test_042639,
test_042640,
test_042641,
test_042642,
test_042643,
test_042644,
test_042645,
test_042646,
test_042647,
test_042648,
test_042649,
test_042650,
test_042651,
test_042652,
test_042653,
test_042654,
test_042655,
test_042656,
test_042657,
test_042658,
test_042659,
test_042660,
test_042661,
test_042662,
test_042663,
test_042664,
test_042665,
test_042666,
test_042667,
test_042668,
test_042669,
test_042670,
test_042671,
test_042672,
test_042673,
test_042674,
test_042675,
test_042676,
test_042677,
test_042678,
test_042679,
test_042680,
test_042681,
test_042682,
test_042683,
test_042684,
test_042685,
test_042686,
test_042687,
test_042688,
test_042689,
test_042690,
test_042691,
test_042692,
test_042693,
test_042694,
test_042695,
test_042696,
test_042697,
test_042698,
test_042699,
test_042700,
test_042701,
test_042702,
test_042703,
test_042704,
test_042705,
test_042706,
test_042707,
test_042708,
test_042709,
test_042710,
test_042711,
test_042712,
test_042713,
test_042714,
test_042715,
test_042716,
test_042717,
test_042718,
test_042719,
test_042720,
test_042721,
test_042722,
test_042723,
test_042724,
test_042725,
test_042726,
test_042727,
test_042728,
test_042729,
test_042730,
test_042731,
test_042732,
test_042733,
test_042734,
test_042735,
test_042736,
test_042737,
test_042738,
test_042739,
test_042740,
test_042741,
test_042742,
test_042743,
test_042744,
test_042745,
test_042746,
test_042747,
test_042748,
test_042749,
test_042750,
test_042751,
test_042752,
test_042753,
test_042754,
test_042755,
test_042756,
test_042757,
test_042758,
test_042759,
test_042760,
test_042761,
test_042762,
test_042763,
test_042764,
test_042765,
test_042766,
test_042767,
test_042768,
test_042769,
test_042770,
test_042771,
test_042772,
test_042773,
test_042774,
test_042775,
test_042776,
test_042777,
test_042778,
test_042779,
test_042780,
test_042781,
test_042782,
test_042783,
test_042784,
test_042785,
test_042786,
test_042787,
test_042788,
test_042789,
test_042790,
test_042791,
test_042792,
test_042793,
test_042794,
test_042795,
test_042796,
test_042797,
test_042798,
test_042799,
test_042800,
test_042801,
test_042802,
test_042803,
test_042804,
test_042805,
test_042806,
test_042807,
test_042808,
test_042809,
test_042810,
test_042811,
test_042812,
test_042813,
test_042814,
test_042815,
test_042816,
test_042817,
test_042818,
test_042819,
test_042820,
test_042821,
test_042822,
test_042823,
test_042824,
test_042825,
test_042826,
test_042827,
test_042828,
test_042829,
test_042830,
test_042831,
test_042832,
test_042833,
test_042834,
test_042835,
test_042836,
test_042837,
test_042838,
test_042839,
test_042840,
test_042841,
test_042842,
test_042843,
test_042844,
test_042845,
test_042846,
test_042847,
test_042848,
test_042849,
test_042850,
test_042851,
test_042852,
test_042853,
test_042854,
test_042855,
test_042856,
test_042857,
test_042858,
test_042859,
test_042860,
test_042861,
test_042862,
test_042863,
test_042864,
test_042865,
test_042866,
test_042867,
test_042868,
test_042869,
test_042870,
test_042871,
test_042872,
test_042873,
test_042874,
test_042875,
test_042876,
test_042877,
test_042878,
test_042879,
test_042880,
test_042881,
test_042882,
test_042883,
test_042884,
test_042885,
test_042886,
test_042887,
test_042888,
test_042889,
test_042890,
test_042891,
test_042892,
test_042893,
test_042894,
test_042895,
test_042896,
test_042897,
test_042898,
test_042899,
test_042900,
test_042901,
test_042902,
test_042903,
test_042904,
test_042905,
test_042906,
test_042907,
test_042908,
test_042909,
test_042910,
test_042911,
test_042912,
test_042913,
test_042914,
test_042915,
test_042916,
test_042917,
test_042918,
test_042919,
test_042920,
test_042921,
test_042922,
test_042923,
test_042924,
test_042925,
test_042926,
test_042927,
test_042928,
test_042929,
test_042930,
test_042931,
test_042932,
test_042933,
test_042934,
test_042935,
test_042936,
test_042937,
test_042938,
test_042939,
test_042940,
test_042941,
test_042942,
test_042943,
test_042944,
test_042945,
test_042946,
test_042947,
test_042948,
test_042949,
test_042950,
test_042951,
test_042952,
test_042953,
test_042954,
test_042955,
test_042956,
test_042957,
test_042958,
test_042959,
test_042960,
test_042961,
test_042962,
test_042963,
test_042964,
test_042965,
test_042966,
test_042967,
test_042968,
test_042969,
test_042970,
test_042971,
test_042972,
test_042973,
test_042974,
test_042975,
test_042976,
test_042977,
test_042978,
test_042979,
test_042980,
test_042981,
test_042982,
test_042983,
test_042984,
test_042985,
test_042986,
test_042987,
test_042988,
test_042989,
test_042990,
test_042991,
test_042992,
test_042993,
test_042994,
test_042995,
test_042996,
test_042997,
test_042998,
test_042999,
test_043000,
test_043001,
test_043002,
test_043003,
test_043004,
test_043005,
test_043006,
test_043007,
test_043008,
test_043009,
test_043010,
test_043011,
test_043012,
test_043013,
test_043014,
test_043015,
test_043016,
test_043017,
test_043018,
test_043019,
test_043020,
test_043021,
test_043022,
test_043023,
test_043024,
test_043025,
test_043026,
test_043027,
test_043028,
test_043029,
test_043030,
test_043031,
test_043032,
test_043033,
test_043034,
test_043035,
test_043036,
test_043037,
test_043038,
test_043039,
test_043040,
test_043041,
test_043042,
test_043043,
test_043044,
test_043045,
test_043046,
test_043047,
test_043048,
test_043049,
test_043050,
test_043051,
test_043052,
test_043053,
test_043054,
test_043055,
test_043056,
test_043057,
test_043058,
test_043059,
test_043060,
test_043061,
test_043062,
test_043063,
test_043064,
test_043065,
test_043066,
test_043067,
test_043068,
test_043069,
test_043070,
test_043071,
test_043072,
test_043073,
test_043074,
test_043075,
test_043076,
test_043077,
test_043078,
test_043079,
test_043080,
test_043081,
test_043082,
test_043083,
test_043084,
test_043085,
test_043086,
test_043087,
test_043088,
test_043089,
test_043090,
test_043091,
test_043092,
test_043093,
test_043094,
test_043095,
test_043096,
test_043097,
test_043098,
test_043099,
test_043100,
test_043101,
test_043102,
test_043103,
test_043104,
test_043105,
test_043106,
test_043107,
test_043108,
test_043109,
test_043110,
test_043111,
test_043112,
test_043113,
test_043114,
test_043115,
test_043116,
test_043117,
test_043118,
test_043119,
test_043120,
test_043121,
test_043122,
test_043123,
test_043124,
test_043125,
test_043126,
test_043127,
test_043128,
test_043129,
test_043130,
test_043131,
test_043132,
test_043133,
test_043134,
test_043135,
test_043136,
test_043137,
test_043138,
test_043139,
test_043140,
test_043141,
test_043142,
test_043143,
test_043144,
test_043145,
test_043146,
test_043147,
test_043148,
test_043149,
test_043150,
test_043151,
test_043152,
test_043153,
test_043154,
test_043155,
test_043156,
test_043157,
test_043158,
test_043159,
test_043160,
test_043161,
test_043162,
test_043163,
test_043164,
test_043165,
test_043166,
test_043167,
test_043168,
test_043169,
test_043170,
test_043171,
test_043172,
test_043173,
test_043174,
test_043175,
test_043176,
test_043177,
test_043178,
test_043179,
test_043180,
test_043181,
test_043182,
test_043183,
test_043184,
test_043185,
test_043186,
test_043187,
test_043188,
test_043189,
test_043190,
test_043191,
test_043192,
test_043193,
test_043194,
test_043195,
test_043196,
test_043197,
test_043198,
test_043199,
test_043200,
test_043201,
test_043202,
test_043203,
test_043204,
test_043205,
test_043206,
test_043207,
test_043208,
test_043209,
test_043210,
test_043211,
test_043212,
test_043213,
test_043214,
test_043215,
test_043216,
test_043217,
test_043218,
test_043219,
test_043220,
test_043221,
test_043222,
test_043223,
test_043224,
test_043225,
test_043226,
test_043227,
test_043228,
test_043229,
test_043230,
test_043231,
test_043232,
test_043233,
test_043234,
test_043235,
test_043236,
test_043237,
test_043238,
test_043239,
test_043240,
test_043241,
test_043242,
test_043243,
test_043244,
test_043245,
test_043246,
test_043247,
test_043248,
test_043249,
test_043250,
test_043251,
test_043252,
test_043253,
test_043254,
test_043255,
test_043256,
test_043257,
test_043258,
test_043259,
test_043260,
test_043261,
test_043262,
test_043263,
test_043264,
test_043265,
test_043266,
test_043267,
test_043268,
test_043269,
test_043270,
test_043271,
test_043272,
test_043273,
test_043274,
test_043275,
test_043276,
test_043277,
test_043278,
test_043279,
test_043280,
test_043281,
test_043282,
test_043283,
test_043284,
test_043285,
test_043286,
test_043287,
test_043288,
test_043289,
test_043290,
test_043291,
test_043292,
test_043293,
test_043294,
test_043295,
test_043296,
test_043297,
test_043298,
test_043299,
test_043300,
test_043301,
test_043302,
test_043303,
test_043304,
test_043305,
test_043306,
test_043307,
test_043308,
test_043309,
test_043310,
test_043311,
test_043312,
test_043313,
test_043314,
test_043315,
test_043316,
test_043317,
test_043318,
test_043319,
test_043320,
test_043321,
test_043322,
test_043323,
test_043324,
test_043325,
test_043326,
test_043327,
test_043328,
test_043329,
test_043330,
test_043331,
test_043332,
test_043333,
test_043334,
test_043335,
test_043336,
test_043337,
test_043338,
test_043339,
test_043340,
test_043341,
test_043342,
test_043343,
test_043344,
test_043345,
test_043346,
test_043347,
test_043348,
test_043349,
test_043350,
test_043351,
test_043352,
test_043353,
test_043354,
test_043355,
test_043356,
test_043357,
test_043358,
test_043359,
test_043360,
test_043361,
test_043362,
test_043363,
test_043364,
test_043365,
test_043366,
test_043367,
test_043368,
test_043369,
test_043370,
test_043371,
test_043372,
test_043373,
test_043374,
test_043375,
test_043376,
test_043377,
test_043378,
test_043379,
test_043380,
test_043381,
test_043382,
test_043383,
test_043384,
test_043385,
test_043386,
test_043387,
test_043388,
test_043389,
test_043390,
test_043391,
test_043392,
test_043393,
test_043394,
test_043395,
test_043396,
test_043397,
test_043398,
test_043399,
test_043400,
test_043401,
test_043402,
test_043403,
test_043404,
test_043405,
test_043406,
test_043407,
test_043408,
test_043409,
test_043410,
test_043411,
test_043412,
test_043413,
test_043414,
test_043415,
test_043416,
test_043417,
test_043418,
test_043419,
test_043420,
test_043421,
test_043422,
test_043423,
test_043424,
test_043425,
test_043426,
test_043427,
test_043428,
test_043429,
test_043430,
test_043431,
test_043432,
test_043433,
test_043434,
test_043435,
test_043436,
test_043437,
test_043438,
test_043439,
test_043440,
test_043441,
test_043442,
test_043443,
test_043444,
test_043445,
test_043446,
test_043447,
test_043448,
test_043449,
test_043450,
test_043451,
test_043452,
test_043453,
test_043454,
test_043455,
test_043456,
test_043457,
test_043458,
test_043459,
test_043460,
test_043461,
test_043462,
test_043463,
test_043464,
test_043465,
test_043466,
test_043467,
test_043468,
test_043469,
test_043470,
test_043471,
test_043472,
test_043473,
test_043474,
test_043475,
test_043476,
test_043477,
test_043478,
test_043479,
test_043480,
test_043481,
test_043482,
test_043483,
test_043484,
test_043485,
test_043486,
test_043487,
test_043488,
test_043489,
test_043490,
test_043491,
test_043492,
test_043493,
test_043494,
test_043495,
test_043496,
test_043497,
test_043498,
test_043499,
test_043500,
test_043501,
test_043502,
test_043503,
test_043504,
test_043505,
test_043506,
test_043507,
test_043508,
test_043509,
test_043510,
test_043511,
test_043512,
test_043513,
test_043514,
test_043515,
test_043516,
test_043517,
test_043518,
test_043519,
test_043520,
test_043521,
test_043522,
test_043523,
test_043524,
test_043525,
test_043526,
test_043527,
test_043528,
test_043529,
test_043530,
test_043531,
test_043532,
test_043533,
test_043534,
test_043535,
test_043536,
test_043537,
test_043538,
test_043539,
test_043540,
test_043541,
test_043542,
test_043543,
test_043544,
test_043545,
test_043546,
test_043547,
test_043548,
test_043549,
test_043550,
test_043551,
test_043552,
test_043553,
test_043554,
test_043555,
test_043556,
test_043557,
test_043558,
test_043559,
test_043560,
test_043561,
test_043562,
test_043563,
test_043564,
test_043565,
test_043566,
test_043567,
test_043568,
test_043569,
test_043570,
test_043571,
test_043572,
test_043573,
test_043574,
test_043575,
test_043576,
test_043577,
test_043578,
test_043579,
test_043580,
test_043581,
test_043582,
test_043583,
test_043584,
test_043585,
test_043586,
test_043587,
test_043588,
test_043589,
test_043590,
test_043591,
test_043592,
test_043593,
test_043594,
test_043595,
test_043596,
test_043597,
test_043598,
test_043599,
test_043600,
test_043601,
test_043602,
test_043603,
test_043604,
test_043605,
test_043606,
test_043607,
test_043608,
test_043609,
test_043610,
test_043611,
test_043612,
test_043613,
test_043614,
test_043615,
test_043616,
test_043617,
test_043618,
test_043619,
test_043620,
test_043621,
test_043622,
test_043623,
test_043624,
test_043625,
test_043626,
test_043627,
test_043628,
test_043629,
test_043630,
test_043631,
test_043632,
test_043633,
test_043634,
test_043635,
test_043636,
test_043637,
test_043638,
test_043639,
test_043640,
test_043641,
test_043642,
test_043643,
test_043644,
test_043645,
test_043646,
test_043647,
test_043648,
test_043649,
test_043650,
test_043651,
test_043652,
test_043653,
test_043654,
test_043655,
test_043656,
test_043657,
test_043658,
test_043659,
test_043660,
test_043661,
test_043662,
test_043663,
test_043664,
test_043665,
test_043666,
test_043667,
test_043668,
test_043669,
test_043670,
test_043671,
test_043672,
test_043673,
test_043674,
test_043675,
test_043676,
test_043677,
test_043678,
test_043679,
test_043680,
test_043681,
test_043682,
test_043683,
test_043684,
test_043685,
test_043686,
test_043687,
test_043688,
test_043689,
test_043690,
test_043691,
test_043692,
test_043693,
test_043694,
test_043695,
test_043696,
test_043697,
test_043698,
test_043699,
test_043700,
test_043701,
test_043702,
test_043703,
test_043704,
test_043705,
test_043706,
test_043707,
test_043708,
test_043709,
test_043710,
test_043711,
test_043712,
test_043713,
test_043714,
test_043715,
test_043716,
test_043717,
test_043718,
test_043719,
test_043720,
test_043721,
test_043722,
test_043723,
test_043724,
test_043725,
test_043726,
test_043727,
test_043728,
test_043729,
test_043730,
test_043731,
test_043732,
test_043733,
test_043734,
test_043735,
test_043736,
test_043737,
test_043738,
test_043739,
test_043740,
test_043741,
test_043742,
test_043743,
test_043744,
test_043745,
test_043746,
test_043747,
test_043748,
test_043749,
test_043750,
test_043751,
test_043752,
test_043753,
test_043754,
test_043755,
test_043756,
test_043757,
test_043758,
test_043759,
test_043760,
test_043761,
test_043762,
test_043763,
test_043764,
test_043765,
test_043766,
test_043767,
test_043768,
test_043769,
test_043770,
test_043771,
test_043772,
test_043773,
test_043774,
test_043775,
test_043776,
test_043777,
test_043778,
test_043779,
test_043780,
test_043781,
test_043782,
test_043783,
test_043784,
test_043785,
test_043786,
test_043787,
test_043788,
test_043789,
test_043790,
test_043791,
test_043792,
test_043793,
test_043794,
test_043795,
test_043796,
test_043797,
test_043798,
test_043799,
test_043800,
test_043801,
test_043802,
test_043803,
test_043804,
test_043805,
test_043806,
test_043807,
test_043808,
test_043809,
test_043810,
test_043811,
test_043812,
test_043813,
test_043814,
test_043815,
test_043816,
test_043817,
test_043818,
test_043819,
test_043820,
test_043821,
test_043822,
test_043823,
test_043824,
test_043825,
test_043826,
test_043827,
test_043828,
test_043829,
test_043830,
test_043831,
test_043832,
test_043833,
test_043834,
test_043835,
test_043836,
test_043837,
test_043838,
test_043839,
test_043840,
test_043841,
test_043842,
test_043843,
test_043844,
test_043845,
test_043846,
test_043847,
test_043848,
test_043849,
test_043850,
test_043851,
test_043852,
test_043853,
test_043854,
test_043855,
test_043856,
test_043857,
test_043858,
test_043859,
test_043860,
test_043861,
test_043862,
test_043863,
test_043864,
test_043865,
test_043866,
test_043867,
test_043868,
test_043869,
test_043870,
test_043871,
test_043872,
test_043873,
test_043874,
test_043875,
test_043876,
test_043877,
test_043878,
test_043879,
test_043880,
test_043881,
test_043882,
test_043883,
test_043884,
test_043885,
test_043886,
test_043887,
test_043888,
test_043889,
test_043890,
test_043891,
test_043892,
test_043893,
test_043894,
test_043895,
test_043896,
test_043897,
test_043898,
test_043899,
test_043900,
test_043901,
test_043902,
test_043903,
test_043904,
test_043905,
test_043906,
test_043907,
test_043908,
test_043909,
test_043910,
test_043911,
test_043912,
test_043913,
test_043914,
test_043915,
test_043916,
test_043917,
test_043918,
test_043919,
test_043920,
test_043921,
test_043922,
test_043923,
test_043924,
test_043925,
test_043926,
test_043927,
test_043928,
test_043929,
test_043930,
test_043931,
test_043932,
test_043933,
test_043934,
test_043935,
test_043936,
test_043937,
test_043938,
test_043939,
test_043940,
test_043941,
test_043942,
test_043943,
test_043944,
test_043945,
test_043946,
test_043947,
test_043948,
test_043949,
test_043950,
test_043951,
test_043952,
test_043953,
test_043954,
test_043955,
test_043956,
test_043957,
test_043958,
test_043959,
test_043960,
test_043961,
test_043962,
test_043963,
test_043964,
test_043965,
test_043966,
test_043967,
test_043968,
test_043969,
test_043970,
test_043971,
test_043972,
test_043973,
test_043974,
test_043975,
test_043976,
test_043977,
test_043978,
test_043979,
test_043980,
test_043981,
test_043982,
test_043983,
test_043984,
test_043985,
test_043986,
test_043987,
test_043988,
test_043989,
test_043990,
test_043991,
test_043992,
test_043993,
test_043994,
test_043995,
test_043996,
test_043997,
test_043998,
test_043999,
test_044000,
test_044001,
test_044002,
test_044003,
test_044004,
test_044005,
test_044006,
test_044007,
test_044008,
test_044009,
test_044010,
test_044011,
test_044012,
test_044013,
test_044014,
test_044015,
test_044016,
test_044017,
test_044018,
test_044019,
test_044020,
test_044021,
test_044022,
test_044023,
test_044024,
test_044025,
test_044026,
test_044027,
test_044028,
test_044029,
test_044030,
test_044031,
test_044032,
test_044033,
test_044034,
test_044035,
test_044036,
test_044037,
test_044038,
test_044039,
test_044040,
test_044041,
test_044042,
test_044043,
test_044044,
test_044045,
test_044046,
test_044047,
test_044048,
test_044049,
test_044050,
test_044051,
test_044052,
test_044053,
test_044054,
test_044055,
test_044056,
test_044057,
test_044058,
test_044059,
test_044060,
test_044061,
test_044062,
test_044063,
test_044064,
test_044065,
test_044066,
test_044067,
test_044068,
test_044069,
test_044070,
test_044071,
test_044072,
test_044073,
test_044074,
test_044075,
test_044076,
test_044077,
test_044078,
test_044079,
test_044080,
test_044081,
test_044082,
test_044083,
test_044084,
test_044085,
test_044086,
test_044087,
test_044088,
test_044089,
test_044090,
test_044091,
test_044092,
test_044093,
test_044094,
test_044095,
test_044096,
test_044097,
test_044098,
test_044099,
test_044100,
test_044101,
test_044102,
test_044103,
test_044104,
test_044105,
test_044106,
test_044107,
test_044108,
test_044109,
test_044110,
test_044111,
test_044112,
test_044113,
test_044114,
test_044115,
test_044116,
test_044117,
test_044118,
test_044119,
test_044120,
test_044121,
test_044122,
test_044123,
test_044124,
test_044125,
test_044126,
test_044127,
test_044128,
test_044129,
test_044130,
test_044131,
test_044132,
test_044133,
test_044134,
test_044135,
test_044136,
test_044137,
test_044138,
test_044139,
test_044140,
test_044141,
test_044142,
test_044143,
test_044144,
test_044145,
test_044146,
test_044147,
test_044148,
test_044149,
test_044150,
test_044151,
test_044152,
test_044153,
test_044154,
test_044155,
test_044156,
test_044157,
test_044158,
test_044159,
test_044160,
test_044161,
test_044162,
test_044163,
test_044164,
test_044165,
test_044166,
test_044167,
test_044168,
test_044169,
test_044170,
test_044171,
test_044172,
test_044173,
test_044174,
test_044175,
test_044176,
test_044177,
test_044178,
test_044179,
test_044180,
test_044181,
test_044182,
test_044183,
test_044184,
test_044185,
test_044186,
test_044187,
test_044188,
test_044189,
test_044190,
test_044191,
test_044192,
test_044193,
test_044194,
test_044195,
test_044196,
test_044197,
test_044198,
test_044199,
test_044200,
test_044201,
test_044202,
test_044203,
test_044204,
test_044205,
test_044206,
test_044207,
test_044208,
test_044209,
test_044210,
test_044211,
test_044212,
test_044213,
test_044214,
test_044215,
test_044216,
test_044217,
test_044218,
test_044219,
test_044220,
test_044221,
test_044222,
test_044223,
test_044224,
test_044225,
test_044226,
test_044227,
test_044228,
test_044229,
test_044230,
test_044231,
test_044232,
test_044233,
test_044234,
test_044235,
test_044236,
test_044237,
test_044238,
test_044239,
test_044240,
test_044241,
test_044242,
test_044243,
test_044244,
test_044245,
test_044246,
test_044247,
test_044248,
test_044249,
test_044250,
test_044251,
test_044252,
test_044253,
test_044254,
test_044255,
test_044256,
test_044257,
test_044258,
test_044259,
test_044260,
test_044261,
test_044262,
test_044263,
test_044264,
test_044265,
test_044266,
test_044267,
test_044268,
test_044269,
test_044270,
test_044271,
test_044272,
test_044273,
test_044274,
test_044275,
test_044276,
test_044277,
test_044278,
test_044279,
test_044280,
test_044281,
test_044282,
test_044283,
test_044284,
test_044285,
test_044286,
test_044287,
test_044288,
test_044289,
test_044290,
test_044291,
test_044292,
test_044293,
test_044294,
test_044295,
test_044296,
test_044297,
test_044298,
test_044299,
test_044300,
test_044301,
test_044302,
test_044303,
test_044304,
test_044305,
test_044306,
test_044307,
test_044308,
test_044309,
test_044310,
test_044311,
test_044312,
test_044313,
test_044314,
test_044315,
test_044316,
test_044317,
test_044318,
test_044319,
test_044320,
test_044321,
test_044322,
test_044323,
test_044324,
test_044325,
test_044326,
test_044327,
test_044328,
test_044329,
test_044330,
test_044331,
test_044332,
test_044333,
test_044334,
test_044335,
test_044336,
test_044337,
test_044338,
test_044339,
test_044340,
test_044341,
test_044342,
test_044343,
test_044344,
test_044345,
test_044346,
test_044347,
test_044348,
test_044349,
test_044350,
test_044351,
test_044352,
test_044353,
test_044354,
test_044355,
test_044356,
test_044357,
test_044358,
test_044359,
test_044360,
test_044361,
test_044362,
test_044363,
test_044364,
test_044365,
test_044366,
test_044367,
test_044368,
test_044369,
test_044370,
test_044371,
test_044372,
test_044373,
test_044374,
test_044375,
test_044376,
test_044377,
test_044378,
test_044379,
test_044380,
test_044381,
test_044382,
test_044383,
test_044384,
test_044385,
test_044386,
test_044387,
test_044388,
test_044389,
test_044390,
test_044391,
test_044392,
test_044393,
test_044394,
test_044395,
test_044396,
test_044397,
test_044398,
test_044399,
test_044400,
test_044401,
test_044402,
test_044403,
test_044404,
test_044405,
test_044406,
test_044407,
test_044408,
test_044409,
test_044410,
test_044411,
test_044412,
test_044413,
test_044414,
test_044415,
test_044416,
test_044417,
test_044418,
test_044419,
test_044420,
test_044421,
test_044422,
test_044423,
test_044424,
test_044425,
test_044426,
test_044427,
test_044428,
test_044429,
test_044430,
test_044431,
test_044432,
test_044433,
test_044434,
test_044435,
test_044436,
test_044437,
test_044438,
test_044439,
test_044440,
test_044441,
test_044442,
test_044443,
test_044444,
test_044445,
test_044446,
test_044447,
test_044448,
test_044449,
test_044450,
test_044451,
test_044452,
test_044453,
test_044454,
test_044455,
test_044456,
test_044457,
test_044458,
test_044459,
test_044460,
test_044461,
test_044462,
test_044463,
test_044464,
test_044465,
test_044466,
test_044467,
test_044468,
test_044469,
test_044470,
test_044471,
test_044472,
test_044473,
test_044474,
test_044475,
test_044476,
test_044477,
test_044478,
test_044479,
test_044480,
test_044481,
test_044482,
test_044483,
test_044484,
test_044485,
test_044486,
test_044487,
test_044488,
test_044489,
test_044490,
test_044491,
test_044492,
test_044493,
test_044494,
test_044495,
test_044496,
test_044497,
test_044498,
test_044499,
test_044500,
test_044501,
test_044502,
test_044503,
test_044504,
test_044505,
test_044506,
test_044507,
test_044508,
test_044509,
test_044510,
test_044511,
test_044512,
test_044513,
test_044514,
test_044515,
test_044516,
test_044517,
test_044518,
test_044519,
test_044520,
test_044521,
test_044522,
test_044523,
test_044524,
test_044525,
test_044526,
test_044527,
test_044528,
test_044529,
test_044530,
test_044531,
test_044532,
test_044533,
test_044534,
test_044535,
test_044536,
test_044537,
test_044538,
test_044539,
test_044540,
test_044541,
test_044542,
test_044543,
test_044544,
test_044545,
test_044546,
test_044547,
test_044548,
test_044549,
test_044550,
test_044551,
test_044552,
test_044553,
test_044554,
test_044555,
test_044556,
test_044557,
test_044558,
test_044559,
test_044560,
test_044561,
test_044562,
test_044563,
test_044564,
test_044565,
test_044566,
test_044567,
test_044568,
test_044569,
test_044570,
test_044571,
test_044572,
test_044573,
test_044574,
test_044575,
test_044576,
test_044577,
test_044578,
test_044579,
test_044580,
test_044581,
test_044582,
test_044583,
test_044584,
test_044585,
test_044586,
test_044587,
test_044588,
test_044589,
test_044590,
test_044591,
test_044592,
test_044593,
test_044594,
test_044595,
test_044596,
test_044597,
test_044598,
test_044599,
test_044600,
test_044601,
test_044602,
test_044603,
test_044604,
test_044605,
test_044606,
test_044607,
test_044608,
test_044609,
test_044610,
test_044611,
test_044612,
test_044613,
test_044614,
test_044615,
test_044616,
test_044617,
test_044618,
test_044619,
test_044620,
test_044621,
test_044622,
test_044623,
test_044624,
test_044625,
test_044626,
test_044627,
test_044628,
test_044629,
test_044630,
test_044631,
test_044632,
test_044633,
test_044634,
test_044635,
test_044636,
test_044637,
test_044638,
test_044639,
test_044640,
test_044641,
test_044642,
test_044643,
test_044644,
test_044645,
test_044646,
test_044647,
test_044648,
test_044649,
test_044650,
test_044651,
test_044652,
test_044653,
test_044654,
test_044655,
test_044656,
test_044657,
test_044658,
test_044659,
test_044660,
test_044661,
test_044662,
test_044663,
test_044664,
test_044665,
test_044666,
test_044667,
test_044668,
test_044669,
test_044670,
test_044671,
test_044672,
test_044673,
test_044674,
test_044675,
test_044676,
test_044677,
test_044678,
test_044679,
test_044680,
test_044681,
test_044682,
test_044683,
test_044684,
test_044685,
test_044686,
test_044687,
test_044688,
test_044689,
test_044690,
test_044691,
test_044692,
test_044693,
test_044694,
test_044695,
test_044696,
test_044697,
test_044698,
test_044699,
test_044700,
test_044701,
test_044702,
test_044703,
test_044704,
test_044705,
test_044706,
test_044707,
test_044708,
test_044709,
test_044710,
test_044711,
test_044712,
test_044713,
test_044714,
test_044715,
test_044716,
test_044717,
test_044718,
test_044719,
test_044720,
test_044721,
test_044722,
test_044723,
test_044724,
test_044725,
test_044726,
test_044727,
test_044728,
test_044729,
test_044730,
test_044731,
test_044732,
test_044733,
test_044734,
test_044735,
test_044736,
test_044737,
test_044738,
test_044739,
test_044740,
test_044741,
test_044742,
test_044743,
test_044744,
test_044745,
test_044746,
test_044747,
test_044748,
test_044749,
test_044750,
test_044751,
test_044752,
test_044753,
test_044754,
test_044755,
test_044756,
test_044757,
test_044758,
test_044759,
test_044760,
test_044761,
test_044762,
test_044763,
test_044764,
test_044765,
test_044766,
test_044767,
test_044768,
test_044769,
test_044770,
test_044771,
test_044772,
test_044773,
test_044774,
test_044775,
test_044776,
test_044777,
test_044778,
test_044779,
test_044780,
test_044781,
test_044782,
test_044783,
test_044784,
test_044785,
test_044786,
test_044787,
test_044788,
test_044789,
test_044790,
test_044791,
test_044792,
test_044793,
test_044794,
test_044795,
test_044796,
test_044797,
test_044798,
test_044799,
test_044800,
test_044801,
test_044802,
test_044803,
test_044804,
test_044805,
test_044806,
test_044807,
test_044808,
test_044809,
test_044810,
test_044811,
test_044812,
test_044813,
test_044814,
test_044815,
test_044816,
test_044817,
test_044818,
test_044819,
test_044820,
test_044821,
test_044822,
test_044823,
test_044824,
test_044825,
test_044826,
test_044827,
test_044828,
test_044829,
test_044830,
test_044831,
test_044832,
test_044833,
test_044834,
test_044835,
test_044836,
test_044837,
test_044838,
test_044839,
test_044840,
test_044841,
test_044842,
test_044843,
test_044844,
test_044845,
test_044846,
test_044847,
test_044848,
test_044849,
test_044850,
test_044851,
test_044852,
test_044853,
test_044854,
test_044855,
test_044856,
test_044857,
test_044858,
test_044859,
test_044860,
test_044861,
test_044862,
test_044863,
test_044864,
test_044865,
test_044866,
test_044867,
test_044868,
test_044869,
test_044870,
test_044871,
test_044872,
test_044873,
test_044874,
test_044875,
test_044876,
test_044877,
test_044878,
test_044879,
test_044880,
test_044881,
test_044882,
test_044883,
test_044884,
test_044885,
test_044886,
test_044887,
test_044888,
test_044889,
test_044890,
test_044891,
test_044892,
test_044893,
test_044894,
test_044895,
test_044896,
test_044897,
test_044898,
test_044899,
test_044900,
test_044901,
test_044902,
test_044903,
test_044904,
test_044905,
test_044906,
test_044907,
test_044908,
test_044909,
test_044910,
test_044911,
test_044912,
test_044913,
test_044914,
test_044915,
test_044916,
test_044917,
test_044918,
test_044919,
test_044920,
test_044921,
test_044922,
test_044923,
test_044924,
test_044925,
test_044926,
test_044927,
test_044928,
test_044929,
test_044930,
test_044931,
test_044932,
test_044933,
test_044934,
test_044935,
test_044936,
test_044937,
test_044938,
test_044939,
test_044940,
test_044941,
test_044942,
test_044943,
test_044944,
test_044945,
test_044946,
test_044947,
test_044948,
test_044949,
test_044950,
test_044951,
test_044952,
test_044953,
test_044954,
test_044955,
test_044956,
test_044957,
test_044958,
test_044959,
test_044960,
test_044961,
test_044962,
test_044963,
test_044964,
test_044965,
test_044966,
test_044967,
test_044968,
test_044969,
test_044970,
test_044971,
test_044972,
test_044973,
test_044974,
test_044975,
test_044976,
test_044977,
test_044978,
test_044979,
test_044980,
test_044981,
test_044982,
test_044983,
test_044984,
test_044985,
test_044986,
test_044987,
test_044988,
test_044989,
test_044990,
test_044991,
test_044992,
test_044993,
test_044994,
test_044995,
test_044996,
test_044997,
test_044998,
test_044999,
test_045000,
test_045001,
test_045002,
test_045003,
test_045004,
test_045005,
test_045006,
test_045007,
test_045008,
test_045009,
test_045010,
test_045011,
test_045012,
test_045013,
test_045014,
test_045015,
test_045016,
test_045017,
test_045018,
test_045019,
test_045020,
test_045021,
test_045022,
test_045023,
test_045024,
test_045025,
test_045026,
test_045027,
test_045028,
test_045029,
test_045030,
test_045031,
test_045032,
test_045033,
test_045034,
test_045035,
test_045036,
test_045037,
test_045038,
test_045039,
test_045040,
test_045041,
test_045042,
test_045043,
test_045044,
test_045045,
test_045046,
test_045047,
test_045048,
test_045049,
test_045050,
test_045051,
test_045052,
test_045053,
test_045054,
test_045055,
test_045056,
test_045057,
test_045058,
test_045059,
test_045060,
test_045061,
test_045062,
test_045063,
test_045064,
test_045065,
test_045066,
test_045067,
test_045068,
test_045069,
test_045070,
test_045071,
test_045072,
test_045073,
test_045074,
test_045075,
test_045076,
test_045077,
test_045078,
test_045079,
test_045080,
test_045081,
test_045082,
test_045083,
test_045084,
test_045085,
test_045086,
test_045087,
test_045088,
test_045089,
test_045090,
test_045091,
test_045092,
test_045093,
test_045094,
test_045095,
test_045096,
test_045097,
test_045098,
test_045099,
test_045100,
test_045101,
test_045102,
test_045103,
test_045104,
test_045105,
test_045106,
test_045107,
test_045108,
test_045109,
test_045110,
test_045111,
test_045112,
test_045113,
test_045114,
test_045115,
test_045116,
test_045117,
test_045118,
test_045119,
test_045120,
test_045121,
test_045122,
test_045123,
test_045124,
test_045125,
test_045126,
test_045127,
test_045128,
test_045129,
test_045130,
test_045131,
test_045132,
test_045133,
test_045134,
test_045135,
test_045136,
test_045137,
test_045138,
test_045139,
test_045140,
test_045141,
test_045142,
test_045143,
test_045144,
test_045145,
test_045146,
test_045147,
test_045148,
test_045149,
test_045150,
test_045151,
test_045152,
test_045153,
test_045154,
test_045155,
test_045156,
test_045157,
test_045158,
test_045159,
test_045160,
test_045161,
test_045162,
test_045163,
test_045164,
test_045165,
test_045166,
test_045167,
test_045168,
test_045169,
test_045170,
test_045171,
test_045172,
test_045173,
test_045174,
test_045175,
test_045176,
test_045177,
test_045178,
test_045179,
test_045180,
test_045181,
test_045182,
test_045183,
test_045184,
test_045185,
test_045186,
test_045187,
test_045188,
test_045189,
test_045190,
test_045191,
test_045192,
test_045193,
test_045194,
test_045195,
test_045196,
test_045197,
test_045198,
test_045199,
test_045200,
test_045201,
test_045202,
test_045203,
test_045204,
test_045205,
test_045206,
test_045207,
test_045208,
test_045209,
test_045210,
test_045211,
test_045212,
test_045213,
test_045214,
test_045215,
test_045216,
test_045217,
test_045218,
test_045219,
test_045220,
test_045221,
test_045222,
test_045223,
test_045224,
test_045225,
test_045226,
test_045227,
test_045228,
test_045229,
test_045230,
test_045231,
test_045232,
test_045233,
test_045234,
test_045235,
test_045236,
test_045237,
test_045238,
test_045239,
test_045240,
test_045241,
test_045242,
test_045243,
test_045244,
test_045245,
test_045246,
test_045247,
test_045248,
test_045249,
test_045250,
test_045251,
test_045252,
test_045253,
test_045254,
test_045255,
test_045256,
test_045257,
test_045258,
test_045259,
test_045260,
test_045261,
test_045262,
test_045263,
test_045264,
test_045265,
test_045266,
test_045267,
test_045268,
test_045269,
test_045270,
test_045271,
test_045272,
test_045273,
test_045274,
test_045275,
test_045276,
test_045277,
test_045278,
test_045279,
test_045280,
test_045281,
test_045282,
test_045283,
test_045284,
test_045285,
test_045286,
test_045287,
test_045288,
test_045289,
test_045290,
test_045291,
test_045292,
test_045293,
test_045294,
test_045295,
test_045296,
test_045297,
test_045298,
test_045299,
test_045300,
test_045301,
test_045302,
test_045303,
test_045304,
test_045305,
test_045306,
test_045307,
test_045308,
test_045309,
test_045310,
test_045311,
test_045312,
test_045313,
test_045314,
test_045315,
test_045316,
test_045317,
test_045318,
test_045319,
test_045320,
test_045321,
test_045322,
test_045323,
test_045324,
test_045325,
test_045326,
test_045327,
test_045328,
test_045329,
test_045330,
test_045331,
test_045332,
test_045333,
test_045334,
test_045335,
test_045336,
test_045337,
test_045338,
test_045339,
test_045340,
test_045341,
test_045342,
test_045343,
test_045344,
test_045345,
test_045346,
test_045347,
test_045348,
test_045349,
test_045350,
test_045351,
test_045352,
test_045353,
test_045354,
test_045355,
test_045356,
test_045357,
test_045358,
test_045359,
test_045360,
test_045361,
test_045362,
test_045363,
test_045364,
test_045365,
test_045366,
test_045367,
test_045368,
test_045369,
test_045370,
test_045371,
test_045372,
test_045373,
test_045374,
test_045375,
test_045376,
test_045377,
test_045378,
test_045379,
test_045380,
test_045381,
test_045382,
test_045383,
test_045384,
test_045385,
test_045386,
test_045387,
test_045388,
test_045389,
test_045390,
test_045391,
test_045392,
test_045393,
test_045394,
test_045395,
test_045396,
test_045397,
test_045398,
test_045399,
test_045400,
test_045401,
test_045402,
test_045403,
test_045404,
test_045405,
test_045406,
test_045407,
test_045408,
test_045409,
test_045410,
test_045411,
test_045412,
test_045413,
test_045414,
test_045415,
test_045416,
test_045417,
test_045418,
test_045419,
test_045420,
test_045421,
test_045422,
test_045423,
test_045424,
test_045425,
test_045426,
test_045427,
test_045428,
test_045429,
test_045430,
test_045431,
test_045432,
test_045433,
test_045434,
test_045435,
test_045436,
test_045437,
test_045438,
test_045439,
test_045440,
test_045441,
test_045442,
test_045443,
test_045444,
test_045445,
test_045446,
test_045447,
test_045448,
test_045449,
test_045450,
test_045451,
test_045452,
test_045453,
test_045454,
test_045455,
test_045456,
test_045457,
test_045458,
test_045459,
test_045460,
test_045461,
test_045462,
test_045463,
test_045464,
test_045465,
test_045466,
test_045467,
test_045468,
test_045469,
test_045470,
test_045471,
test_045472,
test_045473,
test_045474,
test_045475,
test_045476,
test_045477,
test_045478,
test_045479,
test_045480,
test_045481,
test_045482,
test_045483,
test_045484,
test_045485,
test_045486,
test_045487,
test_045488,
test_045489,
test_045490,
test_045491,
test_045492,
test_045493,
test_045494,
test_045495,
test_045496,
test_045497,
test_045498,
test_045499,
test_045500,
test_045501,
test_045502,
test_045503,
test_045504,
test_045505,
test_045506,
test_045507,
test_045508,
test_045509,
test_045510,
test_045511,
test_045512,
test_045513,
test_045514,
test_045515,
test_045516,
test_045517,
test_045518,
test_045519,
test_045520,
test_045521,
test_045522,
test_045523,
test_045524,
test_045525,
test_045526,
test_045527,
test_045528,
test_045529,
test_045530,
test_045531,
test_045532,
test_045533,
test_045534,
test_045535,
test_045536,
test_045537,
test_045538,
test_045539,
test_045540,
test_045541,
test_045542,
test_045543,
test_045544,
test_045545,
test_045546,
test_045547,
test_045548,
test_045549,
test_045550,
test_045551,
test_045552,
test_045553,
test_045554,
test_045555,
test_045556,
test_045557,
test_045558,
test_045559,
test_045560,
test_045561,
test_045562,
test_045563,
test_045564,
test_045565,
test_045566,
test_045567,
test_045568,
test_045569,
test_045570,
test_045571,
test_045572,
test_045573,
test_045574,
test_045575,
test_045576,
test_045577,
test_045578,
test_045579,
test_045580,
test_045581,
test_045582,
test_045583,
test_045584,
test_045585,
test_045586,
test_045587,
test_045588,
test_045589,
test_045590,
test_045591,
test_045592,
test_045593,
test_045594,
test_045595,
test_045596,
test_045597,
test_045598,
test_045599,
test_045600,
test_045601,
test_045602,
test_045603,
test_045604,
test_045605,
test_045606,
test_045607,
test_045608,
test_045609,
test_045610,
test_045611,
test_045612,
test_045613,
test_045614,
test_045615,
test_045616,
test_045617,
test_045618,
test_045619,
test_045620,
test_045621,
test_045622,
test_045623,
test_045624,
test_045625,
test_045626,
test_045627,
test_045628,
test_045629,
test_045630,
test_045631,
test_045632,
test_045633,
test_045634,
test_045635,
test_045636,
test_045637,
test_045638,
test_045639,
test_045640,
test_045641,
test_045642,
test_045643,
test_045644,
test_045645,
test_045646,
test_045647,
test_045648,
test_045649,
test_045650,
test_045651,
test_045652,
test_045653,
test_045654,
test_045655,
test_045656,
test_045657,
test_045658,
test_045659,
test_045660,
test_045661,
test_045662,
test_045663,
test_045664,
test_045665,
test_045666,
test_045667,
test_045668,
test_045669,
test_045670,
test_045671,
test_045672,
test_045673,
test_045674,
test_045675,
test_045676,
test_045677,
test_045678,
test_045679,
test_045680,
test_045681,
test_045682,
test_045683,
test_045684,
test_045685,
test_045686,
test_045687,
test_045688,
test_045689,
test_045690,
test_045691,
test_045692,
test_045693,
test_045694,
test_045695,
test_045696,
test_045697,
test_045698,
test_045699,
test_045700,
test_045701,
test_045702,
test_045703,
test_045704,
test_045705,
test_045706,
test_045707,
test_045708,
test_045709,
test_045710,
test_045711,
test_045712,
test_045713,
test_045714,
test_045715,
test_045716,
test_045717,
test_045718,
test_045719,
test_045720,
test_045721,
test_045722,
test_045723,
test_045724,
test_045725,
test_045726,
test_045727,
test_045728,
test_045729,
test_045730,
test_045731,
test_045732,
test_045733,
test_045734,
test_045735,
test_045736,
test_045737,
test_045738,
test_045739,
test_045740,
test_045741,
test_045742,
test_045743,
test_045744,
test_045745,
test_045746,
test_045747,
test_045748,
test_045749,
test_045750,
test_045751,
test_045752,
test_045753,
test_045754,
test_045755,
test_045756,
test_045757,
test_045758,
test_045759,
test_045760,
test_045761,
test_045762,
test_045763,
test_045764,
test_045765,
test_045766,
test_045767,
test_045768,
test_045769,
test_045770,
test_045771,
test_045772,
test_045773,
test_045774,
test_045775,
test_045776,
test_045777,
test_045778,
test_045779,
test_045780,
test_045781,
test_045782,
test_045783,
test_045784,
test_045785,
test_045786,
test_045787,
test_045788,
test_045789,
test_045790,
test_045791,
test_045792,
test_045793,
test_045794,
test_045795,
test_045796,
test_045797,
test_045798,
test_045799,
test_045800,
test_045801,
test_045802,
test_045803,
test_045804,
test_045805,
test_045806,
test_045807,
test_045808,
test_045809,
test_045810,
test_045811,
test_045812,
test_045813,
test_045814,
test_045815,
test_045816,
test_045817,
test_045818,
test_045819,
test_045820,
test_045821,
test_045822,
test_045823,
test_045824,
test_045825,
test_045826,
test_045827,
test_045828,
test_045829,
test_045830,
test_045831,
test_045832,
test_045833,
test_045834,
test_045835,
test_045836,
test_045837,
test_045838,
test_045839,
test_045840,
test_045841,
test_045842,
test_045843,
test_045844,
test_045845,
test_045846,
test_045847,
test_045848,
test_045849,
test_045850,
test_045851,
test_045852,
test_045853,
test_045854,
test_045855,
test_045856,
test_045857,
test_045858,
test_045859,
test_045860,
test_045861,
test_045862,
test_045863,
test_045864,
test_045865,
test_045866,
test_045867,
test_045868,
test_045869,
test_045870,
test_045871,
test_045872,
test_045873,
test_045874,
test_045875,
test_045876,
test_045877,
test_045878,
test_045879,
test_045880,
test_045881,
test_045882,
test_045883,
test_045884,
test_045885,
test_045886,
test_045887,
test_045888,
test_045889,
test_045890,
test_045891,
test_045892,
test_045893,
test_045894,
test_045895,
test_045896,
test_045897,
test_045898,
test_045899,
test_045900,
test_045901,
test_045902,
test_045903,
test_045904,
test_045905,
test_045906,
test_045907,
test_045908,
test_045909,
test_045910,
test_045911,
test_045912,
test_045913,
test_045914,
test_045915,
test_045916,
test_045917,
test_045918,
test_045919,
test_045920,
test_045921,
test_045922,
test_045923,
test_045924,
test_045925,
test_045926,
test_045927,
test_045928,
test_045929,
test_045930,
test_045931,
test_045932,
test_045933,
test_045934,
test_045935,
test_045936,
test_045937,
test_045938,
test_045939,
test_045940,
test_045941,
test_045942,
test_045943,
test_045944,
test_045945,
test_045946,
test_045947,
test_045948,
test_045949,
test_045950,
test_045951,
test_045952,
test_045953,
test_045954,
test_045955,
test_045956,
test_045957,
test_045958,
test_045959,
test_045960,
test_045961,
test_045962,
test_045963,
test_045964,
test_045965,
test_045966,
test_045967,
test_045968,
test_045969,
test_045970,
test_045971,
test_045972,
test_045973,
test_045974,
test_045975,
test_045976,
test_045977,
test_045978,
test_045979,
test_045980,
test_045981,
test_045982,
test_045983,
test_045984,
test_045985,
test_045986,
test_045987,
test_045988,
test_045989,
test_045990,
test_045991,
test_045992,
test_045993,
test_045994,
test_045995,
test_045996,
test_045997,
test_045998,
test_045999,
test_046000,
test_046001,
test_046002,
test_046003,
test_046004,
test_046005,
test_046006,
test_046007,
test_046008,
test_046009,
test_046010,
test_046011,
test_046012,
test_046013,
test_046014,
test_046015,
test_046016,
test_046017,
test_046018,
test_046019,
test_046020,
test_046021,
test_046022,
test_046023,
test_046024,
test_046025,
test_046026,
test_046027,
test_046028,
test_046029,
test_046030,
test_046031,
test_046032,
test_046033,
test_046034,
test_046035,
test_046036,
test_046037,
test_046038,
test_046039,
test_046040,
test_046041,
test_046042,
test_046043,
test_046044,
test_046045,
test_046046,
test_046047,
test_046048,
test_046049,
test_046050,
test_046051,
test_046052,
test_046053,
test_046054,
test_046055,
test_046056,
test_046057,
test_046058,
test_046059,
test_046060,
test_046061,
test_046062,
test_046063,
test_046064,
test_046065,
test_046066,
test_046067,
test_046068,
test_046069,
test_046070,
test_046071,
test_046072,
test_046073,
test_046074,
test_046075,
test_046076,
test_046077,
test_046078,
test_046079,
test_046080,
test_046081,
test_046082,
test_046083,
test_046084,
test_046085,
test_046086,
test_046087,
test_046088,
test_046089,
test_046090,
test_046091,
test_046092,
test_046093,
test_046094,
test_046095,
test_046096,
test_046097,
test_046098,
test_046099,
test_046100,
test_046101,
test_046102,
test_046103,
test_046104,
test_046105,
test_046106,
test_046107,
test_046108,
test_046109,
test_046110,
test_046111,
test_046112,
test_046113,
test_046114,
test_046115,
test_046116,
test_046117,
test_046118,
test_046119,
test_046120,
test_046121,
test_046122,
test_046123,
test_046124,
test_046125,
test_046126,
test_046127,
test_046128,
test_046129,
test_046130,
test_046131,
test_046132,
test_046133,
test_046134,
test_046135,
test_046136,
test_046137,
test_046138,
test_046139,
test_046140,
test_046141,
test_046142,
test_046143,
test_046144,
test_046145,
test_046146,
test_046147,
test_046148,
test_046149,
test_046150,
test_046151,
test_046152,
test_046153,
test_046154,
test_046155,
test_046156,
test_046157,
test_046158,
test_046159,
test_046160,
test_046161,
test_046162,
test_046163,
test_046164,
test_046165,
test_046166,
test_046167,
test_046168,
test_046169,
test_046170,
test_046171,
test_046172,
test_046173,
test_046174,
test_046175,
test_046176,
test_046177,
test_046178,
test_046179,
test_046180,
test_046181,
test_046182,
test_046183,
test_046184,
test_046185,
test_046186,
test_046187,
test_046188,
test_046189,
test_046190,
test_046191,
test_046192,
test_046193,
test_046194,
test_046195,
test_046196,
test_046197,
test_046198,
test_046199,
test_046200,
test_046201,
test_046202,
test_046203,
test_046204,
test_046205,
test_046206,
test_046207,
test_046208,
test_046209,
test_046210,
test_046211,
test_046212,
test_046213,
test_046214,
test_046215,
test_046216,
test_046217,
test_046218,
test_046219,
test_046220,
test_046221,
test_046222,
test_046223,
test_046224,
test_046225,
test_046226,
test_046227,
test_046228,
test_046229,
test_046230,
test_046231,
test_046232,
test_046233,
test_046234,
test_046235,
test_046236,
test_046237,
test_046238,
test_046239,
test_046240,
test_046241,
test_046242,
test_046243,
test_046244,
test_046245,
test_046246,
test_046247,
test_046248,
test_046249,
test_046250,
test_046251,
test_046252,
test_046253,
test_046254,
test_046255,
test_046256,
test_046257,
test_046258,
test_046259,
test_046260,
test_046261,
test_046262,
test_046263,
test_046264,
test_046265,
test_046266,
test_046267,
test_046268,
test_046269,
test_046270,
test_046271,
test_046272,
test_046273,
test_046274,
test_046275,
test_046276,
test_046277,
test_046278,
test_046279,
test_046280,
test_046281,
test_046282,
test_046283,
test_046284,
test_046285,
test_046286,
test_046287,
test_046288,
test_046289,
test_046290,
test_046291,
test_046292,
test_046293,
test_046294,
test_046295,
test_046296,
test_046297,
test_046298,
test_046299,
test_046300,
test_046301,
test_046302,
test_046303,
test_046304,
test_046305,
test_046306,
test_046307,
test_046308,
test_046309,
test_046310,
test_046311,
test_046312,
test_046313,
test_046314,
test_046315,
test_046316,
test_046317,
test_046318,
test_046319,
test_046320,
test_046321,
test_046322,
test_046323,
test_046324,
test_046325,
test_046326,
test_046327,
test_046328,
test_046329,
test_046330,
test_046331,
test_046332,
test_046333,
test_046334,
test_046335,
test_046336,
test_046337,
test_046338,
test_046339,
test_046340,
test_046341,
test_046342,
test_046343,
test_046344,
test_046345,
test_046346,
test_046347,
test_046348,
test_046349,
test_046350,
test_046351,
test_046352,
test_046353,
test_046354,
test_046355,
test_046356,
test_046357,
test_046358,
test_046359,
test_046360,
test_046361,
test_046362,
test_046363,
test_046364,
test_046365,
test_046366,
test_046367,
test_046368,
test_046369,
test_046370,
test_046371,
test_046372,
test_046373,
test_046374,
test_046375,
test_046376,
test_046377,
test_046378,
test_046379,
test_046380,
test_046381,
test_046382,
test_046383,
test_046384,
test_046385,
test_046386,
test_046387,
test_046388,
test_046389,
test_046390,
test_046391,
test_046392,
test_046393,
test_046394,
test_046395,
test_046396,
test_046397,
test_046398,
test_046399,
test_046400,
test_046401,
test_046402,
test_046403,
test_046404,
test_046405,
test_046406,
test_046407,
test_046408,
test_046409,
test_046410,
test_046411,
test_046412,
test_046413,
test_046414,
test_046415,
test_046416,
test_046417,
test_046418,
test_046419,
test_046420,
test_046421,
test_046422,
test_046423,
test_046424,
test_046425,
test_046426,
test_046427,
test_046428,
test_046429,
test_046430,
test_046431,
test_046432,
test_046433,
test_046434,
test_046435,
test_046436,
test_046437,
test_046438,
test_046439,
test_046440,
test_046441,
test_046442,
test_046443,
test_046444,
test_046445,
test_046446,
test_046447,
test_046448,
test_046449,
test_046450,
test_046451,
test_046452,
test_046453,
test_046454,
test_046455,
test_046456,
test_046457,
test_046458,
test_046459,
test_046460,
test_046461,
test_046462,
test_046463,
test_046464,
test_046465,
test_046466,
test_046467,
test_046468,
test_046469,
test_046470,
test_046471,
test_046472,
test_046473,
test_046474,
test_046475,
test_046476,
test_046477,
test_046478,
test_046479,
test_046480,
test_046481,
test_046482,
test_046483,
test_046484,
test_046485,
test_046486,
test_046487,
test_046488,
test_046489,
test_046490,
test_046491,
test_046492,
test_046493,
test_046494,
test_046495,
test_046496,
test_046497,
test_046498,
test_046499,
test_046500,
test_046501,
test_046502,
test_046503,
test_046504,
test_046505,
test_046506,
test_046507,
test_046508,
test_046509,
test_046510,
test_046511,
test_046512,
test_046513,
test_046514,
test_046515,
test_046516,
test_046517,
test_046518,
test_046519,
test_046520,
test_046521,
test_046522,
test_046523,
test_046524,
test_046525,
test_046526,
test_046527,
test_046528,
test_046529,
test_046530,
test_046531,
test_046532,
test_046533,
test_046534,
test_046535,
test_046536,
test_046537,
test_046538,
test_046539,
test_046540,
test_046541,
test_046542,
test_046543,
test_046544,
test_046545,
test_046546,
test_046547,
test_046548,
test_046549,
test_046550,
test_046551,
test_046552,
test_046553,
test_046554,
test_046555,
test_046556,
test_046557,
test_046558,
test_046559,
test_046560,
test_046561,
test_046562,
test_046563,
test_046564,
test_046565,
test_046566,
test_046567,
test_046568,
test_046569,
test_046570,
test_046571,
test_046572,
test_046573,
test_046574,
test_046575,
test_046576,
test_046577,
test_046578,
test_046579,
test_046580,
test_046581,
test_046582,
test_046583,
test_046584,
test_046585,
test_046586,
test_046587,
test_046588,
test_046589,
test_046590,
test_046591,
test_046592,
test_046593,
test_046594,
test_046595,
test_046596,
test_046597,
test_046598,
test_046599,
test_046600,
test_046601,
test_046602,
test_046603,
test_046604,
test_046605,
test_046606,
test_046607,
test_046608,
test_046609,
test_046610,
test_046611,
test_046612,
test_046613,
test_046614,
test_046615,
test_046616,
test_046617,
test_046618,
test_046619,
test_046620,
test_046621,
test_046622,
test_046623,
test_046624,
test_046625,
test_046626,
test_046627,
test_046628,
test_046629,
test_046630,
test_046631,
test_046632,
test_046633,
test_046634,
test_046635,
test_046636,
test_046637,
test_046638,
test_046639,
test_046640,
test_046641,
test_046642,
test_046643,
test_046644,
test_046645,
test_046646,
test_046647,
test_046648,
test_046649,
test_046650,
test_046651,
test_046652,
test_046653,
test_046654,
test_046655,
test_046656,
test_046657,
test_046658,
test_046659,
test_046660,
test_046661,
test_046662,
test_046663,
test_046664,
test_046665,
test_046666,
test_046667,
test_046668,
test_046669,
test_046670,
test_046671,
test_046672,
test_046673,
test_046674,
test_046675,
test_046676,
test_046677,
test_046678,
test_046679,
test_046680,
test_046681,
test_046682,
test_046683,
test_046684,
test_046685,
test_046686,
test_046687,
test_046688,
test_046689,
test_046690,
test_046691,
test_046692,
test_046693,
test_046694,
test_046695,
test_046696,
test_046697,
test_046698,
test_046699,
test_046700,
test_046701,
test_046702,
test_046703,
test_046704,
test_046705,
test_046706,
test_046707,
test_046708,
test_046709,
test_046710,
test_046711,
test_046712,
test_046713,
test_046714,
test_046715,
test_046716,
test_046717,
test_046718,
test_046719,
test_046720,
test_046721,
test_046722,
test_046723,
test_046724,
test_046725,
test_046726,
test_046727,
test_046728,
test_046729,
test_046730,
test_046731,
test_046732,
test_046733,
test_046734,
test_046735,
test_046736,
test_046737,
test_046738,
test_046739,
test_046740,
test_046741,
test_046742,
test_046743,
test_046744,
test_046745,
test_046746,
test_046747,
test_046748,
test_046749,
test_046750,
test_046751,
test_046752,
test_046753,
test_046754,
test_046755,
test_046756,
test_046757,
test_046758,
test_046759,
test_046760,
test_046761,
test_046762,
test_046763,
test_046764,
test_046765,
test_046766,
test_046767,
test_046768,
test_046769,
test_046770,
test_046771,
test_046772,
test_046773,
test_046774,
test_046775,
test_046776,
test_046777,
test_046778,
test_046779,
test_046780,
test_046781,
test_046782,
test_046783,
test_046784,
test_046785,
test_046786,
test_046787,
test_046788,
test_046789,
test_046790,
test_046791,
test_046792,
test_046793,
test_046794,
test_046795,
test_046796,
test_046797,
test_046798,
test_046799,
test_046800,
test_046801,
test_046802,
test_046803,
test_046804,
test_046805,
test_046806,
test_046807,
test_046808,
test_046809,
test_046810,
test_046811,
test_046812,
test_046813,
test_046814,
test_046815,
test_046816,
test_046817,
test_046818,
test_046819,
test_046820,
test_046821,
test_046822,
test_046823,
test_046824,
test_046825,
test_046826,
test_046827,
test_046828,
test_046829,
test_046830,
test_046831,
test_046832,
test_046833,
test_046834,
test_046835,
test_046836,
test_046837,
test_046838,
test_046839,
test_046840,
test_046841,
test_046842,
test_046843,
test_046844,
test_046845,
test_046846,
test_046847,
test_046848,
test_046849,
test_046850,
test_046851,
test_046852,
test_046853,
test_046854,
test_046855,
test_046856,
test_046857,
test_046858,
test_046859,
test_046860,
test_046861,
test_046862,
test_046863,
test_046864,
test_046865,
test_046866,
test_046867,
test_046868,
test_046869,
test_046870,
test_046871,
test_046872,
test_046873,
test_046874,
test_046875,
test_046876,
test_046877,
test_046878,
test_046879,
test_046880,
test_046881,
test_046882,
test_046883,
test_046884,
test_046885,
test_046886,
test_046887,
test_046888,
test_046889,
test_046890,
test_046891,
test_046892,
test_046893,
test_046894,
test_046895,
test_046896,
test_046897,
test_046898,
test_046899,
test_046900,
test_046901,
test_046902,
test_046903,
test_046904,
test_046905,
test_046906,
test_046907,
test_046908,
test_046909,
test_046910,
test_046911,
test_046912,
test_046913,
test_046914,
test_046915,
test_046916,
test_046917,
test_046918,
test_046919,
test_046920,
test_046921,
test_046922,
test_046923,
test_046924,
test_046925,
test_046926,
test_046927,
test_046928,
test_046929,
test_046930,
test_046931,
test_046932,
test_046933,
test_046934,
test_046935,
test_046936,
test_046937,
test_046938,
test_046939,
test_046940,
test_046941,
test_046942,
test_046943,
test_046944,
test_046945,
test_046946,
test_046947,
test_046948,
test_046949,
test_046950,
test_046951,
test_046952,
test_046953,
test_046954,
test_046955,
test_046956,
test_046957,
test_046958,
test_046959,
test_046960,
test_046961,
test_046962,
test_046963,
test_046964,
test_046965,
test_046966,
test_046967,
test_046968,
test_046969,
test_046970,
test_046971,
test_046972,
test_046973,
test_046974,
test_046975,
test_046976,
test_046977,
test_046978,
test_046979,
test_046980,
test_046981,
test_046982,
test_046983,
test_046984,
test_046985,
test_046986,
test_046987,
test_046988,
test_046989,
test_046990,
test_046991,
test_046992,
test_046993,
test_046994,
test_046995,
test_046996,
test_046997,
test_046998,
test_046999,
test_047000,
test_047001,
test_047002,
test_047003,
test_047004,
test_047005,
test_047006,
test_047007,
test_047008,
test_047009,
test_047010,
test_047011,
test_047012,
test_047013,
test_047014,
test_047015,
test_047016,
test_047017,
test_047018,
test_047019,
test_047020,
test_047021,
test_047022,
test_047023,
test_047024,
test_047025,
test_047026,
test_047027,
test_047028,
test_047029,
test_047030,
test_047031,
test_047032,
test_047033,
test_047034,
test_047035,
test_047036,
test_047037,
test_047038,
test_047039,
test_047040,
test_047041,
test_047042,
test_047043,
test_047044,
test_047045,
test_047046,
test_047047,
test_047048,
test_047049,
test_047050,
test_047051,
test_047052,
test_047053,
test_047054,
test_047055,
test_047056,
test_047057,
test_047058,
test_047059,
test_047060,
test_047061,
test_047062,
test_047063,
test_047064,
test_047065,
test_047066,
test_047067,
test_047068,
test_047069,
test_047070,
test_047071,
test_047072,
test_047073,
test_047074,
test_047075,
test_047076,
test_047077,
test_047078,
test_047079,
test_047080,
test_047081,
test_047082,
test_047083,
test_047084,
test_047085,
test_047086,
test_047087,
test_047088,
test_047089,
test_047090,
test_047091,
test_047092,
test_047093,
test_047094,
test_047095,
test_047096,
test_047097,
test_047098,
test_047099,
test_047100,
test_047101,
test_047102,
test_047103,
test_047104,
test_047105,
test_047106,
test_047107,
test_047108,
test_047109,
test_047110,
test_047111,
test_047112,
test_047113,
test_047114,
test_047115,
test_047116,
test_047117,
test_047118,
test_047119,
test_047120,
test_047121,
test_047122,
test_047123,
test_047124,
test_047125,
test_047126,
test_047127,
test_047128,
test_047129,
test_047130,
test_047131,
test_047132,
test_047133,
test_047134,
test_047135,
test_047136,
test_047137,
test_047138,
test_047139,
test_047140,
test_047141,
test_047142,
test_047143,
test_047144,
test_047145,
test_047146,
test_047147,
test_047148,
test_047149,
test_047150,
test_047151,
test_047152,
test_047153,
test_047154,
test_047155,
test_047156,
test_047157,
test_047158,
test_047159,
test_047160,
test_047161,
test_047162,
test_047163,
test_047164,
test_047165,
test_047166,
test_047167,
test_047168,
test_047169,
test_047170,
test_047171,
test_047172,
test_047173,
test_047174,
test_047175,
test_047176,
test_047177,
test_047178,
test_047179,
test_047180,
test_047181,
test_047182,
test_047183,
test_047184,
test_047185,
test_047186,
test_047187,
test_047188,
test_047189,
test_047190,
test_047191,
test_047192,
test_047193,
test_047194,
test_047195,
test_047196,
test_047197,
test_047198,
test_047199,
test_047200,
test_047201,
test_047202,
test_047203,
test_047204,
test_047205,
test_047206,
test_047207,
test_047208,
test_047209,
test_047210,
test_047211,
test_047212,
test_047213,
test_047214,
test_047215,
test_047216,
test_047217,
test_047218,
test_047219,
test_047220,
test_047221,
test_047222,
test_047223,
test_047224,
test_047225,
test_047226,
test_047227,
test_047228,
test_047229,
test_047230,
test_047231,
test_047232,
test_047233,
test_047234,
test_047235,
test_047236,
test_047237,
test_047238,
test_047239,
test_047240,
test_047241,
test_047242,
test_047243,
test_047244,
test_047245,
test_047246,
test_047247,
test_047248,
test_047249,
test_047250,
test_047251,
test_047252,
test_047253,
test_047254,
test_047255,
test_047256,
test_047257,
test_047258,
test_047259,
test_047260,
test_047261,
test_047262,
test_047263,
test_047264,
test_047265,
test_047266,
test_047267,
test_047268,
test_047269,
test_047270,
test_047271,
test_047272,
test_047273,
test_047274,
test_047275,
test_047276,
test_047277,
test_047278,
test_047279,
test_047280,
test_047281,
test_047282,
test_047283,
test_047284,
test_047285,
test_047286,
test_047287,
test_047288,
test_047289,
test_047290,
test_047291,
test_047292,
test_047293,
test_047294,
test_047295,
test_047296,
test_047297,
test_047298,
test_047299,
test_047300,
test_047301,
test_047302,
test_047303,
test_047304,
test_047305,
test_047306,
test_047307,
test_047308,
test_047309,
test_047310,
test_047311,
test_047312,
test_047313,
test_047314,
test_047315,
test_047316,
test_047317,
test_047318,
test_047319,
test_047320,
test_047321,
test_047322,
test_047323,
test_047324,
test_047325,
test_047326,
test_047327,
test_047328,
test_047329,
test_047330,
test_047331,
test_047332,
test_047333,
test_047334,
test_047335,
test_047336,
test_047337,
test_047338,
test_047339,
test_047340,
test_047341,
test_047342,
test_047343,
test_047344,
test_047345,
test_047346,
test_047347,
test_047348,
test_047349,
test_047350,
test_047351,
test_047352,
test_047353,
test_047354,
test_047355,
test_047356,
test_047357,
test_047358,
test_047359,
test_047360,
test_047361,
test_047362,
test_047363,
test_047364,
test_047365,
test_047366,
test_047367,
test_047368,
test_047369,
test_047370,
test_047371,
test_047372,
test_047373,
test_047374,
test_047375,
test_047376,
test_047377,
test_047378,
test_047379,
test_047380,
test_047381,
test_047382,
test_047383,
test_047384,
test_047385,
test_047386,
test_047387,
test_047388,
test_047389,
test_047390,
test_047391,
test_047392,
test_047393,
test_047394,
test_047395,
test_047396,
test_047397,
test_047398,
test_047399,
test_047400,
test_047401,
test_047402,
test_047403,
test_047404,
test_047405,
test_047406,
test_047407,
test_047408,
test_047409,
test_047410,
test_047411,
test_047412,
test_047413,
test_047414,
test_047415,
test_047416,
test_047417,
test_047418,
test_047419,
test_047420,
test_047421,
test_047422,
test_047423,
test_047424,
test_047425,
test_047426,
test_047427,
test_047428,
test_047429,
test_047430,
test_047431,
test_047432,
test_047433,
test_047434,
test_047435,
test_047436,
test_047437,
test_047438,
test_047439,
test_047440,
test_047441,
test_047442,
test_047443,
test_047444,
test_047445,
test_047446,
test_047447,
test_047448,
test_047449,
test_047450,
test_047451,
test_047452,
test_047453,
test_047454,
test_047455,
test_047456,
test_047457,
test_047458,
test_047459,
test_047460,
test_047461,
test_047462,
test_047463,
test_047464,
test_047465,
test_047466,
test_047467,
test_047468,
test_047469,
test_047470,
test_047471,
test_047472,
test_047473,
test_047474,
test_047475,
test_047476,
test_047477,
test_047478,
test_047479,
test_047480,
test_047481,
test_047482,
test_047483,
test_047484,
test_047485,
test_047486,
test_047487,
test_047488,
test_047489,
test_047490,
test_047491,
test_047492,
test_047493,
test_047494,
test_047495,
test_047496,
test_047497,
test_047498,
test_047499,
test_047500,
test_047501,
test_047502,
test_047503,
test_047504,
test_047505,
test_047506,
test_047507,
test_047508,
test_047509,
test_047510,
test_047511,
test_047512,
test_047513,
test_047514,
test_047515,
test_047516,
test_047517,
test_047518,
test_047519,
test_047520,
test_047521,
test_047522,
test_047523,
test_047524,
test_047525,
test_047526,
test_047527,
test_047528,
test_047529,
test_047530,
test_047531,
test_047532,
test_047533,
test_047534,
test_047535,
test_047536,
test_047537,
test_047538,
test_047539,
test_047540,
test_047541,
test_047542,
test_047543,
test_047544,
test_047545,
test_047546,
test_047547,
test_047548,
test_047549,
test_047550,
test_047551,
test_047552,
test_047553,
test_047554,
test_047555,
test_047556,
test_047557,
test_047558,
test_047559,
test_047560,
test_047561,
test_047562,
test_047563,
test_047564,
test_047565,
test_047566,
test_047567,
test_047568,
test_047569,
test_047570,
test_047571,
test_047572,
test_047573,
test_047574,
test_047575,
test_047576,
test_047577,
test_047578,
test_047579,
test_047580,
test_047581,
test_047582,
test_047583,
test_047584,
test_047585,
test_047586,
test_047587,
test_047588,
test_047589,
test_047590,
test_047591,
test_047592,
test_047593,
test_047594,
test_047595,
test_047596,
test_047597,
test_047598,
test_047599,
test_047600,
test_047601,
test_047602,
test_047603,
test_047604,
test_047605,
test_047606,
test_047607,
test_047608,
test_047609,
test_047610,
test_047611,
test_047612,
test_047613,
test_047614,
test_047615,
test_047616,
test_047617,
test_047618,
test_047619,
test_047620,
test_047621,
test_047622,
test_047623,
test_047624,
test_047625,
test_047626,
test_047627,
test_047628,
test_047629,
test_047630,
test_047631,
test_047632,
test_047633,
test_047634,
test_047635,
test_047636,
test_047637,
test_047638,
test_047639,
test_047640,
test_047641,
test_047642,
test_047643,
test_047644,
test_047645,
test_047646,
test_047647,
test_047648,
test_047649,
test_047650,
test_047651,
test_047652,
test_047653,
test_047654,
test_047655,
test_047656,
test_047657,
test_047658,
test_047659,
test_047660,
test_047661,
test_047662,
test_047663,
test_047664,
test_047665,
test_047666,
test_047667,
test_047668,
test_047669,
test_047670,
test_047671,
test_047672,
test_047673,
test_047674,
test_047675,
test_047676,
test_047677,
test_047678,
test_047679,
test_047680,
test_047681,
test_047682,
test_047683,
test_047684,
test_047685,
test_047686,
test_047687,
test_047688,
test_047689,
test_047690,
test_047691,
test_047692,
test_047693,
test_047694,
test_047695,
test_047696,
test_047697,
test_047698,
test_047699,
test_047700,
test_047701,
test_047702,
test_047703,
test_047704,
test_047705,
test_047706,
test_047707,
test_047708,
test_047709,
test_047710,
test_047711,
test_047712,
test_047713,
test_047714,
test_047715,
test_047716,
test_047717,
test_047718,
test_047719,
test_047720,
test_047721,
test_047722,
test_047723,
test_047724,
test_047725,
test_047726,
test_047727,
test_047728,
test_047729,
test_047730,
test_047731,
test_047732,
test_047733,
test_047734,
test_047735,
test_047736,
test_047737,
test_047738,
test_047739,
test_047740,
test_047741,
test_047742,
test_047743,
test_047744,
test_047745,
test_047746,
test_047747,
test_047748,
test_047749,
test_047750,
test_047751,
test_047752,
test_047753,
test_047754,
test_047755,
test_047756,
test_047757,
test_047758,
test_047759,
test_047760,
test_047761,
test_047762,
test_047763,
test_047764,
test_047765,
test_047766,
test_047767,
test_047768,
test_047769,
test_047770,
test_047771,
test_047772,
test_047773,
test_047774,
test_047775,
test_047776,
test_047777,
test_047778,
test_047779,
test_047780,
test_047781,
test_047782,
test_047783,
test_047784,
test_047785,
test_047786,
test_047787,
test_047788,
test_047789,
test_047790,
test_047791,
test_047792,
test_047793,
test_047794,
test_047795,
test_047796,
test_047797,
test_047798,
test_047799,
test_047800,
test_047801,
test_047802,
test_047803,
test_047804,
test_047805,
test_047806,
test_047807,
test_047808,
test_047809,
test_047810,
test_047811,
test_047812,
test_047813,
test_047814,
test_047815,
test_047816,
test_047817,
test_047818,
test_047819,
test_047820,
test_047821,
test_047822,
test_047823,
test_047824,
test_047825,
test_047826,
test_047827,
test_047828,
test_047829,
test_047830,
test_047831,
test_047832,
test_047833,
test_047834,
test_047835,
test_047836,
test_047837,
test_047838,
test_047839,
test_047840,
test_047841,
test_047842,
test_047843,
test_047844,
test_047845,
test_047846,
test_047847,
test_047848,
test_047849,
test_047850,
test_047851,
test_047852,
test_047853,
test_047854,
test_047855,
test_047856,
test_047857,
test_047858,
test_047859,
test_047860,
test_047861,
test_047862,
test_047863,
test_047864,
test_047865,
test_047866,
test_047867,
test_047868,
test_047869,
test_047870,
test_047871,
test_047872,
test_047873,
test_047874,
test_047875,
test_047876,
test_047877,
test_047878,
test_047879,
test_047880,
test_047881,
test_047882,
test_047883,
test_047884,
test_047885,
test_047886,
test_047887,
test_047888,
test_047889,
test_047890,
test_047891,
test_047892,
test_047893,
test_047894,
test_047895,
test_047896,
test_047897,
test_047898,
test_047899,
test_047900,
test_047901,
test_047902,
test_047903,
test_047904,
test_047905,
test_047906,
test_047907,
test_047908,
test_047909,
test_047910,
test_047911,
test_047912,
test_047913,
test_047914,
test_047915,
test_047916,
test_047917,
test_047918,
test_047919,
test_047920,
test_047921,
test_047922,
test_047923,
test_047924,
test_047925,
test_047926,
test_047927,
test_047928,
test_047929,
test_047930,
test_047931,
test_047932,
test_047933,
test_047934,
test_047935,
test_047936,
test_047937,
test_047938,
test_047939,
test_047940,
test_047941,
test_047942,
test_047943,
test_047944,
test_047945,
test_047946,
test_047947,
test_047948,
test_047949,
test_047950,
test_047951,
test_047952,
test_047953,
test_047954,
test_047955,
test_047956,
test_047957,
test_047958,
test_047959,
test_047960,
test_047961,
test_047962,
test_047963,
test_047964,
test_047965,
test_047966,
test_047967,
test_047968,
test_047969,
test_047970,
test_047971,
test_047972,
test_047973,
test_047974,
test_047975,
test_047976,
test_047977,
test_047978,
test_047979,
test_047980,
test_047981,
test_047982,
test_047983,
test_047984,
test_047985,
test_047986,
test_047987,
test_047988,
test_047989,
test_047990,
test_047991,
test_047992,
test_047993,
test_047994,
test_047995,
test_047996,
test_047997,
test_047998,
test_047999,
test_048000,
test_048001,
test_048002,
test_048003,
test_048004,
test_048005,
test_048006,
test_048007,
test_048008,
test_048009,
test_048010,
test_048011,
test_048012,
test_048013,
test_048014,
test_048015,
test_048016,
test_048017,
test_048018,
test_048019,
test_048020,
test_048021,
test_048022,
test_048023,
test_048024,
test_048025,
test_048026,
test_048027,
test_048028,
test_048029,
test_048030,
test_048031,
test_048032,
test_048033,
test_048034,
test_048035,
test_048036,
test_048037,
test_048038,
test_048039,
test_048040,
test_048041,
test_048042,
test_048043,
test_048044,
test_048045,
test_048046,
test_048047,
test_048048,
test_048049,
test_048050,
test_048051,
test_048052,
test_048053,
test_048054,
test_048055,
test_048056,
test_048057,
test_048058,
test_048059,
test_048060,
test_048061,
test_048062,
test_048063,
test_048064,
test_048065,
test_048066,
test_048067,
test_048068,
test_048069,
test_048070,
test_048071,
test_048072,
test_048073,
test_048074,
test_048075,
test_048076,
test_048077,
test_048078,
test_048079,
test_048080,
test_048081,
test_048082,
test_048083,
test_048084,
test_048085,
test_048086,
test_048087,
test_048088,
test_048089,
test_048090,
test_048091,
test_048092,
test_048093,
test_048094,
test_048095,
test_048096,
test_048097,
test_048098,
test_048099,
test_048100,
test_048101,
test_048102,
test_048103,
test_048104,
test_048105,
test_048106,
test_048107,
test_048108,
test_048109,
test_048110,
test_048111,
test_048112,
test_048113,
test_048114,
test_048115,
test_048116,
test_048117,
test_048118,
test_048119,
test_048120,
test_048121,
test_048122,
test_048123,
test_048124,
test_048125,
test_048126,
test_048127,
test_048128,
test_048129,
test_048130,
test_048131,
test_048132,
test_048133,
test_048134,
test_048135,
test_048136,
test_048137,
test_048138,
test_048139,
test_048140,
test_048141,
test_048142,
test_048143,
test_048144,
test_048145,
test_048146,
test_048147,
test_048148,
test_048149,
test_048150,
test_048151,
test_048152,
test_048153,
test_048154,
test_048155,
test_048156,
test_048157,
test_048158,
test_048159,
test_048160,
test_048161,
test_048162,
test_048163,
test_048164,
test_048165,
test_048166,
test_048167,
test_048168,
test_048169,
test_048170,
test_048171,
test_048172,
test_048173,
test_048174,
test_048175,
test_048176,
test_048177,
test_048178,
test_048179,
test_048180,
test_048181,
test_048182,
test_048183,
test_048184,
test_048185,
test_048186,
test_048187,
test_048188,
test_048189,
test_048190,
test_048191,
test_048192,
test_048193,
test_048194,
test_048195,
test_048196,
test_048197,
test_048198,
test_048199,
test_048200,
test_048201,
test_048202,
test_048203,
test_048204,
test_048205,
test_048206,
test_048207,
test_048208,
test_048209,
test_048210,
test_048211,
test_048212,
test_048213,
test_048214,
test_048215,
test_048216,
test_048217,
test_048218,
test_048219,
test_048220,
test_048221,
test_048222,
test_048223,
test_048224,
test_048225,
test_048226,
test_048227,
test_048228,
test_048229,
test_048230,
test_048231,
test_048232,
test_048233,
test_048234,
test_048235,
test_048236,
test_048237,
test_048238,
test_048239,
test_048240,
test_048241,
test_048242,
test_048243,
test_048244,
test_048245,
test_048246,
test_048247,
test_048248,
test_048249,
test_048250,
test_048251,
test_048252,
test_048253,
test_048254,
test_048255,
test_048256,
test_048257,
test_048258,
test_048259,
test_048260,
test_048261,
test_048262,
test_048263,
test_048264,
test_048265,
test_048266,
test_048267,
test_048268,
test_048269,
test_048270,
test_048271,
test_048272,
test_048273,
test_048274,
test_048275,
test_048276,
test_048277,
test_048278,
test_048279,
test_048280,
test_048281,
test_048282,
test_048283,
test_048284,
test_048285,
test_048286,
test_048287,
test_048288,
test_048289,
test_048290,
test_048291,
test_048292,
test_048293,
test_048294,
test_048295,
test_048296,
test_048297,
test_048298,
test_048299,
test_048300,
test_048301,
test_048302,
test_048303,
test_048304,
test_048305,
test_048306,
test_048307,
test_048308,
test_048309,
test_048310,
test_048311,
test_048312,
test_048313,
test_048314,
test_048315,
test_048316,
test_048317,
test_048318,
test_048319,
test_048320,
test_048321,
test_048322,
test_048323,
test_048324,
test_048325,
test_048326,
test_048327,
test_048328,
test_048329,
test_048330,
test_048331,
test_048332,
test_048333,
test_048334,
test_048335,
test_048336,
test_048337,
test_048338,
test_048339,
test_048340,
test_048341,
test_048342,
test_048343,
test_048344,
test_048345,
test_048346,
test_048347,
test_048348,
test_048349,
test_048350,
test_048351,
test_048352,
test_048353,
test_048354,
test_048355,
test_048356,
test_048357,
test_048358,
test_048359,
test_048360,
test_048361,
test_048362,
test_048363,
test_048364,
test_048365,
test_048366,
test_048367,
test_048368,
test_048369,
test_048370,
test_048371,
test_048372,
test_048373,
test_048374,
test_048375,
test_048376,
test_048377,
test_048378,
test_048379,
test_048380,
test_048381,
test_048382,
test_048383,
test_048384,
test_048385,
test_048386,
test_048387,
test_048388,
test_048389,
test_048390,
test_048391,
test_048392,
test_048393,
test_048394,
test_048395,
test_048396,
test_048397,
test_048398,
test_048399,
test_048400,
test_048401,
test_048402,
test_048403,
test_048404,
test_048405,
test_048406,
test_048407,
test_048408,
test_048409,
test_048410,
test_048411,
test_048412,
test_048413,
test_048414,
test_048415,
test_048416,
test_048417,
test_048418,
test_048419,
test_048420,
test_048421,
test_048422,
test_048423,
test_048424,
test_048425,
test_048426,
test_048427,
test_048428,
test_048429,
test_048430,
test_048431,
test_048432,
test_048433,
test_048434,
test_048435,
test_048436,
test_048437,
test_048438,
test_048439,
test_048440,
test_048441,
test_048442,
test_048443,
test_048444,
test_048445,
test_048446,
test_048447,
test_048448,
test_048449,
test_048450,
test_048451,
test_048452,
test_048453,
test_048454,
test_048455,
test_048456,
test_048457,
test_048458,
test_048459,
test_048460,
test_048461,
test_048462,
test_048463,
test_048464,
test_048465,
test_048466,
test_048467,
test_048468,
test_048469,
test_048470,
test_048471,
test_048472,
test_048473,
test_048474,
test_048475,
test_048476,
test_048477,
test_048478,
test_048479,
test_048480,
test_048481,
test_048482,
test_048483,
test_048484,
test_048485,
test_048486,
test_048487,
test_048488,
test_048489,
test_048490,
test_048491,
test_048492,
test_048493,
test_048494,
test_048495,
test_048496,
test_048497,
test_048498,
test_048499,
test_048500,
test_048501,
test_048502,
test_048503,
test_048504,
test_048505,
test_048506,
test_048507,
test_048508,
test_048509,
test_048510,
test_048511,
test_048512,
test_048513,
test_048514,
test_048515,
test_048516,
test_048517,
test_048518,
test_048519,
test_048520,
test_048521,
test_048522,
test_048523,
test_048524,
test_048525,
test_048526,
test_048527,
test_048528,
test_048529,
test_048530,
test_048531,
test_048532,
test_048533,
test_048534,
test_048535,
test_048536,
test_048537,
test_048538,
test_048539,
test_048540,
test_048541,
test_048542,
test_048543,
test_048544,
test_048545,
test_048546,
test_048547,
test_048548,
test_048549,
test_048550,
test_048551,
test_048552,
test_048553,
test_048554,
test_048555,
test_048556,
test_048557,
test_048558,
test_048559,
test_048560,
test_048561,
test_048562,
test_048563,
test_048564,
test_048565,
test_048566,
test_048567,
test_048568,
test_048569,
test_048570,
test_048571,
test_048572,
test_048573,
test_048574,
test_048575,
test_048576,
test_048577,
test_048578,
test_048579,
test_048580,
test_048581,
test_048582,
test_048583,
test_048584,
test_048585,
test_048586,
test_048587,
test_048588,
test_048589,
test_048590,
test_048591,
test_048592,
test_048593,
test_048594,
test_048595,
test_048596,
test_048597,
test_048598,
test_048599,
test_048600,
test_048601,
test_048602,
test_048603,
test_048604,
test_048605,
test_048606,
test_048607,
test_048608,
test_048609,
test_048610,
test_048611,
test_048612,
test_048613,
test_048614,
test_048615,
test_048616,
test_048617,
test_048618,
test_048619,
test_048620,
test_048621,
test_048622,
test_048623,
test_048624,
test_048625,
test_048626,
test_048627,
test_048628,
test_048629,
test_048630,
test_048631,
test_048632,
test_048633,
test_048634,
test_048635,
test_048636,
test_048637,
test_048638,
test_048639,
test_048640,
test_048641,
test_048642,
test_048643,
test_048644,
test_048645,
test_048646,
test_048647,
test_048648,
test_048649,
test_048650,
test_048651,
test_048652,
test_048653,
test_048654,
test_048655,
test_048656,
test_048657,
test_048658,
test_048659,
test_048660,
test_048661,
test_048662,
test_048663,
test_048664,
test_048665,
test_048666,
test_048667,
test_048668,
test_048669,
test_048670,
test_048671,
test_048672,
test_048673,
test_048674,
test_048675,
test_048676,
test_048677,
test_048678,
test_048679,
test_048680,
test_048681,
test_048682,
test_048683,
test_048684,
test_048685,
test_048686,
test_048687,
test_048688,
test_048689,
test_048690,
test_048691,
test_048692,
test_048693,
test_048694,
test_048695,
test_048696,
test_048697,
test_048698,
test_048699,
test_048700,
test_048701,
test_048702,
test_048703,
test_048704,
test_048705,
test_048706,
test_048707,
test_048708,
test_048709,
test_048710,
test_048711,
test_048712,
test_048713,
test_048714,
test_048715,
test_048716,
test_048717,
test_048718,
test_048719,
test_048720,
test_048721,
test_048722,
test_048723,
test_048724,
test_048725,
test_048726,
test_048727,
test_048728,
test_048729,
test_048730,
test_048731,
test_048732,
test_048733,
test_048734,
test_048735,
test_048736,
test_048737,
test_048738,
test_048739,
test_048740,
test_048741,
test_048742,
test_048743,
test_048744,
test_048745,
test_048746,
test_048747,
test_048748,
test_048749,
test_048750,
test_048751,
test_048752,
test_048753,
test_048754,
test_048755,
test_048756,
test_048757,
test_048758,
test_048759,
test_048760,
test_048761,
test_048762,
test_048763,
test_048764,
test_048765,
test_048766,
test_048767,
test_048768,
test_048769,
test_048770,
test_048771,
test_048772,
test_048773,
test_048774,
test_048775,
test_048776,
test_048777,
test_048778,
test_048779,
test_048780,
test_048781,
test_048782,
test_048783,
test_048784,
test_048785,
test_048786,
test_048787,
test_048788,
test_048789,
test_048790,
test_048791,
test_048792,
test_048793,
test_048794,
test_048795,
test_048796,
test_048797,
test_048798,
test_048799,
test_048800,
test_048801,
test_048802,
test_048803,
test_048804,
test_048805,
test_048806,
test_048807,
test_048808,
test_048809,
test_048810,
test_048811,
test_048812,
test_048813,
test_048814,
test_048815,
test_048816,
test_048817,
test_048818,
test_048819,
test_048820,
test_048821,
test_048822,
test_048823,
test_048824,
test_048825,
test_048826,
test_048827,
test_048828,
test_048829,
test_048830,
test_048831,
test_048832,
test_048833,
test_048834,
test_048835,
test_048836,
test_048837,
test_048838,
test_048839,
test_048840,
test_048841,
test_048842,
test_048843,
test_048844,
test_048845,
test_048846,
test_048847,
test_048848,
test_048849,
test_048850,
test_048851,
test_048852,
test_048853,
test_048854,
test_048855,
test_048856,
test_048857,
test_048858,
test_048859,
test_048860,
test_048861,
test_048862,
test_048863,
test_048864,
test_048865,
test_048866,
test_048867,
test_048868,
test_048869,
test_048870,
test_048871,
test_048872,
test_048873,
test_048874,
test_048875,
test_048876,
test_048877,
test_048878,
test_048879,
test_048880,
test_048881,
test_048882,
test_048883,
test_048884,
test_048885,
test_048886,
test_048887,
test_048888,
test_048889,
test_048890,
test_048891,
test_048892,
test_048893,
test_048894,
test_048895,
test_048896,
test_048897,
test_048898,
test_048899,
test_048900,
test_048901,
test_048902,
test_048903,
test_048904,
test_048905,
test_048906,
test_048907,
test_048908,
test_048909,
test_048910,
test_048911,
test_048912,
test_048913,
test_048914,
test_048915,
test_048916,
test_048917,
test_048918,
test_048919,
test_048920,
test_048921,
test_048922,
test_048923,
test_048924,
test_048925,
test_048926,
test_048927,
test_048928,
test_048929,
test_048930,
test_048931,
test_048932,
test_048933,
test_048934,
test_048935,
test_048936,
test_048937,
test_048938,
test_048939,
test_048940,
test_048941,
test_048942,
test_048943,
test_048944,
test_048945,
test_048946,
test_048947,
test_048948,
test_048949,
test_048950,
test_048951,
test_048952,
test_048953,
test_048954,
test_048955,
test_048956,
test_048957,
test_048958,
test_048959,
test_048960,
test_048961,
test_048962,
test_048963,
test_048964,
test_048965,
test_048966,
test_048967,
test_048968,
test_048969,
test_048970,
test_048971,
test_048972,
test_048973,
test_048974,
test_048975,
test_048976,
test_048977,
test_048978,
test_048979,
test_048980,
test_048981,
test_048982,
test_048983,
test_048984,
test_048985,
test_048986,
test_048987,
test_048988,
test_048989,
test_048990,
test_048991,
test_048992,
test_048993,
test_048994,
test_048995,
test_048996,
test_048997,
test_048998,
test_048999,
test_049000,
test_049001,
test_049002,
test_049003,
test_049004,
test_049005,
test_049006,
test_049007,
test_049008,
test_049009,
test_049010,
test_049011,
test_049012,
test_049013,
test_049014,
test_049015,
test_049016,
test_049017,
test_049018,
test_049019,
test_049020,
test_049021,
test_049022,
test_049023,
test_049024,
test_049025,
test_049026,
test_049027,
test_049028,
test_049029,
test_049030,
test_049031,
test_049032,
test_049033,
test_049034,
test_049035,
test_049036,
test_049037,
test_049038,
test_049039,
test_049040,
test_049041,
test_049042,
test_049043,
test_049044,
test_049045,
test_049046,
test_049047,
test_049048,
test_049049,
test_049050,
test_049051,
test_049052,
test_049053,
test_049054,
test_049055,
test_049056,
test_049057,
test_049058,
test_049059,
test_049060,
test_049061,
test_049062,
test_049063,
test_049064,
test_049065,
test_049066,
test_049067,
test_049068,
test_049069,
test_049070,
test_049071,
test_049072,
test_049073,
test_049074,
test_049075,
test_049076,
test_049077,
test_049078,
test_049079,
test_049080,
test_049081,
test_049082,
test_049083,
test_049084,
test_049085,
test_049086,
test_049087,
test_049088,
test_049089,
test_049090,
test_049091,
test_049092,
test_049093,
test_049094,
test_049095,
test_049096,
test_049097,
test_049098,
test_049099,
test_049100,
test_049101,
test_049102,
test_049103,
test_049104,
test_049105,
test_049106,
test_049107,
test_049108,
test_049109,
test_049110,
test_049111,
test_049112,
test_049113,
test_049114,
test_049115,
test_049116,
test_049117,
test_049118,
test_049119,
test_049120,
test_049121,
test_049122,
test_049123,
test_049124,
test_049125,
test_049126,
test_049127,
test_049128,
test_049129,
test_049130,
test_049131,
test_049132,
test_049133,
test_049134,
test_049135,
test_049136,
test_049137,
test_049138,
test_049139,
test_049140,
test_049141,
test_049142,
test_049143,
test_049144,
test_049145,
test_049146,
test_049147,
test_049148,
test_049149,
test_049150,
test_049151,
test_049152,
test_049153,
test_049154,
test_049155,
test_049156,
test_049157,
test_049158,
test_049159,
test_049160,
test_049161,
test_049162,
test_049163,
test_049164,
test_049165,
test_049166,
test_049167,
test_049168,
test_049169,
test_049170,
test_049171,
test_049172,
test_049173,
test_049174,
test_049175,
test_049176,
test_049177,
test_049178,
test_049179,
test_049180,
test_049181,
test_049182,
test_049183,
test_049184,
test_049185,
test_049186,
test_049187,
test_049188,
test_049189,
test_049190,
test_049191,
test_049192,
test_049193,
test_049194,
test_049195,
test_049196,
test_049197,
test_049198,
test_049199,
test_049200,
test_049201,
test_049202,
test_049203,
test_049204,
test_049205,
test_049206,
test_049207,
test_049208,
test_049209,
test_049210,
test_049211,
test_049212,
test_049213,
test_049214,
test_049215,
test_049216,
test_049217,
test_049218,
test_049219,
test_049220,
test_049221,
test_049222,
test_049223,
test_049224,
test_049225,
test_049226,
test_049227,
test_049228,
test_049229,
test_049230,
test_049231,
test_049232,
test_049233,
test_049234,
test_049235,
test_049236,
test_049237,
test_049238,
test_049239,
test_049240,
test_049241,
test_049242,
test_049243,
test_049244,
test_049245,
test_049246,
test_049247,
test_049248,
test_049249,
test_049250,
test_049251,
test_049252,
test_049253,
test_049254,
test_049255,
test_049256,
test_049257,
test_049258,
test_049259,
test_049260,
test_049261,
test_049262,
test_049263,
test_049264,
test_049265,
test_049266,
test_049267,
test_049268,
test_049269,
test_049270,
test_049271,
test_049272,
test_049273,
test_049274,
test_049275,
test_049276,
test_049277,
test_049278,
test_049279,
test_049280,
test_049281,
test_049282,
test_049283,
test_049284,
test_049285,
test_049286,
test_049287,
test_049288,
test_049289,
test_049290,
test_049291,
test_049292,
test_049293,
test_049294,
test_049295,
test_049296,
test_049297,
test_049298,
test_049299,
test_049300,
test_049301,
test_049302,
test_049303,
test_049304,
test_049305,
test_049306,
test_049307,
test_049308,
test_049309,
test_049310,
test_049311,
test_049312,
test_049313,
test_049314,
test_049315,
test_049316,
test_049317,
test_049318,
test_049319,
test_049320,
test_049321,
test_049322,
test_049323,
test_049324,
test_049325,
test_049326,
test_049327,
test_049328,
test_049329,
test_049330,
test_049331,
test_049332,
test_049333,
test_049334,
test_049335,
test_049336,
test_049337,
test_049338,
test_049339,
test_049340,
test_049341,
test_049342,
test_049343,
test_049344,
test_049345,
test_049346,
test_049347,
test_049348,
test_049349,
test_049350,
test_049351,
test_049352,
test_049353,
test_049354,
test_049355,
test_049356,
test_049357,
test_049358,
test_049359,
test_049360,
test_049361,
test_049362,
test_049363,
test_049364,
test_049365,
test_049366,
test_049367,
test_049368,
test_049369,
test_049370,
test_049371,
test_049372,
test_049373,
test_049374,
test_049375,
test_049376,
test_049377,
test_049378,
test_049379,
test_049380,
test_049381,
test_049382,
test_049383,
test_049384,
test_049385,
test_049386,
test_049387,
test_049388,
test_049389,
test_049390,
test_049391,
test_049392,
test_049393,
test_049394,
test_049395,
test_049396,
test_049397,
test_049398,
test_049399,
test_049400,
test_049401,
test_049402,
test_049403,
test_049404,
test_049405,
test_049406,
test_049407,
test_049408,
test_049409,
test_049410,
test_049411,
test_049412,
test_049413,
test_049414,
test_049415,
test_049416,
test_049417,
test_049418,
test_049419,
test_049420,
test_049421,
test_049422,
test_049423,
test_049424,
test_049425,
test_049426,
test_049427,
test_049428,
test_049429,
test_049430,
test_049431,
test_049432,
test_049433,
test_049434,
test_049435,
test_049436,
test_049437,
test_049438,
test_049439,
test_049440,
test_049441,
test_049442,
test_049443,
test_049444,
test_049445,
test_049446,
test_049447,
test_049448,
test_049449,
test_049450,
test_049451,
test_049452,
test_049453,
test_049454,
test_049455,
test_049456,
test_049457,
test_049458,
test_049459,
test_049460,
test_049461,
test_049462,
test_049463,
test_049464,
test_049465,
test_049466,
test_049467,
test_049468,
test_049469,
test_049470,
test_049471,
test_049472,
test_049473,
test_049474,
test_049475,
test_049476,
test_049477,
test_049478,
test_049479,
test_049480,
test_049481,
test_049482,
test_049483,
test_049484,
test_049485,
test_049486,
test_049487,
test_049488,
test_049489,
test_049490,
test_049491,
test_049492,
test_049493,
test_049494,
test_049495,
test_049496,
test_049497,
test_049498,
test_049499,
test_049500,
test_049501,
test_049502,
test_049503,
test_049504,
test_049505,
test_049506,
test_049507,
test_049508,
test_049509,
test_049510,
test_049511,
test_049512,
test_049513,
test_049514,
test_049515,
test_049516,
test_049517,
test_049518,
test_049519,
test_049520,
test_049521,
test_049522,
test_049523,
test_049524,
test_049525,
test_049526,
test_049527,
test_049528,
test_049529,
test_049530,
test_049531,
test_049532,
test_049533,
test_049534,
test_049535,
test_049536,
test_049537,
test_049538,
test_049539,
test_049540,
test_049541,
test_049542,
test_049543,
test_049544,
test_049545,
test_049546,
test_049547,
test_049548,
test_049549,
test_049550,
test_049551,
test_049552,
test_049553,
test_049554,
test_049555,
test_049556,
test_049557,
test_049558,
test_049559,
test_049560,
test_049561,
test_049562,
test_049563,
test_049564,
test_049565,
test_049566,
test_049567,
test_049568,
test_049569,
test_049570,
test_049571,
test_049572,
test_049573,
test_049574,
test_049575,
test_049576,
test_049577,
test_049578,
test_049579,
test_049580,
test_049581,
test_049582,
test_049583,
test_049584,
test_049585,
test_049586,
test_049587,
test_049588,
test_049589,
test_049590,
test_049591,
test_049592,
test_049593,
test_049594,
test_049595,
test_049596,
test_049597,
test_049598,
test_049599,
test_049600,
test_049601,
test_049602,
test_049603,
test_049604,
test_049605,
test_049606,
test_049607,
test_049608,
test_049609,
test_049610,
test_049611,
test_049612,
test_049613,
test_049614,
test_049615,
test_049616,
test_049617,
test_049618,
test_049619,
test_049620,
test_049621,
test_049622,
test_049623,
test_049624,
test_049625,
test_049626,
test_049627,
test_049628,
test_049629,
test_049630,
test_049631,
test_049632,
test_049633,
test_049634,
test_049635,
test_049636,
test_049637,
test_049638,
test_049639,
test_049640,
test_049641,
test_049642,
test_049643,
test_049644,
test_049645,
test_049646,
test_049647,
test_049648,
test_049649,
test_049650,
test_049651,
test_049652,
test_049653,
test_049654,
test_049655,
test_049656,
test_049657,
test_049658,
test_049659,
test_049660,
test_049661,
test_049662,
test_049663,
test_049664,
test_049665,
test_049666,
test_049667,
test_049668,
test_049669,
test_049670,
test_049671,
test_049672,
test_049673,
test_049674,
test_049675,
test_049676,
test_049677,
test_049678,
test_049679,
test_049680,
test_049681,
test_049682,
test_049683,
test_049684,
test_049685,
test_049686,
test_049687,
test_049688,
test_049689,
test_049690,
test_049691,
test_049692,
test_049693,
test_049694,
test_049695,
test_049696,
test_049697,
test_049698,
test_049699,
test_049700,
test_049701,
test_049702,
test_049703,
test_049704,
test_049705,
test_049706,
test_049707,
test_049708,
test_049709,
test_049710,
test_049711,
test_049712,
test_049713,
test_049714,
test_049715,
test_049716,
test_049717,
test_049718,
test_049719,
test_049720,
test_049721,
test_049722,
test_049723,
test_049724,
test_049725,
test_049726,
test_049727,
test_049728,
test_049729,
test_049730,
test_049731,
test_049732,
test_049733,
test_049734,
test_049735,
test_049736,
test_049737,
test_049738,
test_049739,
test_049740,
test_049741,
test_049742,
test_049743,
test_049744,
test_049745,
test_049746,
test_049747,
test_049748,
test_049749,
test_049750,
test_049751,
test_049752,
test_049753,
test_049754,
test_049755,
test_049756,
test_049757,
test_049758,
test_049759,
test_049760,
test_049761,
test_049762,
test_049763,
test_049764,
test_049765,
test_049766,
test_049767,
test_049768,
test_049769,
test_049770,
test_049771,
test_049772,
test_049773,
test_049774,
test_049775,
test_049776,
test_049777,
test_049778,
test_049779,
test_049780,
test_049781,
test_049782,
test_049783,
test_049784,
test_049785,
test_049786,
test_049787,
test_049788,
test_049789,
test_049790,
test_049791,
test_049792,
test_049793,
test_049794,
test_049795,
test_049796,
test_049797,
test_049798,
test_049799,
test_049800,
test_049801,
test_049802,
test_049803,
test_049804,
test_049805,
test_049806,
test_049807,
test_049808,
test_049809,
test_049810,
test_049811,
test_049812,
test_049813,
test_049814,
test_049815,
test_049816,
test_049817,
test_049818,
test_049819,
test_049820,
test_049821,
test_049822,
test_049823,
test_049824,
test_049825,
test_049826,
test_049827,
test_049828,
test_049829,
test_049830,
test_049831,
test_049832,
test_049833,
test_049834,
test_049835,
test_049836,
test_049837,
test_049838,
test_049839,
test_049840,
test_049841,
test_049842,
test_049843,
test_049844,
test_049845,
test_049846,
test_049847,
test_049848,
test_049849,
test_049850,
test_049851,
test_049852,
test_049853,
test_049854,
test_049855,
test_049856,
test_049857,
test_049858,
test_049859,
test_049860,
test_049861,
test_049862,
test_049863,
test_049864,
test_049865,
test_049866,
test_049867,
test_049868,
test_049869,
test_049870,
test_049871,
test_049872,
test_049873,
test_049874,
test_049875,
test_049876,
test_049877,
test_049878,
test_049879,
test_049880,
test_049881,
test_049882,
test_049883,
test_049884,
test_049885,
test_049886,
test_049887,
test_049888,
test_049889,
test_049890,
test_049891,
test_049892,
test_049893,
test_049894,
test_049895,
test_049896,
test_049897,
test_049898,
test_049899,
test_049900,
test_049901,
test_049902,
test_049903,
test_049904,
test_049905,
test_049906,
test_049907,
test_049908,
test_049909,
test_049910,
test_049911,
test_049912,
test_049913,
test_049914,
test_049915,
test_049916,
test_049917,
test_049918,
test_049919,
test_049920,
test_049921,
test_049922,
test_049923,
test_049924,
test_049925,
test_049926,
test_049927,
test_049928,
test_049929,
test_049930,
test_049931,
test_049932,
test_049933,
test_049934,
test_049935,
test_049936,
test_049937,
test_049938,
test_049939,
test_049940,
test_049941,
test_049942,
test_049943,
test_049944,
test_049945,
test_049946,
test_049947,
test_049948,
test_049949,
test_049950,
test_049951,
test_049952,
test_049953,
test_049954,
test_049955,
test_049956,
test_049957,
test_049958,
test_049959,
test_049960,
test_049961,
test_049962,
test_049963,
test_049964,
test_049965,
test_049966,
test_049967,
test_049968,
test_049969,
test_049970,
test_049971,
test_049972,
test_049973,
test_049974,
test_049975,
test_049976,
test_049977,
test_049978,
test_049979,
test_049980,
test_049981,
test_049982,
test_049983,
test_049984,
test_049985,
test_049986,
test_049987,
test_049988,
test_049989,
test_049990,
test_049991,
test_049992,
test_049993,
test_049994,
test_049995,
test_049996,
test_049997,
test_049998,
test_049999,
test_050000,
test_050001,
test_050002,
test_050003,
test_050004,
test_050005,
test_050006,
test_050007,
test_050008,
test_050009,
test_050010,
test_050011,
test_050012,
test_050013,
test_050014,
test_050015,
test_050016,
test_050017,
test_050018,
test_050019,
test_050020,
test_050021,
test_050022,
test_050023,
test_050024,
test_050025,
test_050026,
test_050027,
test_050028,
test_050029,
test_050030,
test_050031,
test_050032,
test_050033,
test_050034,
test_050035,
test_050036,
test_050037,
test_050038,
test_050039,
test_050040,
test_050041,
test_050042,
test_050043,
test_050044,
test_050045,
test_050046,
test_050047,
test_050048,
test_050049,
test_050050,
test_050051,
test_050052,
test_050053,
test_050054,
test_050055,
test_050056,
test_050057,
test_050058,
test_050059,
test_050060,
test_050061,
test_050062,
test_050063,
test_050064,
test_050065,
test_050066,
test_050067,
test_050068,
test_050069,
test_050070,
test_050071,
test_050072,
test_050073,
test_050074,
test_050075,
test_050076,
test_050077,
test_050078,
test_050079,
test_050080,
test_050081,
test_050082,
test_050083,
test_050084,
test_050085,
test_050086,
test_050087,
test_050088,
test_050089,
test_050090,
test_050091,
test_050092,
test_050093,
test_050094,
test_050095,
test_050096,
test_050097,
test_050098,
test_050099,
test_050100,
test_050101,
test_050102,
test_050103,
test_050104,
test_050105,
test_050106,
test_050107,
test_050108,
test_050109,
test_050110,
test_050111,
test_050112,
test_050113,
test_050114,
test_050115,
test_050116,
test_050117,
test_050118,
test_050119,
test_050120,
test_050121,
test_050122,
test_050123,
test_050124,
test_050125,
test_050126,
test_050127,
test_050128,
test_050129,
test_050130,
test_050131,
test_050132,
test_050133,
test_050134,
test_050135,
test_050136,
test_050137,
test_050138,
test_050139,
test_050140,
test_050141,
test_050142,
test_050143,
test_050144,
test_050145,
test_050146,
test_050147,
test_050148,
test_050149,
test_050150,
test_050151,
test_050152,
test_050153,
test_050154,
test_050155,
test_050156,
test_050157,
test_050158,
test_050159,
test_050160,
test_050161,
test_050162,
test_050163,
test_050164,
test_050165,
test_050166,
test_050167,
test_050168,
test_050169,
test_050170,
test_050171,
test_050172,
test_050173,
test_050174,
test_050175,
test_050176,
test_050177,
test_050178,
test_050179,
test_050180,
test_050181,
test_050182,
test_050183,
test_050184,
test_050185,
test_050186,
test_050187,
test_050188,
test_050189,
test_050190,
test_050191,
test_050192,
test_050193,
test_050194,
test_050195,
test_050196,
test_050197,
test_050198,
test_050199,
test_050200,
test_050201,
test_050202,
test_050203,
test_050204,
test_050205,
test_050206,
test_050207,
test_050208,
test_050209,
test_050210,
test_050211,
test_050212,
test_050213,
test_050214,
test_050215,
test_050216,
test_050217,
test_050218,
test_050219,
test_050220,
test_050221,
test_050222,
test_050223,
test_050224,
test_050225,
test_050226,
test_050227,
test_050228,
test_050229,
test_050230,
test_050231,
test_050232,
test_050233,
test_050234,
test_050235,
test_050236,
test_050237,
test_050238,
test_050239,
test_050240,
test_050241,
test_050242,
test_050243,
test_050244,
test_050245,
test_050246,
test_050247,
test_050248,
test_050249,
test_050250,
test_050251,
test_050252,
test_050253,
test_050254,
test_050255,
test_050256,
test_050257,
test_050258,
test_050259,
test_050260,
test_050261,
test_050262,
test_050263,
test_050264,
test_050265,
test_050266,
test_050267,
test_050268,
test_050269,
test_050270,
test_050271,
test_050272,
test_050273,
test_050274,
test_050275,
test_050276,
test_050277,
test_050278,
test_050279,
test_050280,
test_050281,
test_050282,
test_050283,
test_050284,
test_050285,
test_050286,
test_050287,
test_050288,
test_050289,
test_050290,
test_050291,
test_050292,
test_050293,
test_050294,
test_050295,
test_050296,
test_050297,
test_050298,
test_050299,
test_050300,
test_050301,
test_050302,
test_050303,
test_050304,
test_050305,
test_050306,
test_050307,
test_050308,
test_050309,
test_050310,
test_050311,
test_050312,
test_050313,
test_050314,
test_050315,
test_050316,
test_050317,
test_050318,
test_050319,
test_050320,
test_050321,
test_050322,
test_050323,
test_050324,
test_050325,
test_050326,
test_050327,
test_050328,
test_050329,
test_050330,
test_050331,
test_050332,
test_050333,
test_050334,
test_050335,
test_050336,
test_050337,
test_050338,
test_050339,
test_050340,
test_050341,
test_050342,
test_050343,
test_050344,
test_050345,
test_050346,
test_050347,
test_050348,
test_050349,
test_050350,
test_050351,
test_050352,
test_050353,
test_050354,
test_050355,
test_050356,
test_050357,
test_050358,
test_050359,
test_050360,
test_050361,
test_050362,
test_050363,
test_050364,
test_050365,
test_050366,
test_050367,
test_050368,
test_050369,
test_050370,
test_050371,
test_050372,
test_050373,
test_050374,
test_050375,
test_050376,
test_050377,
test_050378,
test_050379,
test_050380,
test_050381,
test_050382,
test_050383,
test_050384,
test_050385,
test_050386,
test_050387,
test_050388,
test_050389,
test_050390,
test_050391,
test_050392,
test_050393,
test_050394,
test_050395,
test_050396,
test_050397,
test_050398,
test_050399,
test_050400,
test_050401,
test_050402,
test_050403,
test_050404,
test_050405,
test_050406,
test_050407,
test_050408,
test_050409,
test_050410,
test_050411,
test_050412,
test_050413,
test_050414,
test_050415,
test_050416,
test_050417,
test_050418,
test_050419,
test_050420,
test_050421,
test_050422,
test_050423,
test_050424,
test_050425,
test_050426,
test_050427,
test_050428,
test_050429,
test_050430,
test_050431,
test_050432,
test_050433,
test_050434,
test_050435,
test_050436,
test_050437,
test_050438,
test_050439,
test_050440,
test_050441,
test_050442,
test_050443,
test_050444,
test_050445,
test_050446,
test_050447,
test_050448,
test_050449,
test_050450,
test_050451,
test_050452,
test_050453,
test_050454,
test_050455,
test_050456,
test_050457,
test_050458,
test_050459,
test_050460,
test_050461,
test_050462,
test_050463,
test_050464,
test_050465,
test_050466,
test_050467,
test_050468,
test_050469,
test_050470,
test_050471,
test_050472,
test_050473,
test_050474,
test_050475,
test_050476,
test_050477,
test_050478,
test_050479,
test_050480,
test_050481,
test_050482,
test_050483,
test_050484,
test_050485,
test_050486,
test_050487,
test_050488,
test_050489,
test_050490,
test_050491,
test_050492,
test_050493,
test_050494,
test_050495,
test_050496,
test_050497,
test_050498,
test_050499,
test_050500,
test_050501,
test_050502,
test_050503,
test_050504,
test_050505,
test_050506,
test_050507,
test_050508,
test_050509,
test_050510,
test_050511,
test_050512,
test_050513,
test_050514,
test_050515,
test_050516,
test_050517,
test_050518,
test_050519,
test_050520,
test_050521,
test_050522,
test_050523,
test_050524,
test_050525,
test_050526,
test_050527,
test_050528,
test_050529,
test_050530,
test_050531,
test_050532,
test_050533,
test_050534,
test_050535,
test_050536,
test_050537,
test_050538,
test_050539,
test_050540,
test_050541,
test_050542,
test_050543,
test_050544,
test_050545,
test_050546,
test_050547,
test_050548,
test_050549,
test_050550,
test_050551,
test_050552,
test_050553,
test_050554,
test_050555,
test_050556,
test_050557,
test_050558,
test_050559,
test_050560,
test_050561,
test_050562,
test_050563,
test_050564,
test_050565,
test_050566,
test_050567,
test_050568,
test_050569,
test_050570,
test_050571,
test_050572,
test_050573,
test_050574,
test_050575,
test_050576,
test_050577,
test_050578,
test_050579,
test_050580,
test_050581,
test_050582,
test_050583,
test_050584,
test_050585,
test_050586,
test_050587,
test_050588,
test_050589,
test_050590,
test_050591,
test_050592,
test_050593,
test_050594,
test_050595,
test_050596,
test_050597,
test_050598,
test_050599,
test_050600,
test_050601,
test_050602,
test_050603,
test_050604,
test_050605,
test_050606,
test_050607,
test_050608,
test_050609,
test_050610,
test_050611,
test_050612,
test_050613,
test_050614,
test_050615,
test_050616,
test_050617,
test_050618,
test_050619,
test_050620,
test_050621,
test_050622,
test_050623,
test_050624,
test_050625,
test_050626,
test_050627,
test_050628,
test_050629,
test_050630,
test_050631,
test_050632,
test_050633,
test_050634,
test_050635,
test_050636,
test_050637,
test_050638,
test_050639,
test_050640,
test_050641,
test_050642,
test_050643,
test_050644,
test_050645,
test_050646,
test_050647,
test_050648,
test_050649,
test_050650,
test_050651,
test_050652,
test_050653,
test_050654,
test_050655,
test_050656,
test_050657,
test_050658,
test_050659,
test_050660,
test_050661,
test_050662,
test_050663,
test_050664,
test_050665,
test_050666,
test_050667,
test_050668,
test_050669,
test_050670,
test_050671,
test_050672,
test_050673,
test_050674,
test_050675,
test_050676,
test_050677,
test_050678,
test_050679,
test_050680,
test_050681,
test_050682,
test_050683,
test_050684,
test_050685,
test_050686,
test_050687,
test_050688,
test_050689,
test_050690,
test_050691,
test_050692,
test_050693,
test_050694,
test_050695,
test_050696,
test_050697,
test_050698,
test_050699,
test_050700,
test_050701,
test_050702,
test_050703,
test_050704,
test_050705,
test_050706,
test_050707,
test_050708,
test_050709,
test_050710,
test_050711,
test_050712,
test_050713,
test_050714,
test_050715,
test_050716,
test_050717,
test_050718,
test_050719,
test_050720,
test_050721,
test_050722,
test_050723,
test_050724,
test_050725,
test_050726,
test_050727,
test_050728,
test_050729,
test_050730,
test_050731,
test_050732,
test_050733,
test_050734,
test_050735,
test_050736,
test_050737,
test_050738,
test_050739,
test_050740,
test_050741,
test_050742,
test_050743,
test_050744,
test_050745,
test_050746,
test_050747,
test_050748,
test_050749,
test_050750,
test_050751,
test_050752,
test_050753,
test_050754,
test_050755,
test_050756,
test_050757,
test_050758,
test_050759,
test_050760,
test_050761,
test_050762,
test_050763,
test_050764,
test_050765,
test_050766,
test_050767,
test_050768,
test_050769,
test_050770,
test_050771,
test_050772,
test_050773,
test_050774,
test_050775,
test_050776,
test_050777,
test_050778,
test_050779,
test_050780,
test_050781,
test_050782,
test_050783,
test_050784,
test_050785,
test_050786,
test_050787,
test_050788,
test_050789,
test_050790,
test_050791,
test_050792,
test_050793,
test_050794,
test_050795,
test_050796,
test_050797,
test_050798,
test_050799,
test_050800,
test_050801,
test_050802,
test_050803,
test_050804,
test_050805,
test_050806,
test_050807,
test_050808,
test_050809,
test_050810,
test_050811,
test_050812,
test_050813,
test_050814,
test_050815,
test_050816,
test_050817,
test_050818,
test_050819,
test_050820,
test_050821,
test_050822,
test_050823,
test_050824,
test_050825,
test_050826,
test_050827,
test_050828,
test_050829,
test_050830,
test_050831,
test_050832,
test_050833,
test_050834,
test_050835,
test_050836,
test_050837,
test_050838,
test_050839,
test_050840,
test_050841,
test_050842,
test_050843,
test_050844,
test_050845,
test_050846,
test_050847,
test_050848,
test_050849,
test_050850,
test_050851,
test_050852,
test_050853,
test_050854,
test_050855,
test_050856,
test_050857,
test_050858,
test_050859,
test_050860,
test_050861,
test_050862,
test_050863,
test_050864,
test_050865,
test_050866,
test_050867,
test_050868,
test_050869,
test_050870,
test_050871,
test_050872,
test_050873,
test_050874,
test_050875,
test_050876,
test_050877,
test_050878,
test_050879,
test_050880,
test_050881,
test_050882,
test_050883,
test_050884,
test_050885,
test_050886,
test_050887,
test_050888,
test_050889,
test_050890,
test_050891,
test_050892,
test_050893,
test_050894,
test_050895,
test_050896,
test_050897,
test_050898,
test_050899,
test_050900,
test_050901,
test_050902,
test_050903,
test_050904,
test_050905,
test_050906,
test_050907,
test_050908,
test_050909,
test_050910,
test_050911,
test_050912,
test_050913,
test_050914,
test_050915,
test_050916,
test_050917,
test_050918,
test_050919,
test_050920,
test_050921,
test_050922,
test_050923,
test_050924,
test_050925,
test_050926,
test_050927,
test_050928,
test_050929,
test_050930,
test_050931,
test_050932,
test_050933,
test_050934,
test_050935,
test_050936,
test_050937,
test_050938,
test_050939,
test_050940,
test_050941,
test_050942,
test_050943,
test_050944,
test_050945,
test_050946,
test_050947,
test_050948,
test_050949,
test_050950,
test_050951,
test_050952,
test_050953,
test_050954,
test_050955,
test_050956,
test_050957,
test_050958,
test_050959,
test_050960,
test_050961,
test_050962,
test_050963,
test_050964,
test_050965,
test_050966,
test_050967,
test_050968,
test_050969,
test_050970,
test_050971,
test_050972,
test_050973,
test_050974,
test_050975,
test_050976,
test_050977,
test_050978,
test_050979,
test_050980,
test_050981,
test_050982,
test_050983,
test_050984,
test_050985,
test_050986,
test_050987,
test_050988,
test_050989,
test_050990,
test_050991,
test_050992,
test_050993,
test_050994,
test_050995,
test_050996,
test_050997,
test_050998,
test_050999,
test_051000,
test_051001,
test_051002,
test_051003,
test_051004,
test_051005,
test_051006,
test_051007,
test_051008,
test_051009,
test_051010,
test_051011,
test_051012,
test_051013,
test_051014,
test_051015,
test_051016,
test_051017,
test_051018,
test_051019,
test_051020,
test_051021,
test_051022,
test_051023,
test_051024,
test_051025,
test_051026,
test_051027,
test_051028,
test_051029,
test_051030,
test_051031,
test_051032,
test_051033,
test_051034,
test_051035,
test_051036,
test_051037,
test_051038,
test_051039,
test_051040,
test_051041,
test_051042,
test_051043,
test_051044,
test_051045,
test_051046,
test_051047,
test_051048,
test_051049,
test_051050,
test_051051,
test_051052,
test_051053,
test_051054,
test_051055,
test_051056,
test_051057,
test_051058,
test_051059,
test_051060,
test_051061,
test_051062,
test_051063,
test_051064,
test_051065,
test_051066,
test_051067,
test_051068,
test_051069,
test_051070,
test_051071,
test_051072,
test_051073,
test_051074,
test_051075,
test_051076,
test_051077,
test_051078,
test_051079,
test_051080,
test_051081,
test_051082,
test_051083,
test_051084,
test_051085,
test_051086,
test_051087,
test_051088,
test_051089,
test_051090,
test_051091,
test_051092,
test_051093,
test_051094,
test_051095,
test_051096,
test_051097,
test_051098,
test_051099,
test_051100,
test_051101,
test_051102,
test_051103,
test_051104,
test_051105,
test_051106,
test_051107,
test_051108,
test_051109,
test_051110,
test_051111,
test_051112,
test_051113,
test_051114,
test_051115,
test_051116,
test_051117,
test_051118,
test_051119,
test_051120,
test_051121,
test_051122,
test_051123,
test_051124,
test_051125,
test_051126,
test_051127,
test_051128,
test_051129,
test_051130,
test_051131,
test_051132,
test_051133,
test_051134,
test_051135,
test_051136,
test_051137,
test_051138,
test_051139,
test_051140,
test_051141,
test_051142,
test_051143,
test_051144,
test_051145,
test_051146,
test_051147,
test_051148,
test_051149,
test_051150,
test_051151,
test_051152,
test_051153,
test_051154,
test_051155,
test_051156,
test_051157,
test_051158,
test_051159,
test_051160,
test_051161,
test_051162,
test_051163,
test_051164,
test_051165,
test_051166,
test_051167,
test_051168,
test_051169,
test_051170,
test_051171,
test_051172,
test_051173,
test_051174,
test_051175,
test_051176,
test_051177,
test_051178,
test_051179,
test_051180,
test_051181,
test_051182,
test_051183,
test_051184,
test_051185,
test_051186,
test_051187,
test_051188,
test_051189,
test_051190,
test_051191,
test_051192,
test_051193,
test_051194,
test_051195,
test_051196,
test_051197,
test_051198,
test_051199,
test_051200,
test_051201,
test_051202,
test_051203,
test_051204,
test_051205,
test_051206,
test_051207,
test_051208,
test_051209,
test_051210,
test_051211,
test_051212,
test_051213,
test_051214,
test_051215,
test_051216,
test_051217,
test_051218,
test_051219,
test_051220,
test_051221,
test_051222,
test_051223,
test_051224,
test_051225,
test_051226,
test_051227,
test_051228,
test_051229,
test_051230,
test_051231,
test_051232,
test_051233,
test_051234,
test_051235,
test_051236,
test_051237,
test_051238,
test_051239,
test_051240,
test_051241,
test_051242,
test_051243,
test_051244,
test_051245,
test_051246,
test_051247,
test_051248,
test_051249,
test_051250,
test_051251,
test_051252,
test_051253,
test_051254,
test_051255,
test_051256,
test_051257,
test_051258,
test_051259,
test_051260,
test_051261,
test_051262,
test_051263,
test_051264,
test_051265,
test_051266,
test_051267,
test_051268,
test_051269,
test_051270,
test_051271,
test_051272,
test_051273,
test_051274,
test_051275,
test_051276,
test_051277,
test_051278,
test_051279,
test_051280,
test_051281,
test_051282,
test_051283,
test_051284,
test_051285,
test_051286,
test_051287,
test_051288,
test_051289,
test_051290,
test_051291,
test_051292,
test_051293,
test_051294,
test_051295,
test_051296,
test_051297,
test_051298,
test_051299,
test_051300,
test_051301,
test_051302,
test_051303,
test_051304,
test_051305,
test_051306,
test_051307,
test_051308,
test_051309,
test_051310,
test_051311,
test_051312,
test_051313,
test_051314,
test_051315,
test_051316,
test_051317,
test_051318,
test_051319,
test_051320,
test_051321,
test_051322,
test_051323,
test_051324,
test_051325,
test_051326,
test_051327,
test_051328,
test_051329,
test_051330,
test_051331,
test_051332,
test_051333,
test_051334,
test_051335,
test_051336,
test_051337,
test_051338,
test_051339,
test_051340,
test_051341,
test_051342,
test_051343,
test_051344,
test_051345,
test_051346,
test_051347,
test_051348,
test_051349,
test_051350,
test_051351,
test_051352,
test_051353,
test_051354,
test_051355,
test_051356,
test_051357,
test_051358,
test_051359,
test_051360,
test_051361,
test_051362,
test_051363,
test_051364,
test_051365,
test_051366,
test_051367,
test_051368,
test_051369,
test_051370,
test_051371,
test_051372,
test_051373,
test_051374,
test_051375,
test_051376,
test_051377,
test_051378,
test_051379,
test_051380,
test_051381,
test_051382,
test_051383,
test_051384,
test_051385,
test_051386,
test_051387,
test_051388,
test_051389,
test_051390,
test_051391,
test_051392,
test_051393,
test_051394,
test_051395,
test_051396,
test_051397,
test_051398,
test_051399,
test_051400,
test_051401,
test_051402,
test_051403,
test_051404,
test_051405,
test_051406,
test_051407,
test_051408,
test_051409,
test_051410,
test_051411,
test_051412,
test_051413,
test_051414,
test_051415,
test_051416,
test_051417,
test_051418,
test_051419,
test_051420,
test_051421,
test_051422,
test_051423,
test_051424,
test_051425,
test_051426,
test_051427,
test_051428,
test_051429,
test_051430,
test_051431,
test_051432,
test_051433,
test_051434,
test_051435,
test_051436,
test_051437,
test_051438,
test_051439,
test_051440,
test_051441,
test_051442,
test_051443,
test_051444,
test_051445,
test_051446,
test_051447,
test_051448,
test_051449,
test_051450,
test_051451,
test_051452,
test_051453,
test_051454,
test_051455,
test_051456,
test_051457,
test_051458,
test_051459,
test_051460,
test_051461,
test_051462,
test_051463,
test_051464,
test_051465,
test_051466,
test_051467,
test_051468,
test_051469,
test_051470,
test_051471,
test_051472,
test_051473,
test_051474,
test_051475,
test_051476,
test_051477,
test_051478,
test_051479,
test_051480,
test_051481,
test_051482,
test_051483,
test_051484,
test_051485,
test_051486,
test_051487,
test_051488,
test_051489,
test_051490,
test_051491,
test_051492,
test_051493,
test_051494,
test_051495,
test_051496,
test_051497,
test_051498,
test_051499,
test_051500,
test_051501,
test_051502,
test_051503,
test_051504,
test_051505,
test_051506,
test_051507,
test_051508,
test_051509,
test_051510,
test_051511,
test_051512,
test_051513,
test_051514,
test_051515,
test_051516,
test_051517,
test_051518,
test_051519,
test_051520,
test_051521,
test_051522,
test_051523,
test_051524,
test_051525,
test_051526,
test_051527,
test_051528,
test_051529,
test_051530,
test_051531,
test_051532,
test_051533,
test_051534,
test_051535,
test_051536,
test_051537,
test_051538,
test_051539,
test_051540,
test_051541,
test_051542,
test_051543,
test_051544,
test_051545,
test_051546,
test_051547,
test_051548,
test_051549,
test_051550,
test_051551,
test_051552,
test_051553,
test_051554,
test_051555,
test_051556,
test_051557,
test_051558,
test_051559,
test_051560,
test_051561,
test_051562,
test_051563,
test_051564,
test_051565,
test_051566,
test_051567,
test_051568,
test_051569,
test_051570,
test_051571,
test_051572,
test_051573,
test_051574,
test_051575,
test_051576,
test_051577,
test_051578,
test_051579,
test_051580,
test_051581,
test_051582,
test_051583,
test_051584,
test_051585,
test_051586,
test_051587,
test_051588,
test_051589,
test_051590,
test_051591,
test_051592,
test_051593,
test_051594,
test_051595,
test_051596,
test_051597,
test_051598,
test_051599,
test_051600,
test_051601,
test_051602,
test_051603,
test_051604,
test_051605,
test_051606,
test_051607,
test_051608,
test_051609,
test_051610,
test_051611,
test_051612,
test_051613,
test_051614,
test_051615,
test_051616,
test_051617,
test_051618,
test_051619,
test_051620,
test_051621,
test_051622,
test_051623,
test_051624,
test_051625,
test_051626,
test_051627,
test_051628,
test_051629,
test_051630,
test_051631,
test_051632,
test_051633,
test_051634,
test_051635,
test_051636,
test_051637,
test_051638,
test_051639,
test_051640,
test_051641,
test_051642,
test_051643,
test_051644,
test_051645,
test_051646,
test_051647,
test_051648,
test_051649,
test_051650,
test_051651,
test_051652,
test_051653,
test_051654,
test_051655,
test_051656,
test_051657,
test_051658,
test_051659,
test_051660,
test_051661,
test_051662,
test_051663,
test_051664,
test_051665,
test_051666,
test_051667,
test_051668,
test_051669,
test_051670,
test_051671,
test_051672,
test_051673,
test_051674,
test_051675,
test_051676,
test_051677,
test_051678,
test_051679,
test_051680,
test_051681,
test_051682,
test_051683,
test_051684,
test_051685,
test_051686,
test_051687,
test_051688,
test_051689,
test_051690,
test_051691,
test_051692,
test_051693,
test_051694,
test_051695,
test_051696,
test_051697,
test_051698,
test_051699,
test_051700,
test_051701,
test_051702,
test_051703,
test_051704,
test_051705,
test_051706,
test_051707,
test_051708,
test_051709,
test_051710,
test_051711,
test_051712,
test_051713,
test_051714,
test_051715,
test_051716,
test_051717,
test_051718,
test_051719,
test_051720,
test_051721,
test_051722,
test_051723,
test_051724,
test_051725,
test_051726,
test_051727,
test_051728,
test_051729,
test_051730,
test_051731,
test_051732,
test_051733,
test_051734,
test_051735,
test_051736,
test_051737,
test_051738,
test_051739,
test_051740,
test_051741,
test_051742,
test_051743,
test_051744,
test_051745,
test_051746,
test_051747,
test_051748,
test_051749,
test_051750,
test_051751,
test_051752,
test_051753,
test_051754,
test_051755,
test_051756,
test_051757,
test_051758,
test_051759,
test_051760,
test_051761,
test_051762,
test_051763,
test_051764,
test_051765,
test_051766,
test_051767,
test_051768,
test_051769,
test_051770,
test_051771,
test_051772,
test_051773,
test_051774,
test_051775,
test_051776,
test_051777,
test_051778,
test_051779,
test_051780,
test_051781,
test_051782,
test_051783,
test_051784,
test_051785,
test_051786,
test_051787,
test_051788,
test_051789,
test_051790,
test_051791,
test_051792,
test_051793,
test_051794,
test_051795,
test_051796,
test_051797,
test_051798,
test_051799,
test_051800,
test_051801,
test_051802,
test_051803,
test_051804,
test_051805,
test_051806,
test_051807,
test_051808,
test_051809,
test_051810,
test_051811,
test_051812,
test_051813,
test_051814,
test_051815,
test_051816,
test_051817,
test_051818,
test_051819,
test_051820,
test_051821,
test_051822,
test_051823,
test_051824,
test_051825,
test_051826,
test_051827,
test_051828,
test_051829,
test_051830,
test_051831,
test_051832,
test_051833,
test_051834,
test_051835,
test_051836,
test_051837,
test_051838,
test_051839,
test_051840,
test_051841,
test_051842,
test_051843,
test_051844,
test_051845,
test_051846,
test_051847,
test_051848,
test_051849,
test_051850,
test_051851,
test_051852,
test_051853,
test_051854,
test_051855,
test_051856,
test_051857,
test_051858,
test_051859,
test_051860,
test_051861,
test_051862,
test_051863,
test_051864,
test_051865,
test_051866,
test_051867,
test_051868,
test_051869,
test_051870,
test_051871,
test_051872,
test_051873,
test_051874,
test_051875,
test_051876,
test_051877,
test_051878,
test_051879,
test_051880,
test_051881,
test_051882,
test_051883,
test_051884,
test_051885,
test_051886,
test_051887,
test_051888,
test_051889,
test_051890,
test_051891,
test_051892,
test_051893,
test_051894,
test_051895,
test_051896,
test_051897,
test_051898,
test_051899,
test_051900,
test_051901,
test_051902,
test_051903,
test_051904,
test_051905,
test_051906,
test_051907,
test_051908,
test_051909,
test_051910,
test_051911,
test_051912,
test_051913,
test_051914,
test_051915,
test_051916,
test_051917,
test_051918,
test_051919,
test_051920,
test_051921,
test_051922,
test_051923,
test_051924,
test_051925,
test_051926,
test_051927,
test_051928,
test_051929,
test_051930,
test_051931,
test_051932,
test_051933,
test_051934,
test_051935,
test_051936,
test_051937,
test_051938,
test_051939,
test_051940,
test_051941,
test_051942,
test_051943,
test_051944,
test_051945,
test_051946,
test_051947,
test_051948,
test_051949,
test_051950,
test_051951,
test_051952,
test_051953,
test_051954,
test_051955,
test_051956,
test_051957,
test_051958,
test_051959,
test_051960,
test_051961,
test_051962,
test_051963,
test_051964,
test_051965,
test_051966,
test_051967,
test_051968,
test_051969,
test_051970,
test_051971,
test_051972,
test_051973,
test_051974,
test_051975,
test_051976,
test_051977,
test_051978,
test_051979,
test_051980,
test_051981,
test_051982,
test_051983,
test_051984,
test_051985,
test_051986,
test_051987,
test_051988,
test_051989,
test_051990,
test_051991,
test_051992,
test_051993,
test_051994,
test_051995,
test_051996,
test_051997,
test_051998,
test_051999,
test_052000,
test_052001,
test_052002,
test_052003,
test_052004,
test_052005,
test_052006,
test_052007,
test_052008,
test_052009,
test_052010,
test_052011,
test_052012,
test_052013,
test_052014,
test_052015,
test_052016,
test_052017,
test_052018,
test_052019,
test_052020,
test_052021,
test_052022,
test_052023,
test_052024,
test_052025,
test_052026,
test_052027,
test_052028,
test_052029,
test_052030,
test_052031,
test_052032,
test_052033,
test_052034,
test_052035,
test_052036,
test_052037,
test_052038,
test_052039,
test_052040,
test_052041,
test_052042,
test_052043,
test_052044,
test_052045,
test_052046,
test_052047,
test_052048,
test_052049,
test_052050,
test_052051,
test_052052,
test_052053,
test_052054,
test_052055,
test_052056,
test_052057,
test_052058,
test_052059,
test_052060,
test_052061,
test_052062,
test_052063,
test_052064,
test_052065,
test_052066,
test_052067,
test_052068,
test_052069,
test_052070,
test_052071,
test_052072,
test_052073,
test_052074,
test_052075,
test_052076,
test_052077,
test_052078,
test_052079,
test_052080,
test_052081,
test_052082,
test_052083,
test_052084,
test_052085,
test_052086,
test_052087,
test_052088,
test_052089,
test_052090,
test_052091,
test_052092,
test_052093,
test_052094,
test_052095,
test_052096,
test_052097,
test_052098,
test_052099,
test_052100,
test_052101,
test_052102,
test_052103,
test_052104,
test_052105,
test_052106,
test_052107,
test_052108,
test_052109,
test_052110,
test_052111,
test_052112,
test_052113,
test_052114,
test_052115,
test_052116,
test_052117,
test_052118,
test_052119,
test_052120,
test_052121,
test_052122,
test_052123,
test_052124,
test_052125,
test_052126,
test_052127,
test_052128,
test_052129,
test_052130,
test_052131,
test_052132,
test_052133,
test_052134,
test_052135,
test_052136,
test_052137,
test_052138,
test_052139,
test_052140,
test_052141,
test_052142,
test_052143,
test_052144,
test_052145,
test_052146,
test_052147,
test_052148,
test_052149,
test_052150,
test_052151,
test_052152,
test_052153,
test_052154,
test_052155,
test_052156,
test_052157,
test_052158,
test_052159,
test_052160,
test_052161,
test_052162,
test_052163,
test_052164,
test_052165,
test_052166,
test_052167,
test_052168,
test_052169,
test_052170,
test_052171,
test_052172,
test_052173,
test_052174,
test_052175,
test_052176,
test_052177,
test_052178,
test_052179,
test_052180,
test_052181,
test_052182,
test_052183,
test_052184,
test_052185,
test_052186,
test_052187,
test_052188,
test_052189,
test_052190,
test_052191,
test_052192,
test_052193,
test_052194,
test_052195,
test_052196,
test_052197,
test_052198,
test_052199,
test_052200,
test_052201,
test_052202,
test_052203,
test_052204,
test_052205,
test_052206,
test_052207,
test_052208,
test_052209,
test_052210,
test_052211,
test_052212,
test_052213,
test_052214,
test_052215,
test_052216,
test_052217,
test_052218,
test_052219,
test_052220,
test_052221,
test_052222,
test_052223,
test_052224,
test_052225,
test_052226,
test_052227,
test_052228,
test_052229,
test_052230,
test_052231,
test_052232,
test_052233,
test_052234,
test_052235,
test_052236,
test_052237,
test_052238,
test_052239,
test_052240,
test_052241,
test_052242,
test_052243,
test_052244,
test_052245,
test_052246,
test_052247,
test_052248,
test_052249,
test_052250,
test_052251,
test_052252,
test_052253,
test_052254,
test_052255,
test_052256,
test_052257,
test_052258,
test_052259,
test_052260,
test_052261,
test_052262,
test_052263,
test_052264,
test_052265,
test_052266,
test_052267,
test_052268,
test_052269,
test_052270,
test_052271,
test_052272,
test_052273,
test_052274,
test_052275,
test_052276,
test_052277,
test_052278,
test_052279,
test_052280,
test_052281,
test_052282,
test_052283,
test_052284,
test_052285,
test_052286,
test_052287,
test_052288,
test_052289,
test_052290,
test_052291,
test_052292,
test_052293,
test_052294,
test_052295,
test_052296,
test_052297,
test_052298,
test_052299,
test_052300,
test_052301,
test_052302,
test_052303,
test_052304,
test_052305,
test_052306,
test_052307,
test_052308,
test_052309,
test_052310,
test_052311,
test_052312,
test_052313,
test_052314,
test_052315,
test_052316,
test_052317,
test_052318,
test_052319,
test_052320,
test_052321,
test_052322,
test_052323,
test_052324,
test_052325,
test_052326,
test_052327,
test_052328,
test_052329,
test_052330,
test_052331,
test_052332,
test_052333,
test_052334,
test_052335,
test_052336,
test_052337,
test_052338,
test_052339,
test_052340,
test_052341,
test_052342,
test_052343,
test_052344,
test_052345,
test_052346,
test_052347,
test_052348,
test_052349,
test_052350,
test_052351,
test_052352,
test_052353,
test_052354,
test_052355,
test_052356,
test_052357,
test_052358,
test_052359,
test_052360,
test_052361,
test_052362,
test_052363,
test_052364,
test_052365,
test_052366,
test_052367,
test_052368,
test_052369,
test_052370,
test_052371,
test_052372,
test_052373,
test_052374,
test_052375,
test_052376,
test_052377,
test_052378,
test_052379,
test_052380,
test_052381,
test_052382,
test_052383,
test_052384,
test_052385,
test_052386,
test_052387,
test_052388,
test_052389,
test_052390,
test_052391,
test_052392,
test_052393,
test_052394,
test_052395,
test_052396,
test_052397,
test_052398,
test_052399,
test_052400,
test_052401,
test_052402,
test_052403,
test_052404,
test_052405,
test_052406,
test_052407,
test_052408,
test_052409,
test_052410,
test_052411,
test_052412,
test_052413,
test_052414,
test_052415,
test_052416,
test_052417,
test_052418,
test_052419,
test_052420,
test_052421,
test_052422,
test_052423,
test_052424,
test_052425,
test_052426,
test_052427,
test_052428,
test_052429,
test_052430,
test_052431,
test_052432,
test_052433,
test_052434,
test_052435,
test_052436,
test_052437,
test_052438,
test_052439,
test_052440,
test_052441,
test_052442,
test_052443,
test_052444,
test_052445,
test_052446,
test_052447,
test_052448,
test_052449,
test_052450,
test_052451,
test_052452,
test_052453,
test_052454,
test_052455,
test_052456,
test_052457,
test_052458,
test_052459,
test_052460,
test_052461,
test_052462,
test_052463,
test_052464,
test_052465,
test_052466,
test_052467,
test_052468,
test_052469,
test_052470,
test_052471,
test_052472,
test_052473,
test_052474,
test_052475,
test_052476,
test_052477,
test_052478,
test_052479,
test_052480,
test_052481,
test_052482,
test_052483,
test_052484,
test_052485,
test_052486,
test_052487,
test_052488,
test_052489,
test_052490,
test_052491,
test_052492,
test_052493,
test_052494,
test_052495,
test_052496,
test_052497,
test_052498,
test_052499,
test_052500,
test_052501,
test_052502,
test_052503,
test_052504,
test_052505,
test_052506,
test_052507,
test_052508,
test_052509,
test_052510,
test_052511,
test_052512,
test_052513,
test_052514,
test_052515,
test_052516,
test_052517,
test_052518,
test_052519,
test_052520,
test_052521,
test_052522,
test_052523,
test_052524,
test_052525,
test_052526,
test_052527,
test_052528,
test_052529,
test_052530,
test_052531,
test_052532,
test_052533,
test_052534,
test_052535,
test_052536,
test_052537,
test_052538,
test_052539,
test_052540,
test_052541,
test_052542,
test_052543,
test_052544,
test_052545,
test_052546,
test_052547,
test_052548,
test_052549,
test_052550,
test_052551,
test_052552,
test_052553,
test_052554,
test_052555,
test_052556,
test_052557,
test_052558,
test_052559,
test_052560,
test_052561,
test_052562,
test_052563,
test_052564,
test_052565,
test_052566,
test_052567,
test_052568,
test_052569,
test_052570,
test_052571,
test_052572,
test_052573,
test_052574,
test_052575,
test_052576,
test_052577,
test_052578,
test_052579,
test_052580,
test_052581,
test_052582,
test_052583,
test_052584,
test_052585,
test_052586,
test_052587,
test_052588,
test_052589,
test_052590,
test_052591,
test_052592,
test_052593,
test_052594,
test_052595,
test_052596,
test_052597,
test_052598,
test_052599,
test_052600,
test_052601,
test_052602,
test_052603,
test_052604,
test_052605,
test_052606,
test_052607,
test_052608,
test_052609,
test_052610,
test_052611,
test_052612,
test_052613,
test_052614,
test_052615,
test_052616,
test_052617,
test_052618,
test_052619,
test_052620,
test_052621,
test_052622,
test_052623,
test_052624,
test_052625,
test_052626,
test_052627,
test_052628,
test_052629,
test_052630,
test_052631,
test_052632,
test_052633,
test_052634,
test_052635,
test_052636,
test_052637,
test_052638,
test_052639,
test_052640,
test_052641,
test_052642,
test_052643,
test_052644,
test_052645,
test_052646,
test_052647,
test_052648,
test_052649,
test_052650,
test_052651,
test_052652,
test_052653,
test_052654,
test_052655,
test_052656,
test_052657,
test_052658,
test_052659,
test_052660,
test_052661,
test_052662,
test_052663,
test_052664,
test_052665,
test_052666,
test_052667,
test_052668,
test_052669,
test_052670,
test_052671,
test_052672,
test_052673,
test_052674,
test_052675,
test_052676,
test_052677,
test_052678,
test_052679,
test_052680,
test_052681,
test_052682,
test_052683,
test_052684,
test_052685,
test_052686,
test_052687,
test_052688,
test_052689,
test_052690,
test_052691,
test_052692,
test_052693,
test_052694,
test_052695,
test_052696,
test_052697,
test_052698,
test_052699,
test_052700,
test_052701,
test_052702,
test_052703,
test_052704,
test_052705,
test_052706,
test_052707,
test_052708,
test_052709,
test_052710,
test_052711,
test_052712,
test_052713,
test_052714,
test_052715,
test_052716,
test_052717,
test_052718,
test_052719,
test_052720,
test_052721,
test_052722,
test_052723,
test_052724,
test_052725,
test_052726,
test_052727,
test_052728,
test_052729,
test_052730,
test_052731,
test_052732,
test_052733,
test_052734,
test_052735,
test_052736,
test_052737,
test_052738,
test_052739,
test_052740,
test_052741,
test_052742,
test_052743,
test_052744,
test_052745,
test_052746,
test_052747,
test_052748,
test_052749,
test_052750,
test_052751,
test_052752,
test_052753,
test_052754,
test_052755,
test_052756,
test_052757,
test_052758,
test_052759,
test_052760,
test_052761,
test_052762,
test_052763,
test_052764,
test_052765,
test_052766,
test_052767,
test_052768,
test_052769,
test_052770,
test_052771,
test_052772,
test_052773,
test_052774,
test_052775,
test_052776,
test_052777,
test_052778,
test_052779,
test_052780,
test_052781,
test_052782,
test_052783,
test_052784,
test_052785,
test_052786,
test_052787,
test_052788,
test_052789,
test_052790,
test_052791,
test_052792,
test_052793,
test_052794,
test_052795,
test_052796,
test_052797,
test_052798,
test_052799,
test_052800,
test_052801,
test_052802,
test_052803,
test_052804,
test_052805,
test_052806,
test_052807,
test_052808,
test_052809,
test_052810,
test_052811,
test_052812,
test_052813,
test_052814,
test_052815,
test_052816,
test_052817,
test_052818,
test_052819,
test_052820,
test_052821,
test_052822,
test_052823,
test_052824,
test_052825,
test_052826,
test_052827,
test_052828,
test_052829,
test_052830,
test_052831,
test_052832,
test_052833,
test_052834,
test_052835,
test_052836,
test_052837,
test_052838,
test_052839,
test_052840,
test_052841,
test_052842,
test_052843,
test_052844,
test_052845,
test_052846,
test_052847,
test_052848,
test_052849,
test_052850,
test_052851,
test_052852,
test_052853,
test_052854,
test_052855,
test_052856,
test_052857,
test_052858,
test_052859,
test_052860,
test_052861,
test_052862,
test_052863,
test_052864,
test_052865,
test_052866,
test_052867,
test_052868,
test_052869,
test_052870,
test_052871,
test_052872,
test_052873,
test_052874,
test_052875,
test_052876,
test_052877,
test_052878,
test_052879,
test_052880,
test_052881,
test_052882,
test_052883,
test_052884,
test_052885,
test_052886,
test_052887,
test_052888,
test_052889,
test_052890,
test_052891,
test_052892,
test_052893,
test_052894,
test_052895,
test_052896,
test_052897,
test_052898,
test_052899,
test_052900,
test_052901,
test_052902,
test_052903,
test_052904,
test_052905,
test_052906,
test_052907,
test_052908,
test_052909,
test_052910,
test_052911,
test_052912,
test_052913,
test_052914,
test_052915,
test_052916,
test_052917,
test_052918,
test_052919,
test_052920,
test_052921,
test_052922,
test_052923,
test_052924,
test_052925,
test_052926,
test_052927,
test_052928,
test_052929,
test_052930,
test_052931,
test_052932,
test_052933,
test_052934,
test_052935,
test_052936,
test_052937,
test_052938,
test_052939,
test_052940,
test_052941,
test_052942,
test_052943,
test_052944,
test_052945,
test_052946,
test_052947,
test_052948,
test_052949,
test_052950,
test_052951,
test_052952,
test_052953,
test_052954,
test_052955,
test_052956,
test_052957,
test_052958,
test_052959,
test_052960,
test_052961,
test_052962,
test_052963,
test_052964,
test_052965,
test_052966,
test_052967,
test_052968,
test_052969,
test_052970,
test_052971,
test_052972,
test_052973,
test_052974,
test_052975,
test_052976,
test_052977,
test_052978,
test_052979,
test_052980,
test_052981,
test_052982,
test_052983,
test_052984,
test_052985,
test_052986,
test_052987,
test_052988,
test_052989,
test_052990,
test_052991,
test_052992,
test_052993,
test_052994,
test_052995,
test_052996,
test_052997,
test_052998,
test_052999,
test_053000,
test_053001,
test_053002,
test_053003,
test_053004,
test_053005,
test_053006,
test_053007,
test_053008,
test_053009,
test_053010,
test_053011,
test_053012,
test_053013,
test_053014,
test_053015,
test_053016,
test_053017,
test_053018,
test_053019,
test_053020,
test_053021,
test_053022,
test_053023,
test_053024,
test_053025,
test_053026,
test_053027,
test_053028,
test_053029,
test_053030,
test_053031,
test_053032,
test_053033,
test_053034,
test_053035,
test_053036,
test_053037,
test_053038,
test_053039,
test_053040,
test_053041,
test_053042,
test_053043,
test_053044,
test_053045,
test_053046,
test_053047,
test_053048,
test_053049,
test_053050,
test_053051,
test_053052,
test_053053,
test_053054,
test_053055,
test_053056,
test_053057,
test_053058,
test_053059,
test_053060,
test_053061,
test_053062,
test_053063,
test_053064,
test_053065,
test_053066,
test_053067,
test_053068,
test_053069,
test_053070,
test_053071,
test_053072,
test_053073,
test_053074,
test_053075,
test_053076,
test_053077,
test_053078,
test_053079,
test_053080,
test_053081,
test_053082,
test_053083,
test_053084,
test_053085,
test_053086,
test_053087,
test_053088,
test_053089,
test_053090,
test_053091,
test_053092,
test_053093,
test_053094,
test_053095,
test_053096,
test_053097,
test_053098,
test_053099,
test_053100,
test_053101,
test_053102,
test_053103,
test_053104,
test_053105,
test_053106,
test_053107,
test_053108,
test_053109,
test_053110,
test_053111,
test_053112,
test_053113,
test_053114,
test_053115,
test_053116,
test_053117,
test_053118,
test_053119,
test_053120,
test_053121,
test_053122,
test_053123,
test_053124,
test_053125,
test_053126,
test_053127,
test_053128,
test_053129,
test_053130,
test_053131,
test_053132,
test_053133,
test_053134,
test_053135,
test_053136,
test_053137,
test_053138,
test_053139,
test_053140,
test_053141,
test_053142,
test_053143,
test_053144,
test_053145,
test_053146,
test_053147,
test_053148,
test_053149,
test_053150,
test_053151,
test_053152,
test_053153,
test_053154,
test_053155,
test_053156,
test_053157,
test_053158,
test_053159,
test_053160,
test_053161,
test_053162,
test_053163,
test_053164,
test_053165,
test_053166,
test_053167,
test_053168,
test_053169,
test_053170,
test_053171,
test_053172,
test_053173,
test_053174,
test_053175,
test_053176,
test_053177,
test_053178,
test_053179,
test_053180,
test_053181,
test_053182,
test_053183,
test_053184,
test_053185,
test_053186,
test_053187,
test_053188,
test_053189,
test_053190,
test_053191,
test_053192,
test_053193,
test_053194,
test_053195,
test_053196,
test_053197,
test_053198,
test_053199,
test_053200,
test_053201,
test_053202,
test_053203,
test_053204,
test_053205,
test_053206,
test_053207,
test_053208,
test_053209,
test_053210,
test_053211,
test_053212,
test_053213,
test_053214,
test_053215,
test_053216,
test_053217,
test_053218,
test_053219,
test_053220,
test_053221,
test_053222,
test_053223,
test_053224,
test_053225,
test_053226,
test_053227,
test_053228,
test_053229,
test_053230,
test_053231,
test_053232,
test_053233,
test_053234,
test_053235,
test_053236,
test_053237,
test_053238,
test_053239,
test_053240,
test_053241,
test_053242,
test_053243,
test_053244,
test_053245,
test_053246,
test_053247,
test_053248,
test_053249,
test_053250,
test_053251,
test_053252,
test_053253,
test_053254,
test_053255,
test_053256,
test_053257,
test_053258,
test_053259,
test_053260,
test_053261,
test_053262,
test_053263,
test_053264,
test_053265,
test_053266,
test_053267,
test_053268,
test_053269,
test_053270,
test_053271,
test_053272,
test_053273,
test_053274,
test_053275,
test_053276,
test_053277,
test_053278,
test_053279,
test_053280,
test_053281,
test_053282,
test_053283,
test_053284,
test_053285,
test_053286,
test_053287,
test_053288,
test_053289,
test_053290,
test_053291,
test_053292,
test_053293,
test_053294,
test_053295,
test_053296,
test_053297,
test_053298,
test_053299,
test_053300,
test_053301,
test_053302,
test_053303,
test_053304,
test_053305,
test_053306,
test_053307,
test_053308,
test_053309,
test_053310,
test_053311,
test_053312,
test_053313,
test_053314,
test_053315,
test_053316,
test_053317,
test_053318,
test_053319,
test_053320,
test_053321,
test_053322,
test_053323,
test_053324,
test_053325,
test_053326,
test_053327,
test_053328,
test_053329,
test_053330,
test_053331,
test_053332,
test_053333,
test_053334,
test_053335,
test_053336,
test_053337,
test_053338,
test_053339,
test_053340,
test_053341,
test_053342,
test_053343,
test_053344,
test_053345,
test_053346,
test_053347,
test_053348,
test_053349,
test_053350,
test_053351,
test_053352,
test_053353,
test_053354,
test_053355,
test_053356,
test_053357,
test_053358,
test_053359,
test_053360,
test_053361,
test_053362,
test_053363,
test_053364,
test_053365,
test_053366,
test_053367,
test_053368,
test_053369,
test_053370,
test_053371,
test_053372,
test_053373,
test_053374,
test_053375,
test_053376,
test_053377,
test_053378,
test_053379,
test_053380,
test_053381,
test_053382,
test_053383,
test_053384,
test_053385,
test_053386,
test_053387,
test_053388,
test_053389,
test_053390,
test_053391,
test_053392,
test_053393,
test_053394,
test_053395,
test_053396,
test_053397,
test_053398,
test_053399,
test_053400,
test_053401,
test_053402,
test_053403,
test_053404,
test_053405,
test_053406,
test_053407,
test_053408,
test_053409,
test_053410,
test_053411,
test_053412,
test_053413,
test_053414,
test_053415,
test_053416,
test_053417,
test_053418,
test_053419,
test_053420,
test_053421,
test_053422,
test_053423,
test_053424,
test_053425,
test_053426,
test_053427,
test_053428,
test_053429,
test_053430,
test_053431,
test_053432,
test_053433,
test_053434,
test_053435,
test_053436,
test_053437,
test_053438,
test_053439,
test_053440,
test_053441,
test_053442,
test_053443,
test_053444,
test_053445,
test_053446,
test_053447,
test_053448,
test_053449,
test_053450,
test_053451,
test_053452,
test_053453,
test_053454,
test_053455,
test_053456,
test_053457,
test_053458,
test_053459,
test_053460,
test_053461,
test_053462,
test_053463,
test_053464,
test_053465,
test_053466,
test_053467,
test_053468,
test_053469,
test_053470,
test_053471,
test_053472,
test_053473,
test_053474,
test_053475,
test_053476,
test_053477,
test_053478,
test_053479,
test_053480,
test_053481,
test_053482,
test_053483,
test_053484,
test_053485,
test_053486,
test_053487,
test_053488,
test_053489,
test_053490,
test_053491,
test_053492,
test_053493,
test_053494,
test_053495,
test_053496,
test_053497,
test_053498,
test_053499,
test_053500,
test_053501,
test_053502,
test_053503,
test_053504,
test_053505,
test_053506,
test_053507,
test_053508,
test_053509,
test_053510,
test_053511,
test_053512,
test_053513,
test_053514,
test_053515,
test_053516,
test_053517,
test_053518,
test_053519,
test_053520,
test_053521,
test_053522,
test_053523,
test_053524,
test_053525,
test_053526,
test_053527,
test_053528,
test_053529,
test_053530,
test_053531,
test_053532,
test_053533,
test_053534,
test_053535,
test_053536,
test_053537,
test_053538,
test_053539,
test_053540,
test_053541,
test_053542,
test_053543,
test_053544,
test_053545,
test_053546,
test_053547,
test_053548,
test_053549,
test_053550,
test_053551,
test_053552,
test_053553,
test_053554,
test_053555,
test_053556,
test_053557,
test_053558,
test_053559,
test_053560,
test_053561,
test_053562,
test_053563,
test_053564,
test_053565,
test_053566,
test_053567,
test_053568,
test_053569,
test_053570,
test_053571,
test_053572,
test_053573,
test_053574,
test_053575,
test_053576,
test_053577,
test_053578,
test_053579,
test_053580,
test_053581,
test_053582,
test_053583,
test_053584,
test_053585,
test_053586,
test_053587,
test_053588,
test_053589,
test_053590,
test_053591,
test_053592,
test_053593,
test_053594,
test_053595,
test_053596,
test_053597,
test_053598,
test_053599,
test_053600,
test_053601,
test_053602,
test_053603,
test_053604,
test_053605,
test_053606,
test_053607,
test_053608,
test_053609,
test_053610,
test_053611,
test_053612,
test_053613,
test_053614,
test_053615,
test_053616,
test_053617,
test_053618,
test_053619,
test_053620,
test_053621,
test_053622,
test_053623,
test_053624,
test_053625,
test_053626,
test_053627,
test_053628,
test_053629,
test_053630,
test_053631,
test_053632,
test_053633,
test_053634,
test_053635,
test_053636,
test_053637,
test_053638,
test_053639,
test_053640,
test_053641,
test_053642,
test_053643,
test_053644,
test_053645,
test_053646,
test_053647,
test_053648,
test_053649,
test_053650,
test_053651,
test_053652,
test_053653,
test_053654,
test_053655,
test_053656,
test_053657,
test_053658,
test_053659,
test_053660,
test_053661,
test_053662,
test_053663,
test_053664,
test_053665,
test_053666,
test_053667,
test_053668,
test_053669,
test_053670,
test_053671,
test_053672,
test_053673,
test_053674,
test_053675,
test_053676,
test_053677,
test_053678,
test_053679,
test_053680,
test_053681,
test_053682,
test_053683,
test_053684,
test_053685,
test_053686,
test_053687,
test_053688,
test_053689,
test_053690,
test_053691,
test_053692,
test_053693,
test_053694,
test_053695,
test_053696,
test_053697,
test_053698,
test_053699,
test_053700,
test_053701,
test_053702,
test_053703,
test_053704,
test_053705,
test_053706,
test_053707,
test_053708,
test_053709,
test_053710,
test_053711,
test_053712,
test_053713,
test_053714,
test_053715,
test_053716,
test_053717,
test_053718,
test_053719,
test_053720,
test_053721,
test_053722,
test_053723,
test_053724,
test_053725,
test_053726,
test_053727,
test_053728,
test_053729,
test_053730,
test_053731,
test_053732,
test_053733,
test_053734,
test_053735,
test_053736,
test_053737,
test_053738,
test_053739,
test_053740,
test_053741,
test_053742,
test_053743,
test_053744,
test_053745,
test_053746,
test_053747,
test_053748,
test_053749,
test_053750,
test_053751,
test_053752,
test_053753,
test_053754,
test_053755,
test_053756,
test_053757,
test_053758,
test_053759,
test_053760,
test_053761,
test_053762,
test_053763,
test_053764,
test_053765,
test_053766,
test_053767,
test_053768,
test_053769,
test_053770,
test_053771,
test_053772,
test_053773,
test_053774,
test_053775,
test_053776,
test_053777,
test_053778,
test_053779,
test_053780,
test_053781,
test_053782,
test_053783,
test_053784,
test_053785,
test_053786,
test_053787,
test_053788,
test_053789,
test_053790,
test_053791,
test_053792,
test_053793,
test_053794,
test_053795,
test_053796,
test_053797,
test_053798,
test_053799,
test_053800,
test_053801,
test_053802,
test_053803,
test_053804,
test_053805,
test_053806,
test_053807,
test_053808,
test_053809,
test_053810,
test_053811,
test_053812,
test_053813,
test_053814,
test_053815,
test_053816,
test_053817,
test_053818,
test_053819,
test_053820,
test_053821,
test_053822,
test_053823,
test_053824,
test_053825,
test_053826,
test_053827,
test_053828,
test_053829,
test_053830,
test_053831,
test_053832,
test_053833,
test_053834,
test_053835,
test_053836,
test_053837,
test_053838,
test_053839,
test_053840,
test_053841,
test_053842,
test_053843,
test_053844,
test_053845,
test_053846,
test_053847,
test_053848,
test_053849,
test_053850,
test_053851,
test_053852,
test_053853,
test_053854,
test_053855,
test_053856,
test_053857,
test_053858,
test_053859,
test_053860,
test_053861,
test_053862,
test_053863,
test_053864,
test_053865,
test_053866,
test_053867,
test_053868,
test_053869,
test_053870,
test_053871,
test_053872,
test_053873,
test_053874,
test_053875,
test_053876,
test_053877,
test_053878,
test_053879,
test_053880,
test_053881,
test_053882,
test_053883,
test_053884,
test_053885,
test_053886,
test_053887,
test_053888,
test_053889,
test_053890,
test_053891,
test_053892,
test_053893,
test_053894,
test_053895,
test_053896,
test_053897,
test_053898,
test_053899,
test_053900,
test_053901,
test_053902,
test_053903,
test_053904,
test_053905,
test_053906,
test_053907,
test_053908,
test_053909,
test_053910,
test_053911,
test_053912,
test_053913,
test_053914,
test_053915,
test_053916,
test_053917,
test_053918,
test_053919,
test_053920,
test_053921,
test_053922,
test_053923,
test_053924,
test_053925,
test_053926,
test_053927,
test_053928,
test_053929,
test_053930,
test_053931,
test_053932,
test_053933,
test_053934,
test_053935,
test_053936,
test_053937,
test_053938,
test_053939,
test_053940,
test_053941,
test_053942,
test_053943,
test_053944,
test_053945,
test_053946,
test_053947,
test_053948,
test_053949,
test_053950,
test_053951,
test_053952,
test_053953,
test_053954,
test_053955,
test_053956,
test_053957,
test_053958,
test_053959,
test_053960,
test_053961,
test_053962,
test_053963,
test_053964,
test_053965,
test_053966,
test_053967,
test_053968,
test_053969,
test_053970,
test_053971,
test_053972,
test_053973,
test_053974,
test_053975,
test_053976,
test_053977,
test_053978,
test_053979,
test_053980,
test_053981,
test_053982,
test_053983,
test_053984,
test_053985,
test_053986,
test_053987,
test_053988,
test_053989,
test_053990,
test_053991,
test_053992,
test_053993,
test_053994,
test_053995,
test_053996,
test_053997,
test_053998,
test_053999,
test_054000,
test_054001,
test_054002,
test_054003,
test_054004,
test_054005,
test_054006,
test_054007,
test_054008,
test_054009,
test_054010,
test_054011,
test_054012,
test_054013,
test_054014,
test_054015,
test_054016,
test_054017,
test_054018,
test_054019,
test_054020,
test_054021,
test_054022,
test_054023,
test_054024,
test_054025,
test_054026,
test_054027,
test_054028,
test_054029,
test_054030,
test_054031,
test_054032,
test_054033,
test_054034,
test_054035,
test_054036,
test_054037,
test_054038,
test_054039,
test_054040,
test_054041,
test_054042,
test_054043,
test_054044,
test_054045,
test_054046,
test_054047,
test_054048,
test_054049,
test_054050,
test_054051,
test_054052,
test_054053,
test_054054,
test_054055,
test_054056,
test_054057,
test_054058,
test_054059,
test_054060,
test_054061,
test_054062,
test_054063,
test_054064,
test_054065,
test_054066,
test_054067,
test_054068,
test_054069,
test_054070,
test_054071,
test_054072,
test_054073,
test_054074,
test_054075,
test_054076,
test_054077,
test_054078,
test_054079,
test_054080,
test_054081,
test_054082,
test_054083,
test_054084,
test_054085,
test_054086,
test_054087,
test_054088,
test_054089,
test_054090,
test_054091,
test_054092,
test_054093,
test_054094,
test_054095,
test_054096,
test_054097,
test_054098,
test_054099,
test_054100,
test_054101,
test_054102,
test_054103,
test_054104,
test_054105,
test_054106,
test_054107,
test_054108,
test_054109,
test_054110,
test_054111,
test_054112,
test_054113,
test_054114,
test_054115,
test_054116,
test_054117,
test_054118,
test_054119,
test_054120,
test_054121,
test_054122,
test_054123,
test_054124,
test_054125,
test_054126,
test_054127,
test_054128,
test_054129,
test_054130,
test_054131,
test_054132,
test_054133,
test_054134,
test_054135,
test_054136,
test_054137,
test_054138,
test_054139,
test_054140,
test_054141,
test_054142,
test_054143,
test_054144,
test_054145,
test_054146,
test_054147,
test_054148,
test_054149,
test_054150,
test_054151,
test_054152,
test_054153,
test_054154,
test_054155,
test_054156,
test_054157,
test_054158,
test_054159,
test_054160,
test_054161,
test_054162,
test_054163,
test_054164,
test_054165,
test_054166,
test_054167,
test_054168,
test_054169,
test_054170,
test_054171,
test_054172,
test_054173,
test_054174,
test_054175,
test_054176,
test_054177,
test_054178,
test_054179,
test_054180,
test_054181,
test_054182,
test_054183,
test_054184,
test_054185,
test_054186,
test_054187,
test_054188,
test_054189,
test_054190,
test_054191,
test_054192,
test_054193,
test_054194,
test_054195,
test_054196,
test_054197,
test_054198,
test_054199,
test_054200,
test_054201,
test_054202,
test_054203,
test_054204,
test_054205,
test_054206,
test_054207,
test_054208,
test_054209,
test_054210,
test_054211,
test_054212,
test_054213,
test_054214,
test_054215,
test_054216,
test_054217,
test_054218,
test_054219,
test_054220,
test_054221,
test_054222,
test_054223,
test_054224,
test_054225,
test_054226,
test_054227,
test_054228,
test_054229,
test_054230,
test_054231,
test_054232,
test_054233,
test_054234,
test_054235,
test_054236,
test_054237,
test_054238,
test_054239,
test_054240,
test_054241,
test_054242,
test_054243,
test_054244,
test_054245,
test_054246,
test_054247,
test_054248,
test_054249,
test_054250,
test_054251,
test_054252,
test_054253,
test_054254,
test_054255,
test_054256,
test_054257,
test_054258,
test_054259,
test_054260,
test_054261,
test_054262,
test_054263,
test_054264,
test_054265,
test_054266,
test_054267,
test_054268,
test_054269,
test_054270,
test_054271,
test_054272,
test_054273,
test_054274,
test_054275,
test_054276,
test_054277,
test_054278,
test_054279,
test_054280,
test_054281,
test_054282,
test_054283,
test_054284,
test_054285,
test_054286,
test_054287,
test_054288,
test_054289,
test_054290,
test_054291,
test_054292,
test_054293,
test_054294,
test_054295,
test_054296,
test_054297,
test_054298,
test_054299,
test_054300,
test_054301,
test_054302,
test_054303,
test_054304,
test_054305,
test_054306,
test_054307,
test_054308,
test_054309,
test_054310,
test_054311,
test_054312,
test_054313,
test_054314,
test_054315,
test_054316,
test_054317,
test_054318,
test_054319,
test_054320,
test_054321,
test_054322,
test_054323,
test_054324,
test_054325,
test_054326,
test_054327,
test_054328,
test_054329,
test_054330,
test_054331,
test_054332,
test_054333,
test_054334,
test_054335,
test_054336,
test_054337,
test_054338,
test_054339,
test_054340,
test_054341,
test_054342,
test_054343,
test_054344,
test_054345,
test_054346,
test_054347,
test_054348,
test_054349,
test_054350,
test_054351,
test_054352,
test_054353,
test_054354,
test_054355,
test_054356,
test_054357,
test_054358,
test_054359,
test_054360,
test_054361,
test_054362,
test_054363,
test_054364,
test_054365,
test_054366,
test_054367,
test_054368,
test_054369,
test_054370,
test_054371,
test_054372,
test_054373,
test_054374,
test_054375,
test_054376,
test_054377,
test_054378,
test_054379,
test_054380,
test_054381,
test_054382,
test_054383,
test_054384,
test_054385,
test_054386,
test_054387,
test_054388,
test_054389,
test_054390,
test_054391,
test_054392,
test_054393,
test_054394,
test_054395,
test_054396,
test_054397,
test_054398,
test_054399,
test_054400,
test_054401,
test_054402,
test_054403,
test_054404,
test_054405,
test_054406,
test_054407,
test_054408,
test_054409,
test_054410,
test_054411,
test_054412,
test_054413,
test_054414,
test_054415,
test_054416,
test_054417,
test_054418,
test_054419,
test_054420,
test_054421,
test_054422,
test_054423,
test_054424,
test_054425,
test_054426,
test_054427,
test_054428,
test_054429,
test_054430,
test_054431,
test_054432,
test_054433,
test_054434,
test_054435,
test_054436,
test_054437,
test_054438,
test_054439,
test_054440,
test_054441,
test_054442,
test_054443,
test_054444,
test_054445,
test_054446,
test_054447,
test_054448,
test_054449,
test_054450,
test_054451,
test_054452,
test_054453,
test_054454,
test_054455,
test_054456,
test_054457,
test_054458,
test_054459,
test_054460,
test_054461,
test_054462,
test_054463,
test_054464,
test_054465,
test_054466,
test_054467,
test_054468,
test_054469,
test_054470,
test_054471,
test_054472,
test_054473,
test_054474,
test_054475,
test_054476,
test_054477,
test_054478,
test_054479,
test_054480,
test_054481,
test_054482,
test_054483,
test_054484,
test_054485,
test_054486,
test_054487,
test_054488,
test_054489,
test_054490,
test_054491,
test_054492,
test_054493,
test_054494,
test_054495,
test_054496,
test_054497,
test_054498,
test_054499,
test_054500,
test_054501,
test_054502,
test_054503,
test_054504,
test_054505,
test_054506,
test_054507,
test_054508,
test_054509,
test_054510,
test_054511,
test_054512,
test_054513,
test_054514,
test_054515,
test_054516,
test_054517,
test_054518,
test_054519,
test_054520,
test_054521,
test_054522,
test_054523,
test_054524,
test_054525,
test_054526,
test_054527,
test_054528,
test_054529,
test_054530,
test_054531,
test_054532,
test_054533,
test_054534,
test_054535,
test_054536,
test_054537,
test_054538,
test_054539,
test_054540,
test_054541,
test_054542,
test_054543,
test_054544,
test_054545,
test_054546,
test_054547,
test_054548,
test_054549,
test_054550,
test_054551,
test_054552,
test_054553,
test_054554,
test_054555,
test_054556,
test_054557,
test_054558,
test_054559,
test_054560,
test_054561,
test_054562,
test_054563,
test_054564,
test_054565,
test_054566,
test_054567,
test_054568,
test_054569,
test_054570,
test_054571,
test_054572,
test_054573,
test_054574,
test_054575,
test_054576,
test_054577,
test_054578,
test_054579,
test_054580,
test_054581,
test_054582,
test_054583,
test_054584,
test_054585,
test_054586,
test_054587,
test_054588,
test_054589,
test_054590,
test_054591,
test_054592,
test_054593,
test_054594,
test_054595,
test_054596,
test_054597,
test_054598,
test_054599,
test_054600,
test_054601,
test_054602,
test_054603,
test_054604,
test_054605,
test_054606,
test_054607,
test_054608,
test_054609,
test_054610,
test_054611,
test_054612,
test_054613,
test_054614,
test_054615,
test_054616,
test_054617,
test_054618,
test_054619,
test_054620,
test_054621,
test_054622,
test_054623,
test_054624,
test_054625,
test_054626,
test_054627,
test_054628,
test_054629,
test_054630,
test_054631,
test_054632,
test_054633,
test_054634,
test_054635,
test_054636,
test_054637,
test_054638,
test_054639,
test_054640,
test_054641,
test_054642,
test_054643,
test_054644,
test_054645,
test_054646,
test_054647,
test_054648,
test_054649,
test_054650,
test_054651,
test_054652,
test_054653,
test_054654,
test_054655,
test_054656,
test_054657,
test_054658,
test_054659,
test_054660,
test_054661,
test_054662,
test_054663,
test_054664,
test_054665,
test_054666,
test_054667,
test_054668,
test_054669,
test_054670,
test_054671,
test_054672,
test_054673,
test_054674,
test_054675,
test_054676,
test_054677,
test_054678,
test_054679,
test_054680,
test_054681,
test_054682,
test_054683,
test_054684,
test_054685,
test_054686,
test_054687,
test_054688,
test_054689,
test_054690,
test_054691,
test_054692,
test_054693,
test_054694,
test_054695,
test_054696,
test_054697,
test_054698,
test_054699,
test_054700,
test_054701,
test_054702,
test_054703,
test_054704,
test_054705,
test_054706,
test_054707,
test_054708,
test_054709,
test_054710,
test_054711,
test_054712,
test_054713,
test_054714,
test_054715,
test_054716,
test_054717,
test_054718,
test_054719,
test_054720,
test_054721,
test_054722,
test_054723,
test_054724,
test_054725,
test_054726,
test_054727,
test_054728,
test_054729,
test_054730,
test_054731,
test_054732,
test_054733,
test_054734,
test_054735,
test_054736,
test_054737,
test_054738,
test_054739,
test_054740,
test_054741,
test_054742,
test_054743,
test_054744,
test_054745,
test_054746,
test_054747,
test_054748,
test_054749,
test_054750,
test_054751,
test_054752,
test_054753,
test_054754,
test_054755,
test_054756,
test_054757,
test_054758,
test_054759,
test_054760,
test_054761,
test_054762,
test_054763,
test_054764,
test_054765,
test_054766,
test_054767,
test_054768,
test_054769,
test_054770,
test_054771,
test_054772,
test_054773,
test_054774,
test_054775,
test_054776,
test_054777,
test_054778,
test_054779,
test_054780,
test_054781,
test_054782,
test_054783,
test_054784,
test_054785,
test_054786,
test_054787,
test_054788,
test_054789,
test_054790,
test_054791,
test_054792,
test_054793,
test_054794,
test_054795,
test_054796,
test_054797,
test_054798,
test_054799,
test_054800,
test_054801,
test_054802,
test_054803,
test_054804,
test_054805,
test_054806,
test_054807,
test_054808,
test_054809,
test_054810,
test_054811,
test_054812,
test_054813,
test_054814,
test_054815,
test_054816,
test_054817,
test_054818,
test_054819,
test_054820,
test_054821,
test_054822,
test_054823,
test_054824,
test_054825,
test_054826,
test_054827,
test_054828,
test_054829,
test_054830,
test_054831,
test_054832,
test_054833,
test_054834,
test_054835,
test_054836,
test_054837,
test_054838,
test_054839,
test_054840,
test_054841,
test_054842,
test_054843,
test_054844,
test_054845,
test_054846,
test_054847,
test_054848,
test_054849,
test_054850,
test_054851,
test_054852,
test_054853,
test_054854,
test_054855,
test_054856,
test_054857,
test_054858,
test_054859,
test_054860,
test_054861,
test_054862,
test_054863,
test_054864,
test_054865,
test_054866,
test_054867,
test_054868,
test_054869,
test_054870,
test_054871,
test_054872,
test_054873,
test_054874,
test_054875,
test_054876,
test_054877,
test_054878,
test_054879,
test_054880,
test_054881,
test_054882,
test_054883,
test_054884,
test_054885,
test_054886,
test_054887,
test_054888,
test_054889,
test_054890,
test_054891,
test_054892,
test_054893,
test_054894,
test_054895,
test_054896,
test_054897,
test_054898,
test_054899,
test_054900,
test_054901,
test_054902,
test_054903,
test_054904,
test_054905,
test_054906,
test_054907,
test_054908,
test_054909,
test_054910,
test_054911,
test_054912,
test_054913,
test_054914,
test_054915,
test_054916,
test_054917,
test_054918,
test_054919,
test_054920,
test_054921,
test_054922,
test_054923,
test_054924,
test_054925,
test_054926,
test_054927,
test_054928,
test_054929,
test_054930,
test_054931,
test_054932,
test_054933,
test_054934,
test_054935,
test_054936,
test_054937,
test_054938,
test_054939,
test_054940,
test_054941,
test_054942,
test_054943,
test_054944,
test_054945,
test_054946,
test_054947,
test_054948,
test_054949,
test_054950,
test_054951,
test_054952,
test_054953,
test_054954,
test_054955,
test_054956,
test_054957,
test_054958,
test_054959,
test_054960,
test_054961,
test_054962,
test_054963,
test_054964,
test_054965,
test_054966,
test_054967,
test_054968,
test_054969,
test_054970,
test_054971,
test_054972,
test_054973,
test_054974,
test_054975,
test_054976,
test_054977,
test_054978,
test_054979,
test_054980,
test_054981,
test_054982,
test_054983,
test_054984,
test_054985,
test_054986,
test_054987,
test_054988,
test_054989,
test_054990,
test_054991,
test_054992,
test_054993,
test_054994,
test_054995,
test_054996,
test_054997,
test_054998,
test_054999,
test_055000,
test_055001,
test_055002,
test_055003,
test_055004,
test_055005,
test_055006,
test_055007,
test_055008,
test_055009,
test_055010,
test_055011,
test_055012,
test_055013,
test_055014,
test_055015,
test_055016,
test_055017,
test_055018,
test_055019,
test_055020,
test_055021,
test_055022,
test_055023,
test_055024,
test_055025,
test_055026,
test_055027,
test_055028,
test_055029,
test_055030,
test_055031,
test_055032,
test_055033,
test_055034,
test_055035,
test_055036,
test_055037,
test_055038,
test_055039,
test_055040,
test_055041,
test_055042,
test_055043,
test_055044,
test_055045,
test_055046,
test_055047,
test_055048,
test_055049,
test_055050,
test_055051,
test_055052,
test_055053,
test_055054,
test_055055,
test_055056,
test_055057,
test_055058,
test_055059,
test_055060,
test_055061,
test_055062,
test_055063,
test_055064,
test_055065,
test_055066,
test_055067,
test_055068,
test_055069,
test_055070,
test_055071,
test_055072,
test_055073,
test_055074,
test_055075,
test_055076,
test_055077,
test_055078,
test_055079,
test_055080,
test_055081,
test_055082,
test_055083,
test_055084,
test_055085,
test_055086,
test_055087,
test_055088,
test_055089,
test_055090,
test_055091,
test_055092,
test_055093,
test_055094,
test_055095,
test_055096,
test_055097,
test_055098,
test_055099,
test_055100,
test_055101,
test_055102,
test_055103,
test_055104,
test_055105,
test_055106,
test_055107,
test_055108,
test_055109,
test_055110,
test_055111,
test_055112,
test_055113,
test_055114,
test_055115,
test_055116,
test_055117,
test_055118,
test_055119,
test_055120,
test_055121,
test_055122,
test_055123,
test_055124,
test_055125,
test_055126,
test_055127,
test_055128,
test_055129,
test_055130,
test_055131,
test_055132,
test_055133,
test_055134,
test_055135,
test_055136,
test_055137,
test_055138,
test_055139,
test_055140,
test_055141,
test_055142,
test_055143,
test_055144,
test_055145,
test_055146,
test_055147,
test_055148,
test_055149,
test_055150,
test_055151,
test_055152,
test_055153,
test_055154,
test_055155,
test_055156,
test_055157,
test_055158,
test_055159,
test_055160,
test_055161,
test_055162,
test_055163,
test_055164,
test_055165,
test_055166,
test_055167,
test_055168,
test_055169,
test_055170,
test_055171,
test_055172,
test_055173,
test_055174,
test_055175,
test_055176,
test_055177,
test_055178,
test_055179,
test_055180,
test_055181,
test_055182,
test_055183,
test_055184,
test_055185,
test_055186,
test_055187,
test_055188,
test_055189,
test_055190,
test_055191,
test_055192,
test_055193,
test_055194,
test_055195,
test_055196,
test_055197,
test_055198,
test_055199,
test_055200,
test_055201,
test_055202,
test_055203,
test_055204,
test_055205,
test_055206,
test_055207,
test_055208,
test_055209,
test_055210,
test_055211,
test_055212,
test_055213,
test_055214,
test_055215,
test_055216,
test_055217,
test_055218,
test_055219,
test_055220,
test_055221,
test_055222,
test_055223,
test_055224,
test_055225,
test_055226,
test_055227,
test_055228,
test_055229,
test_055230,
test_055231,
test_055232,
test_055233,
test_055234,
test_055235,
test_055236,
test_055237,
test_055238,
test_055239,
test_055240,
test_055241,
test_055242,
test_055243,
test_055244,
test_055245,
test_055246,
test_055247,
test_055248,
test_055249,
test_055250,
test_055251,
test_055252,
test_055253,
test_055254,
test_055255,
test_055256,
test_055257,
test_055258,
test_055259,
test_055260,
test_055261,
test_055262,
test_055263,
test_055264,
test_055265,
test_055266,
test_055267,
test_055268,
test_055269,
test_055270,
test_055271,
test_055272,
test_055273,
test_055274,
test_055275,
test_055276,
test_055277,
test_055278,
test_055279,
test_055280,
test_055281,
test_055282,
test_055283,
test_055284,
test_055285,
test_055286,
test_055287,
test_055288,
test_055289,
test_055290,
test_055291,
test_055292,
test_055293,
test_055294,
test_055295,
test_055296,
test_055297,
test_055298,
test_055299,
test_055300,
test_055301,
test_055302,
test_055303,
test_055304,
test_055305,
test_055306,
test_055307,
test_055308,
test_055309,
test_055310,
test_055311,
test_055312,
test_055313,
test_055314,
test_055315,
test_055316,
test_055317,
test_055318,
test_055319,
test_055320,
test_055321,
test_055322,
test_055323,
test_055324,
test_055325,
test_055326,
test_055327,
test_055328,
test_055329,
test_055330,
test_055331,
test_055332,
test_055333,
test_055334,
test_055335,
test_055336,
test_055337,
test_055338,
test_055339,
test_055340,
test_055341,
test_055342,
test_055343,
test_055344,
test_055345,
test_055346,
test_055347,
test_055348,
test_055349,
test_055350,
test_055351,
test_055352,
test_055353,
test_055354,
test_055355,
test_055356,
test_055357,
test_055358,
test_055359,
test_055360,
test_055361,
test_055362,
test_055363,
test_055364,
test_055365,
test_055366,
test_055367,
test_055368,
test_055369,
test_055370,
test_055371,
test_055372,
test_055373,
test_055374,
test_055375,
test_055376,
test_055377,
test_055378,
test_055379,
test_055380,
test_055381,
test_055382,
test_055383,
test_055384,
test_055385,
test_055386,
test_055387,
test_055388,
test_055389,
test_055390,
test_055391,
test_055392,
test_055393,
test_055394,
test_055395,
test_055396,
test_055397,
test_055398,
test_055399,
test_055400,
test_055401,
test_055402,
test_055403,
test_055404,
test_055405,
test_055406,
test_055407,
test_055408,
test_055409,
test_055410,
test_055411,
test_055412,
test_055413,
test_055414,
test_055415,
test_055416,
test_055417,
test_055418,
test_055419,
test_055420,
test_055421,
test_055422,
test_055423,
test_055424,
test_055425,
test_055426,
test_055427,
test_055428,
test_055429,
test_055430,
test_055431,
test_055432,
test_055433,
test_055434,
test_055435,
test_055436,
test_055437,
test_055438,
test_055439,
test_055440,
test_055441,
test_055442,
test_055443,
test_055444,
test_055445,
test_055446,
test_055447,
test_055448,
test_055449,
test_055450,
test_055451,
test_055452,
test_055453,
test_055454,
test_055455,
test_055456,
test_055457,
test_055458,
test_055459,
test_055460,
test_055461,
test_055462,
test_055463,
test_055464,
test_055465,
test_055466,
test_055467,
test_055468,
test_055469,
test_055470,
test_055471,
test_055472,
test_055473,
test_055474,
test_055475,
test_055476,
test_055477,
test_055478,
test_055479,
test_055480,
test_055481,
test_055482,
test_055483,
test_055484,
test_055485,
test_055486,
test_055487,
test_055488,
test_055489,
test_055490,
test_055491,
test_055492,
test_055493,
test_055494,
test_055495,
test_055496,
test_055497,
test_055498,
test_055499,
test_055500,
test_055501,
test_055502,
test_055503,
test_055504,
test_055505,
test_055506,
test_055507,
test_055508,
test_055509,
test_055510,
test_055511,
test_055512,
test_055513,
test_055514,
test_055515,
test_055516,
test_055517,
test_055518,
test_055519,
test_055520,
test_055521,
test_055522,
test_055523,
test_055524,
test_055525,
test_055526,
test_055527,
test_055528,
test_055529,
test_055530,
test_055531,
test_055532,
test_055533,
test_055534,
test_055535,
test_055536,
test_055537,
test_055538,
test_055539,
test_055540,
test_055541,
test_055542,
test_055543,
test_055544,
test_055545,
test_055546,
test_055547,
test_055548,
test_055549,
test_055550,
test_055551,
test_055552,
test_055553,
test_055554,
test_055555,
test_055556,
test_055557,
test_055558,
test_055559,
test_055560,
test_055561,
test_055562,
test_055563,
test_055564,
test_055565,
test_055566,
test_055567,
test_055568,
test_055569,
test_055570,
test_055571,
test_055572,
test_055573,
test_055574,
test_055575,
test_055576,
test_055577,
test_055578,
test_055579,
test_055580,
test_055581,
test_055582,
test_055583,
test_055584,
test_055585,
test_055586,
test_055587,
test_055588,
test_055589,
test_055590,
test_055591,
test_055592,
test_055593,
test_055594,
test_055595,
test_055596,
test_055597,
test_055598,
test_055599,
test_055600,
test_055601,
test_055602,
test_055603,
test_055604,
test_055605,
test_055606,
test_055607,
test_055608,
test_055609,
test_055610,
test_055611,
test_055612,
test_055613,
test_055614,
test_055615,
test_055616,
test_055617,
test_055618,
test_055619,
test_055620,
test_055621,
test_055622,
test_055623,
test_055624,
test_055625,
test_055626,
test_055627,
test_055628,
test_055629,
test_055630,
test_055631,
test_055632,
test_055633,
test_055634,
test_055635,
test_055636,
test_055637,
test_055638,
test_055639,
test_055640,
test_055641,
test_055642,
test_055643,
test_055644,
test_055645,
test_055646,
test_055647,
test_055648,
test_055649,
test_055650,
test_055651,
test_055652,
test_055653,
test_055654,
test_055655,
test_055656,
test_055657,
test_055658,
test_055659,
test_055660,
test_055661,
test_055662,
test_055663,
test_055664,
test_055665,
test_055666,
test_055667,
test_055668,
test_055669,
test_055670,
test_055671,
test_055672,
test_055673,
test_055674,
test_055675,
test_055676,
test_055677,
test_055678,
test_055679,
test_055680,
test_055681,
test_055682,
test_055683,
test_055684,
test_055685,
test_055686,
test_055687,
test_055688,
test_055689,
test_055690,
test_055691,
test_055692,
test_055693,
test_055694,
test_055695,
test_055696,
test_055697,
test_055698,
test_055699,
test_055700,
test_055701,
test_055702,
test_055703,
test_055704,
test_055705,
test_055706,
test_055707,
test_055708,
test_055709,
test_055710,
test_055711,
test_055712,
test_055713,
test_055714,
test_055715,
test_055716,
test_055717,
test_055718,
test_055719,
test_055720,
test_055721,
test_055722,
test_055723,
test_055724,
test_055725,
test_055726,
test_055727,
test_055728,
test_055729,
test_055730,
test_055731,
test_055732,
test_055733,
test_055734,
test_055735,
test_055736,
test_055737,
test_055738,
test_055739,
test_055740,
test_055741,
test_055742,
test_055743,
test_055744,
test_055745,
test_055746,
test_055747,
test_055748,
test_055749,
test_055750,
test_055751,
test_055752,
test_055753,
test_055754,
test_055755,
test_055756,
test_055757,
test_055758,
test_055759,
test_055760,
test_055761,
test_055762,
test_055763,
test_055764,
test_055765,
test_055766,
test_055767,
test_055768,
test_055769,
test_055770,
test_055771,
test_055772,
test_055773,
test_055774,
test_055775,
test_055776,
test_055777,
test_055778,
test_055779,
test_055780,
test_055781,
test_055782,
test_055783,
test_055784,
test_055785,
test_055786,
test_055787,
test_055788,
test_055789,
test_055790,
test_055791,
test_055792,
test_055793,
test_055794,
test_055795,
test_055796,
test_055797,
test_055798,
test_055799,
test_055800,
test_055801,
test_055802,
test_055803,
test_055804,
test_055805,
test_055806,
test_055807,
test_055808,
test_055809,
test_055810,
test_055811,
test_055812,
test_055813,
test_055814,
test_055815,
test_055816,
test_055817,
test_055818,
test_055819,
test_055820,
test_055821,
test_055822,
test_055823,
test_055824,
test_055825,
test_055826,
test_055827,
test_055828,
test_055829,
test_055830,
test_055831,
test_055832,
test_055833,
test_055834,
test_055835,
test_055836,
test_055837,
test_055838,
test_055839,
test_055840,
test_055841,
test_055842,
test_055843,
test_055844,
test_055845,
test_055846,
test_055847,
test_055848,
test_055849,
test_055850,
test_055851,
test_055852,
test_055853,
test_055854,
test_055855,
test_055856,
test_055857,
test_055858,
test_055859,
test_055860,
test_055861,
test_055862,
test_055863,
test_055864,
test_055865,
test_055866,
test_055867,
test_055868,
test_055869,
test_055870,
test_055871,
test_055872,
test_055873,
test_055874,
test_055875,
test_055876,
test_055877,
test_055878,
test_055879,
test_055880,
test_055881,
test_055882,
test_055883,
test_055884,
test_055885,
test_055886,
test_055887,
test_055888,
test_055889,
test_055890,
test_055891,
test_055892,
test_055893,
test_055894,
test_055895,
test_055896,
test_055897,
test_055898,
test_055899,
test_055900,
test_055901,
test_055902,
test_055903,
test_055904,
test_055905,
test_055906,
test_055907,
test_055908,
test_055909,
test_055910,
test_055911,
test_055912,
test_055913,
test_055914,
test_055915,
test_055916,
test_055917,
test_055918,
test_055919,
test_055920,
test_055921,
test_055922,
test_055923,
test_055924,
test_055925,
test_055926,
test_055927,
test_055928,
test_055929,
test_055930,
test_055931,
test_055932,
test_055933,
test_055934,
test_055935,
test_055936,
test_055937,
test_055938,
test_055939,
test_055940,
test_055941,
test_055942,
test_055943,
test_055944,
test_055945,
test_055946,
test_055947,
test_055948,
test_055949,
test_055950,
test_055951,
test_055952,
test_055953,
test_055954,
test_055955,
test_055956,
test_055957,
test_055958,
test_055959,
test_055960,
test_055961,
test_055962,
test_055963,
test_055964,
test_055965,
test_055966,
test_055967,
test_055968,
test_055969,
test_055970,
test_055971,
test_055972,
test_055973,
test_055974,
test_055975,
test_055976,
test_055977,
test_055978,
test_055979,
test_055980,
test_055981,
test_055982,
test_055983,
test_055984,
test_055985,
test_055986,
test_055987,
test_055988,
test_055989,
test_055990,
test_055991,
test_055992,
test_055993,
test_055994,
test_055995,
test_055996,
test_055997,
test_055998,
test_055999,
test_056000,
test_056001,
test_056002,
test_056003,
test_056004,
test_056005,
test_056006,
test_056007,
test_056008,
test_056009,
test_056010,
test_056011,
test_056012,
test_056013,
test_056014,
test_056015,
test_056016,
test_056017,
test_056018,
test_056019,
test_056020,
test_056021,
test_056022,
test_056023,
test_056024,
test_056025,
test_056026,
test_056027,
test_056028,
test_056029,
test_056030,
test_056031,
test_056032,
test_056033,
test_056034,
test_056035,
test_056036,
test_056037,
test_056038,
test_056039,
test_056040,
test_056041,
test_056042,
test_056043,
test_056044,
test_056045,
test_056046,
test_056047,
test_056048,
test_056049,
test_056050,
test_056051,
test_056052,
test_056053,
test_056054,
test_056055,
test_056056,
test_056057,
test_056058,
test_056059,
test_056060,
test_056061,
test_056062,
test_056063,
test_056064,
test_056065,
test_056066,
test_056067,
test_056068,
test_056069,
test_056070,
test_056071,
test_056072,
test_056073,
test_056074,
test_056075,
test_056076,
test_056077,
test_056078,
test_056079,
test_056080,
test_056081,
test_056082,
test_056083,
test_056084,
test_056085,
test_056086,
test_056087,
test_056088,
test_056089,
test_056090,
test_056091,
test_056092,
test_056093,
test_056094,
test_056095,
test_056096,
test_056097,
test_056098,
test_056099,
test_056100,
test_056101,
test_056102,
test_056103,
test_056104,
test_056105,
test_056106,
test_056107,
test_056108,
test_056109,
test_056110,
test_056111,
test_056112,
test_056113,
test_056114,
test_056115,
test_056116,
test_056117,
test_056118,
test_056119,
test_056120,
test_056121,
test_056122,
test_056123,
test_056124,
test_056125,
test_056126,
test_056127,
test_056128,
test_056129,
test_056130,
test_056131,
test_056132,
test_056133,
test_056134,
test_056135,
test_056136,
test_056137,
test_056138,
test_056139,
test_056140,
test_056141,
test_056142,
test_056143,
test_056144,
test_056145,
test_056146,
test_056147,
test_056148,
test_056149,
test_056150,
test_056151,
test_056152,
test_056153,
test_056154,
test_056155,
test_056156,
test_056157,
test_056158,
test_056159,
test_056160,
test_056161,
test_056162,
test_056163,
test_056164,
test_056165,
test_056166,
test_056167,
test_056168,
test_056169,
test_056170,
test_056171,
test_056172,
test_056173,
test_056174,
test_056175,
test_056176,
test_056177,
test_056178,
test_056179,
test_056180,
test_056181,
test_056182,
test_056183,
test_056184,
test_056185,
test_056186,
test_056187,
test_056188,
test_056189,
test_056190,
test_056191,
test_056192,
test_056193,
test_056194,
test_056195,
test_056196,
test_056197,
test_056198,
test_056199,
test_056200,
test_056201,
test_056202,
test_056203,
test_056204,
test_056205,
test_056206,
test_056207,
test_056208,
test_056209,
test_056210,
test_056211,
test_056212,
test_056213,
test_056214,
test_056215,
test_056216,
test_056217,
test_056218,
test_056219,
test_056220,
test_056221,
test_056222,
test_056223,
test_056224,
test_056225,
test_056226,
test_056227,
test_056228,
test_056229,
test_056230,
test_056231,
test_056232,
test_056233,
test_056234,
test_056235,
test_056236,
test_056237,
test_056238,
test_056239,
test_056240,
test_056241,
test_056242,
test_056243,
test_056244,
test_056245,
test_056246,
test_056247,
test_056248,
test_056249,
test_056250,
test_056251,
test_056252,
test_056253,
test_056254,
test_056255,
test_056256,
test_056257,
test_056258,
test_056259,
test_056260,
test_056261,
test_056262,
test_056263,
test_056264,
test_056265,
test_056266,
test_056267,
test_056268,
test_056269,
test_056270,
test_056271,
test_056272,
test_056273,
test_056274,
test_056275,
test_056276,
test_056277,
test_056278,
test_056279,
test_056280,
test_056281,
test_056282,
test_056283,
test_056284,
test_056285,
test_056286,
test_056287,
test_056288,
test_056289,
test_056290,
test_056291,
test_056292,
test_056293,
test_056294,
test_056295,
test_056296,
test_056297,
test_056298,
test_056299,
test_056300,
test_056301,
test_056302,
test_056303,
test_056304,
test_056305,
test_056306,
test_056307,
test_056308,
test_056309,
test_056310,
test_056311,
test_056312,
test_056313,
test_056314,
test_056315,
test_056316,
test_056317,
test_056318,
test_056319,
test_056320,
test_056321,
test_056322,
test_056323,
test_056324,
test_056325,
test_056326,
test_056327,
test_056328,
test_056329,
test_056330,
test_056331,
test_056332,
test_056333,
test_056334,
test_056335,
test_056336,
test_056337,
test_056338,
test_056339,
test_056340,
test_056341,
test_056342,
test_056343,
test_056344,
test_056345,
test_056346,
test_056347,
test_056348,
test_056349,
test_056350,
test_056351,
test_056352,
test_056353,
test_056354,
test_056355,
test_056356,
test_056357,
test_056358,
test_056359,
test_056360,
test_056361,
test_056362,
test_056363,
test_056364,
test_056365,
test_056366,
test_056367,
test_056368,
test_056369,
test_056370,
test_056371,
test_056372,
test_056373,
test_056374,
test_056375,
test_056376,
test_056377,
test_056378,
test_056379,
test_056380,
test_056381,
test_056382,
test_056383,
test_056384,
test_056385,
test_056386,
test_056387,
test_056388,
test_056389,
test_056390,
test_056391,
test_056392,
test_056393,
test_056394,
test_056395,
test_056396,
test_056397,
test_056398,
test_056399,
test_056400,
test_056401,
test_056402,
test_056403,
test_056404,
test_056405,
test_056406,
test_056407,
test_056408,
test_056409,
test_056410,
test_056411,
test_056412,
test_056413,
test_056414,
test_056415,
test_056416,
test_056417,
test_056418,
test_056419,
test_056420,
test_056421,
test_056422,
test_056423,
test_056424,
test_056425,
test_056426,
test_056427,
test_056428,
test_056429,
test_056430,
test_056431,
test_056432,
test_056433,
test_056434,
test_056435,
test_056436,
test_056437,
test_056438,
test_056439,
test_056440,
test_056441,
test_056442,
test_056443,
test_056444,
test_056445,
test_056446,
test_056447,
test_056448,
test_056449,
test_056450,
test_056451,
test_056452,
test_056453,
test_056454,
test_056455,
test_056456,
test_056457,
test_056458,
test_056459,
test_056460,
test_056461,
test_056462,
test_056463,
test_056464,
test_056465,
test_056466,
test_056467,
test_056468,
test_056469,
test_056470,
test_056471,
test_056472,
test_056473,
test_056474,
test_056475,
test_056476,
test_056477,
test_056478,
test_056479,
test_056480,
test_056481,
test_056482,
test_056483,
test_056484,
test_056485,
test_056486,
test_056487,
test_056488,
test_056489,
test_056490,
test_056491,
test_056492,
test_056493,
test_056494,
test_056495,
test_056496,
test_056497,
test_056498,
test_056499,
test_056500,
test_056501,
test_056502,
test_056503,
test_056504,
test_056505,
test_056506,
test_056507,
test_056508,
test_056509,
test_056510,
test_056511,
test_056512,
test_056513,
test_056514,
test_056515,
test_056516,
test_056517,
test_056518,
test_056519,
test_056520,
test_056521,
test_056522,
test_056523,
test_056524,
test_056525,
test_056526,
test_056527,
test_056528,
test_056529,
test_056530,
test_056531,
test_056532,
test_056533,
test_056534,
test_056535,
test_056536,
test_056537,
test_056538,
test_056539,
test_056540,
test_056541,
test_056542,
test_056543,
test_056544,
test_056545,
test_056546,
test_056547,
test_056548,
test_056549,
test_056550,
test_056551,
test_056552,
test_056553,
test_056554,
test_056555,
test_056556,
test_056557,
test_056558,
test_056559,
test_056560,
test_056561,
test_056562,
test_056563,
test_056564,
test_056565,
test_056566,
test_056567,
test_056568,
test_056569,
test_056570,
test_056571,
test_056572,
test_056573,
test_056574,
test_056575,
test_056576,
test_056577,
test_056578,
test_056579,
test_056580,
test_056581,
test_056582,
test_056583,
test_056584,
test_056585,
test_056586,
test_056587,
test_056588,
test_056589,
test_056590,
test_056591,
test_056592,
test_056593,
test_056594,
test_056595,
test_056596,
test_056597,
test_056598,
test_056599,
test_056600,
test_056601,
test_056602,
test_056603,
test_056604,
test_056605,
test_056606,
test_056607,
test_056608,
test_056609,
test_056610,
test_056611,
test_056612,
test_056613,
test_056614,
test_056615,
test_056616,
test_056617,
test_056618,
test_056619,
test_056620,
test_056621,
test_056622,
test_056623,
test_056624,
test_056625,
test_056626,
test_056627,
test_056628,
test_056629,
test_056630,
test_056631,
test_056632,
test_056633,
test_056634,
test_056635,
test_056636,
test_056637,
test_056638,
test_056639,
test_056640,
test_056641,
test_056642,
test_056643,
test_056644,
test_056645,
test_056646,
test_056647,
test_056648,
test_056649,
test_056650,
test_056651,
test_056652,
test_056653,
test_056654,
test_056655,
test_056656,
test_056657,
test_056658,
test_056659,
test_056660,
test_056661,
test_056662,
test_056663,
test_056664,
test_056665,
test_056666,
test_056667,
test_056668,
test_056669,
test_056670,
test_056671,
test_056672,
test_056673,
test_056674,
test_056675,
test_056676,
test_056677,
test_056678,
test_056679,
test_056680,
test_056681,
test_056682,
test_056683,
test_056684,
test_056685,
test_056686,
test_056687,
test_056688,
test_056689,
test_056690,
test_056691,
test_056692,
test_056693,
test_056694,
test_056695,
test_056696,
test_056697,
test_056698,
test_056699,
test_056700,
test_056701,
test_056702,
test_056703,
test_056704,
test_056705,
test_056706,
test_056707,
test_056708,
test_056709,
test_056710,
test_056711,
test_056712,
test_056713,
test_056714,
test_056715,
test_056716,
test_056717,
test_056718,
test_056719,
test_056720,
test_056721,
test_056722,
test_056723,
test_056724,
test_056725,
test_056726,
test_056727,
test_056728,
test_056729,
test_056730,
test_056731,
test_056732,
test_056733,
test_056734,
test_056735,
test_056736,
test_056737,
test_056738,
test_056739,
test_056740,
test_056741,
test_056742,
test_056743,
test_056744,
test_056745,
test_056746,
test_056747,
test_056748,
test_056749,
test_056750,
test_056751,
test_056752,
test_056753,
test_056754,
test_056755,
test_056756,
test_056757,
test_056758,
test_056759,
test_056760,
test_056761,
test_056762,
test_056763,
test_056764,
test_056765,
test_056766,
test_056767,
test_056768,
test_056769,
test_056770,
test_056771,
test_056772,
test_056773,
test_056774,
test_056775,
test_056776,
test_056777,
test_056778,
test_056779,
test_056780,
test_056781,
test_056782,
test_056783,
test_056784,
test_056785,
test_056786,
test_056787,
test_056788,
test_056789,
test_056790,
test_056791,
test_056792,
test_056793,
test_056794,
test_056795,
test_056796,
test_056797,
test_056798,
test_056799,
test_056800,
test_056801,
test_056802,
test_056803,
test_056804,
test_056805,
test_056806,
test_056807,
test_056808,
test_056809,
test_056810,
test_056811,
test_056812,
test_056813,
test_056814,
test_056815,
test_056816,
test_056817,
test_056818,
test_056819,
test_056820,
test_056821,
test_056822,
test_056823,
test_056824,
test_056825,
test_056826,
test_056827,
test_056828,
test_056829,
test_056830,
test_056831,
test_056832,
test_056833,
test_056834,
test_056835,
test_056836,
test_056837,
test_056838,
test_056839,
test_056840,
test_056841,
test_056842,
test_056843,
test_056844,
test_056845,
test_056846,
test_056847,
test_056848,
test_056849,
test_056850,
test_056851,
test_056852,
test_056853,
test_056854,
test_056855,
test_056856,
test_056857,
test_056858,
test_056859,
test_056860,
test_056861,
test_056862,
test_056863,
test_056864,
test_056865,
test_056866,
test_056867,
test_056868,
test_056869,
test_056870,
test_056871,
test_056872,
test_056873,
test_056874,
test_056875,
test_056876,
test_056877,
test_056878,
test_056879,
test_056880,
test_056881,
test_056882,
test_056883,
test_056884,
test_056885,
test_056886,
test_056887,
test_056888,
test_056889,
test_056890,
test_056891,
test_056892,
test_056893,
test_056894,
test_056895,
test_056896,
test_056897,
test_056898,
test_056899,
test_056900,
test_056901,
test_056902,
test_056903,
test_056904,
test_056905,
test_056906,
test_056907,
test_056908,
test_056909,
test_056910,
test_056911,
test_056912,
test_056913,
test_056914,
test_056915,
test_056916,
test_056917,
test_056918,
test_056919,
test_056920,
test_056921,
test_056922,
test_056923,
test_056924,
test_056925,
test_056926,
test_056927,
test_056928,
test_056929,
test_056930,
test_056931,
test_056932,
test_056933,
test_056934,
test_056935,
test_056936,
test_056937,
test_056938,
test_056939,
test_056940,
test_056941,
test_056942,
test_056943,
test_056944,
test_056945,
test_056946,
test_056947,
test_056948,
test_056949,
test_056950,
test_056951,
test_056952,
test_056953,
test_056954,
test_056955,
test_056956,
test_056957,
test_056958,
test_056959,
test_056960,
test_056961,
test_056962,
test_056963,
test_056964,
test_056965,
test_056966,
test_056967,
test_056968,
test_056969,
test_056970,
test_056971,
test_056972,
test_056973,
test_056974,
test_056975,
test_056976,
test_056977,
test_056978,
test_056979,
test_056980,
test_056981,
test_056982,
test_056983,
test_056984,
test_056985,
test_056986,
test_056987,
test_056988,
test_056989,
test_056990,
test_056991,
test_056992,
test_056993,
test_056994,
test_056995,
test_056996,
test_056997,
test_056998,
test_056999,
test_057000,
test_057001,
test_057002,
test_057003,
test_057004,
test_057005,
test_057006,
test_057007,
test_057008,
test_057009,
test_057010,
test_057011,
test_057012,
test_057013,
test_057014,
test_057015,
test_057016,
test_057017,
test_057018,
test_057019,
test_057020,
test_057021,
test_057022,
test_057023,
test_057024,
test_057025,
test_057026,
test_057027,
test_057028,
test_057029,
test_057030,
test_057031,
test_057032,
test_057033,
test_057034,
test_057035,
test_057036,
test_057037,
test_057038,
test_057039,
test_057040,
test_057041,
test_057042,
test_057043,
test_057044,
test_057045,
test_057046,
test_057047,
test_057048,
test_057049,
test_057050,
test_057051,
test_057052,
test_057053,
test_057054,
test_057055,
test_057056,
test_057057,
test_057058,
test_057059,
test_057060,
test_057061,
test_057062,
test_057063,
test_057064,
test_057065,
test_057066,
test_057067,
test_057068,
test_057069,
test_057070,
test_057071,
test_057072,
test_057073,
test_057074,
test_057075,
test_057076,
test_057077,
test_057078,
test_057079,
test_057080,
test_057081,
test_057082,
test_057083,
test_057084,
test_057085,
test_057086,
test_057087,
test_057088,
test_057089,
test_057090,
test_057091,
test_057092,
test_057093,
test_057094,
test_057095,
test_057096,
test_057097,
test_057098,
test_057099,
test_057100,
test_057101,
test_057102,
test_057103,
test_057104,
test_057105,
test_057106,
test_057107,
test_057108,
test_057109,
test_057110,
test_057111,
test_057112,
test_057113,
test_057114,
test_057115,
test_057116,
test_057117,
test_057118,
test_057119,
test_057120,
test_057121,
test_057122,
test_057123,
test_057124,
test_057125,
test_057126,
test_057127,
test_057128,
test_057129,
test_057130,
test_057131,
test_057132,
test_057133,
test_057134,
test_057135,
test_057136,
test_057137,
test_057138,
test_057139,
test_057140,
test_057141,
test_057142,
test_057143,
test_057144,
test_057145,
test_057146,
test_057147,
test_057148,
test_057149,
test_057150,
test_057151,
test_057152,
test_057153,
test_057154,
test_057155,
test_057156,
test_057157,
test_057158,
test_057159,
test_057160,
test_057161,
test_057162,
test_057163,
test_057164,
test_057165,
test_057166,
test_057167,
test_057168,
test_057169,
test_057170,
test_057171,
test_057172,
test_057173,
test_057174,
test_057175,
test_057176,
test_057177,
test_057178,
test_057179,
test_057180,
test_057181,
test_057182,
test_057183,
test_057184,
test_057185,
test_057186,
test_057187,
test_057188,
test_057189,
test_057190,
test_057191,
test_057192,
test_057193,
test_057194,
test_057195,
test_057196,
test_057197,
test_057198,
test_057199,
test_057200,
test_057201,
test_057202,
test_057203,
test_057204,
test_057205,
test_057206,
test_057207,
test_057208,
test_057209,
test_057210,
test_057211,
test_057212,
test_057213,
test_057214,
test_057215,
test_057216,
test_057217,
test_057218,
test_057219,
test_057220,
test_057221,
test_057222,
test_057223,
test_057224,
test_057225,
test_057226,
test_057227,
test_057228,
test_057229,
test_057230,
test_057231,
test_057232,
test_057233,
test_057234,
test_057235,
test_057236,
test_057237,
test_057238,
test_057239,
test_057240,
test_057241,
test_057242,
test_057243,
test_057244,
test_057245,
test_057246,
test_057247,
test_057248,
test_057249,
test_057250,
test_057251,
test_057252,
test_057253,
test_057254,
test_057255,
test_057256,
test_057257,
test_057258,
test_057259,
test_057260,
test_057261,
test_057262,
test_057263,
test_057264,
test_057265,
test_057266,
test_057267,
test_057268,
test_057269,
test_057270,
test_057271,
test_057272,
test_057273,
test_057274,
test_057275,
test_057276,
test_057277,
test_057278,
test_057279,
test_057280,
test_057281,
test_057282,
test_057283,
test_057284,
test_057285,
test_057286,
test_057287,
test_057288,
test_057289,
test_057290,
test_057291,
test_057292,
test_057293,
test_057294,
test_057295,
test_057296,
test_057297,
test_057298,
test_057299,
test_057300,
test_057301,
test_057302,
test_057303,
test_057304,
test_057305,
test_057306,
test_057307,
test_057308,
test_057309,
test_057310,
test_057311,
test_057312,
test_057313,
test_057314,
test_057315,
test_057316,
test_057317,
test_057318,
test_057319,
test_057320,
test_057321,
test_057322,
test_057323,
test_057324,
test_057325,
test_057326,
test_057327,
test_057328,
test_057329,
test_057330,
test_057331,
test_057332,
test_057333,
test_057334,
test_057335,
test_057336,
test_057337,
test_057338,
test_057339,
test_057340,
test_057341,
test_057342,
test_057343,
test_057344,
test_057345,
test_057346,
test_057347,
test_057348,
test_057349,
test_057350,
test_057351,
test_057352,
test_057353,
test_057354,
test_057355,
test_057356,
test_057357,
test_057358,
test_057359,
test_057360,
test_057361,
test_057362,
test_057363,
test_057364,
test_057365,
test_057366,
test_057367,
test_057368,
test_057369,
test_057370,
test_057371,
test_057372,
test_057373,
test_057374,
test_057375,
test_057376,
test_057377,
test_057378,
test_057379,
test_057380,
test_057381,
test_057382,
test_057383,
test_057384,
test_057385,
test_057386,
test_057387,
test_057388,
test_057389,
test_057390,
test_057391,
test_057392,
test_057393,
test_057394,
test_057395,
test_057396,
test_057397,
test_057398,
test_057399,
test_057400,
test_057401,
test_057402,
test_057403,
test_057404,
test_057405,
test_057406,
test_057407,
test_057408,
test_057409,
test_057410,
test_057411,
test_057412,
test_057413,
test_057414,
test_057415,
test_057416,
test_057417,
test_057418,
test_057419,
test_057420,
test_057421,
test_057422,
test_057423,
test_057424,
test_057425,
test_057426,
test_057427,
test_057428,
test_057429,
test_057430,
test_057431,
test_057432,
test_057433,
test_057434,
test_057435,
test_057436,
test_057437,
test_057438,
test_057439,
test_057440,
test_057441,
test_057442,
test_057443,
test_057444,
test_057445,
test_057446,
test_057447,
test_057448,
test_057449,
test_057450,
test_057451,
test_057452,
test_057453,
test_057454,
test_057455,
test_057456,
test_057457,
test_057458,
test_057459,
test_057460,
test_057461,
test_057462,
test_057463,
test_057464,
test_057465,
test_057466,
test_057467,
test_057468,
test_057469,
test_057470,
test_057471,
test_057472,
test_057473,
test_057474,
test_057475,
test_057476,
test_057477,
test_057478,
test_057479,
test_057480,
test_057481,
test_057482,
test_057483,
test_057484,
test_057485,
test_057486,
test_057487,
test_057488,
test_057489,
test_057490,
test_057491,
test_057492,
test_057493,
test_057494,
test_057495,
test_057496,
test_057497,
test_057498,
test_057499,
test_057500,
test_057501,
test_057502,
test_057503,
test_057504,
test_057505,
test_057506,
test_057507,
test_057508,
test_057509,
test_057510,
test_057511,
test_057512,
test_057513,
test_057514,
test_057515,
test_057516,
test_057517,
test_057518,
test_057519,
test_057520,
test_057521,
test_057522,
test_057523,
test_057524,
test_057525,
test_057526,
test_057527,
test_057528,
test_057529,
test_057530,
test_057531,
test_057532,
test_057533,
test_057534,
test_057535,
test_057536,
test_057537,
test_057538,
test_057539,
test_057540,
test_057541,
test_057542,
test_057543,
test_057544,
test_057545,
test_057546,
test_057547,
test_057548,
test_057549,
test_057550,
test_057551,
test_057552,
test_057553,
test_057554,
test_057555,
test_057556,
test_057557,
test_057558,
test_057559,
test_057560,
test_057561,
test_057562,
test_057563,
test_057564,
test_057565,
test_057566,
test_057567,
test_057568,
test_057569,
test_057570,
test_057571,
test_057572,
test_057573,
test_057574,
test_057575,
test_057576,
test_057577,
test_057578,
test_057579,
test_057580,
test_057581,
test_057582,
test_057583,
test_057584,
test_057585,
test_057586,
test_057587,
test_057588,
test_057589,
test_057590,
test_057591,
test_057592,
test_057593,
test_057594,
test_057595,
test_057596,
test_057597,
test_057598,
test_057599,
test_057600,
test_057601,
test_057602,
test_057603,
test_057604,
test_057605,
test_057606,
test_057607,
test_057608,
test_057609,
test_057610,
test_057611,
test_057612,
test_057613,
test_057614,
test_057615,
test_057616,
test_057617,
test_057618,
test_057619,
test_057620,
test_057621,
test_057622,
test_057623,
test_057624,
test_057625,
test_057626,
test_057627,
test_057628,
test_057629,
test_057630,
test_057631,
test_057632,
test_057633,
test_057634,
test_057635,
test_057636,
test_057637,
test_057638,
test_057639,
test_057640,
test_057641,
test_057642,
test_057643,
test_057644,
test_057645,
test_057646,
test_057647,
test_057648,
test_057649,
test_057650,
test_057651,
test_057652,
test_057653,
test_057654,
test_057655,
test_057656,
test_057657,
test_057658,
test_057659,
test_057660,
test_057661,
test_057662,
test_057663,
test_057664,
test_057665,
test_057666,
test_057667,
test_057668,
test_057669,
test_057670,
test_057671,
test_057672,
test_057673,
test_057674,
test_057675,
test_057676,
test_057677,
test_057678,
test_057679,
test_057680,
test_057681,
test_057682,
test_057683,
test_057684,
test_057685,
test_057686,
test_057687,
test_057688,
test_057689,
test_057690,
test_057691,
test_057692,
test_057693,
test_057694,
test_057695,
test_057696,
test_057697,
test_057698,
test_057699,
test_057700,
test_057701,
test_057702,
test_057703,
test_057704,
test_057705,
test_057706,
test_057707,
test_057708,
test_057709,
test_057710,
test_057711,
test_057712,
test_057713,
test_057714,
test_057715,
test_057716,
test_057717,
test_057718,
test_057719,
test_057720,
test_057721,
test_057722,
test_057723,
test_057724,
test_057725,
test_057726,
test_057727,
test_057728,
test_057729,
test_057730,
test_057731,
test_057732,
test_057733,
test_057734,
test_057735,
test_057736,
test_057737,
test_057738,
test_057739,
test_057740,
test_057741,
test_057742,
test_057743,
test_057744,
test_057745,
test_057746,
test_057747,
test_057748,
test_057749,
test_057750,
test_057751,
test_057752,
test_057753,
test_057754,
test_057755,
test_057756,
test_057757,
test_057758,
test_057759,
test_057760,
test_057761,
test_057762,
test_057763,
test_057764,
test_057765,
test_057766,
test_057767,
test_057768,
test_057769,
test_057770,
test_057771,
test_057772,
test_057773,
test_057774,
test_057775,
test_057776,
test_057777,
test_057778,
test_057779,
test_057780,
test_057781,
test_057782,
test_057783,
test_057784,
test_057785,
test_057786,
test_057787,
test_057788,
test_057789,
test_057790,
test_057791,
test_057792,
test_057793,
test_057794,
test_057795,
test_057796,
test_057797,
test_057798,
test_057799,
test_057800,
test_057801,
test_057802,
test_057803,
test_057804,
test_057805,
test_057806,
test_057807,
test_057808,
test_057809,
test_057810,
test_057811,
test_057812,
test_057813,
test_057814,
test_057815,
test_057816,
test_057817,
test_057818,
test_057819,
test_057820,
test_057821,
test_057822,
test_057823,
test_057824,
test_057825,
test_057826,
test_057827,
test_057828,
test_057829,
test_057830,
test_057831,
test_057832,
test_057833,
test_057834,
test_057835,
test_057836,
test_057837,
test_057838,
test_057839,
test_057840,
test_057841,
test_057842,
test_057843,
test_057844,
test_057845,
test_057846,
test_057847,
test_057848,
test_057849,
test_057850,
test_057851,
test_057852,
test_057853,
test_057854,
test_057855,
test_057856,
test_057857,
test_057858,
test_057859,
test_057860,
test_057861,
test_057862,
test_057863,
test_057864,
test_057865,
test_057866,
test_057867,
test_057868,
test_057869,
test_057870,
test_057871,
test_057872,
test_057873,
test_057874,
test_057875,
test_057876,
test_057877,
test_057878,
test_057879,
test_057880,
test_057881,
test_057882,
test_057883,
test_057884,
test_057885,
test_057886,
test_057887,
test_057888,
test_057889,
test_057890,
test_057891,
test_057892,
test_057893,
test_057894,
test_057895,
test_057896,
test_057897,
test_057898,
test_057899,
test_057900,
test_057901,
test_057902,
test_057903,
test_057904,
test_057905,
test_057906,
test_057907,
test_057908,
test_057909,
test_057910,
test_057911,
test_057912,
test_057913,
test_057914,
test_057915,
test_057916,
test_057917,
test_057918,
test_057919,
test_057920,
test_057921,
test_057922,
test_057923,
test_057924,
test_057925,
test_057926,
test_057927,
test_057928,
test_057929,
test_057930,
test_057931,
test_057932,
test_057933,
test_057934,
test_057935,
test_057936,
test_057937,
test_057938,
test_057939,
test_057940,
test_057941,
test_057942,
test_057943,
test_057944,
test_057945,
test_057946,
test_057947,
test_057948,
test_057949,
test_057950,
test_057951,
test_057952,
test_057953,
test_057954,
test_057955,
test_057956,
test_057957,
test_057958,
test_057959,
test_057960,
test_057961,
test_057962,
test_057963,
test_057964,
test_057965,
test_057966,
test_057967,
test_057968,
test_057969,
test_057970,
test_057971,
test_057972,
test_057973,
test_057974,
test_057975,
test_057976,
test_057977,
test_057978,
test_057979,
test_057980,
test_057981,
test_057982,
test_057983,
test_057984,
test_057985,
test_057986,
test_057987,
test_057988,
test_057989,
test_057990,
test_057991,
test_057992,
test_057993,
test_057994,
test_057995,
test_057996,
test_057997,
test_057998,
test_057999,
test_058000,
test_058001,
test_058002,
test_058003,
test_058004,
test_058005,
test_058006,
test_058007,
test_058008,
test_058009,
test_058010,
test_058011,
test_058012,
test_058013,
test_058014,
test_058015,
test_058016,
test_058017,
test_058018,
test_058019,
test_058020,
test_058021,
test_058022,
test_058023,
test_058024,
test_058025,
test_058026,
test_058027,
test_058028,
test_058029,
test_058030,
test_058031,
test_058032,
test_058033,
test_058034,
test_058035,
test_058036,
test_058037,
test_058038,
test_058039,
test_058040,
test_058041,
test_058042,
test_058043,
test_058044,
test_058045,
test_058046,
test_058047,
test_058048,
test_058049,
test_058050,
test_058051,
test_058052,
test_058053,
test_058054,
test_058055,
test_058056,
test_058057,
test_058058,
test_058059,
test_058060,
test_058061,
test_058062,
test_058063,
test_058064,
test_058065,
test_058066,
test_058067,
test_058068,
test_058069,
test_058070,
test_058071,
test_058072,
test_058073,
test_058074,
test_058075,
test_058076,
test_058077,
test_058078,
test_058079,
test_058080,
test_058081,
test_058082,
test_058083,
test_058084,
test_058085,
test_058086,
test_058087,
test_058088,
test_058089,
test_058090,
test_058091,
test_058092,
test_058093,
test_058094,
test_058095,
test_058096,
test_058097,
test_058098,
test_058099,
test_058100,
test_058101,
test_058102,
test_058103,
test_058104,
test_058105,
test_058106,
test_058107,
test_058108,
test_058109,
test_058110,
test_058111,
test_058112,
test_058113,
test_058114,
test_058115,
test_058116,
test_058117,
test_058118,
test_058119,
test_058120,
test_058121,
test_058122,
test_058123,
test_058124,
test_058125,
test_058126,
test_058127,
test_058128,
test_058129,
test_058130,
test_058131,
test_058132,
test_058133,
test_058134,
test_058135,
test_058136,
test_058137,
test_058138,
test_058139,
test_058140,
test_058141,
test_058142,
test_058143,
test_058144,
test_058145,
test_058146,
test_058147,
test_058148,
test_058149,
test_058150,
test_058151,
test_058152,
test_058153,
test_058154,
test_058155,
test_058156,
test_058157,
test_058158,
test_058159,
test_058160,
test_058161,
test_058162,
test_058163,
test_058164,
test_058165,
test_058166,
test_058167,
test_058168,
test_058169,
test_058170,
test_058171,
test_058172,
test_058173,
test_058174,
test_058175,
test_058176,
test_058177,
test_058178,
test_058179,
test_058180,
test_058181,
test_058182,
test_058183,
test_058184,
test_058185,
test_058186,
test_058187,
test_058188,
test_058189,
test_058190,
test_058191,
test_058192,
test_058193,
test_058194,
test_058195,
test_058196,
test_058197,
test_058198,
test_058199,
test_058200,
test_058201,
test_058202,
test_058203,
test_058204,
test_058205,
test_058206,
test_058207,
test_058208,
test_058209,
test_058210,
test_058211,
test_058212,
test_058213,
test_058214,
test_058215,
test_058216,
test_058217,
test_058218,
test_058219,
test_058220,
test_058221,
test_058222,
test_058223,
test_058224,
test_058225,
test_058226,
test_058227,
test_058228,
test_058229,
test_058230,
test_058231,
test_058232,
test_058233,
test_058234,
test_058235,
test_058236,
test_058237,
test_058238,
test_058239,
test_058240,
test_058241,
test_058242,
test_058243,
test_058244,
test_058245,
test_058246,
test_058247,
test_058248,
test_058249,
test_058250,
test_058251,
test_058252,
test_058253,
test_058254,
test_058255,
test_058256,
test_058257,
test_058258,
test_058259,
test_058260,
test_058261,
test_058262,
test_058263,
test_058264,
test_058265,
test_058266,
test_058267,
test_058268,
test_058269,
test_058270,
test_058271,
test_058272,
test_058273,
test_058274,
test_058275,
test_058276,
test_058277,
test_058278,
test_058279,
test_058280,
test_058281,
test_058282,
test_058283,
test_058284,
test_058285,
test_058286,
test_058287,
test_058288,
test_058289,
test_058290,
test_058291,
test_058292,
test_058293,
test_058294,
test_058295,
test_058296,
test_058297,
test_058298,
test_058299,
test_058300,
test_058301,
test_058302,
test_058303,
test_058304,
test_058305,
test_058306,
test_058307,
test_058308,
test_058309,
test_058310,
test_058311,
test_058312,
test_058313,
test_058314,
test_058315,
test_058316,
test_058317,
test_058318,
test_058319,
test_058320,
test_058321,
test_058322,
test_058323,
test_058324,
test_058325,
test_058326,
test_058327,
test_058328,
test_058329,
test_058330,
test_058331,
test_058332,
test_058333,
test_058334,
test_058335,
test_058336,
test_058337,
test_058338,
test_058339,
test_058340,
test_058341,
test_058342,
test_058343,
test_058344,
test_058345,
test_058346,
test_058347,
test_058348,
test_058349,
test_058350,
test_058351,
test_058352,
test_058353,
test_058354,
test_058355,
test_058356,
test_058357,
test_058358,
test_058359,
test_058360,
test_058361,
test_058362,
test_058363,
test_058364,
test_058365,
test_058366,
test_058367,
test_058368,
test_058369,
test_058370,
test_058371,
test_058372,
test_058373,
test_058374,
test_058375,
test_058376,
test_058377,
test_058378,
test_058379,
test_058380,
test_058381,
test_058382,
test_058383,
test_058384,
test_058385,
test_058386,
test_058387,
test_058388,
test_058389,
test_058390,
test_058391,
test_058392,
test_058393,
test_058394,
test_058395,
test_058396,
test_058397,
test_058398,
test_058399,
test_058400,
test_058401,
test_058402,
test_058403,
test_058404,
test_058405,
test_058406,
test_058407,
test_058408,
test_058409,
test_058410,
test_058411,
test_058412,
test_058413,
test_058414,
test_058415,
test_058416,
test_058417,
test_058418,
test_058419,
test_058420,
test_058421,
test_058422,
test_058423,
test_058424,
test_058425,
test_058426,
test_058427,
test_058428,
test_058429,
test_058430,
test_058431,
test_058432,
test_058433,
test_058434,
test_058435,
test_058436,
test_058437,
test_058438,
test_058439,
test_058440,
test_058441,
test_058442,
test_058443,
test_058444,
test_058445,
test_058446,
test_058447,
test_058448,
test_058449,
test_058450,
test_058451,
test_058452,
test_058453,
test_058454,
test_058455,
test_058456,
test_058457,
test_058458,
test_058459,
test_058460,
test_058461,
test_058462,
test_058463,
test_058464,
test_058465,
test_058466,
test_058467,
test_058468,
test_058469,
test_058470,
test_058471,
test_058472,
test_058473,
test_058474,
test_058475,
test_058476,
test_058477,
test_058478,
test_058479,
test_058480,
test_058481,
test_058482,
test_058483,
test_058484,
test_058485,
test_058486,
test_058487,
test_058488,
test_058489,
test_058490,
test_058491,
test_058492,
test_058493,
test_058494,
test_058495,
test_058496,
test_058497,
test_058498,
test_058499,
test_058500,
test_058501,
test_058502,
test_058503,
test_058504,
test_058505,
test_058506,
test_058507,
test_058508,
test_058509,
test_058510,
test_058511,
test_058512,
test_058513,
test_058514,
test_058515,
test_058516,
test_058517,
test_058518,
test_058519,
test_058520,
test_058521,
test_058522,
test_058523,
test_058524,
test_058525,
test_058526,
test_058527,
test_058528,
test_058529,
test_058530,
test_058531,
test_058532,
test_058533,
test_058534,
test_058535,
test_058536,
test_058537,
test_058538,
test_058539,
test_058540,
test_058541,
test_058542,
test_058543,
test_058544,
test_058545,
test_058546,
test_058547,
test_058548,
test_058549,
test_058550,
test_058551,
test_058552,
test_058553,
test_058554,
test_058555,
test_058556,
test_058557,
test_058558,
test_058559,
test_058560,
test_058561,
test_058562,
test_058563,
test_058564,
test_058565,
test_058566,
test_058567,
test_058568,
test_058569,
test_058570,
test_058571,
test_058572,
test_058573,
test_058574,
test_058575,
test_058576,
test_058577,
test_058578,
test_058579,
test_058580,
test_058581,
test_058582,
test_058583,
test_058584,
test_058585,
test_058586,
test_058587,
test_058588,
test_058589,
test_058590,
test_058591,
test_058592,
test_058593,
test_058594,
test_058595,
test_058596,
test_058597,
test_058598,
test_058599,
test_058600,
test_058601,
test_058602,
test_058603,
test_058604,
test_058605,
test_058606,
test_058607,
test_058608,
test_058609,
test_058610,
test_058611,
test_058612,
test_058613,
test_058614,
test_058615,
test_058616,
test_058617,
test_058618,
test_058619,
test_058620,
test_058621,
test_058622,
test_058623,
test_058624,
test_058625,
test_058626,
test_058627,
test_058628,
test_058629,
test_058630,
test_058631,
test_058632,
test_058633,
test_058634,
test_058635,
test_058636,
test_058637,
test_058638,
test_058639,
test_058640,
test_058641,
test_058642,
test_058643,
test_058644,
test_058645,
test_058646,
test_058647,
test_058648,
test_058649,
test_058650,
test_058651,
test_058652,
test_058653,
test_058654,
test_058655,
test_058656,
test_058657,
test_058658,
test_058659,
test_058660,
test_058661,
test_058662,
test_058663,
test_058664,
test_058665,
test_058666,
test_058667,
test_058668,
test_058669,
test_058670,
test_058671,
test_058672,
test_058673,
test_058674,
test_058675,
test_058676,
test_058677,
test_058678,
test_058679,
test_058680,
test_058681,
test_058682,
test_058683,
test_058684,
test_058685,
test_058686,
test_058687,
test_058688,
test_058689,
test_058690,
test_058691,
test_058692,
test_058693,
test_058694,
test_058695,
test_058696,
test_058697,
test_058698,
test_058699,
test_058700,
test_058701,
test_058702,
test_058703,
test_058704,
test_058705,
test_058706,
test_058707,
test_058708,
test_058709,
test_058710,
test_058711,
test_058712,
test_058713,
test_058714,
test_058715,
test_058716,
test_058717,
test_058718,
test_058719,
test_058720,
test_058721,
test_058722,
test_058723,
test_058724,
test_058725,
test_058726,
test_058727,
test_058728,
test_058729,
test_058730,
test_058731,
test_058732,
test_058733,
test_058734,
test_058735,
test_058736,
test_058737,
test_058738,
test_058739,
test_058740,
test_058741,
test_058742,
test_058743,
test_058744,
test_058745,
test_058746,
test_058747,
test_058748,
test_058749,
test_058750,
test_058751,
test_058752,
test_058753,
test_058754,
test_058755,
test_058756,
test_058757,
test_058758,
test_058759,
test_058760,
test_058761,
test_058762,
test_058763,
test_058764,
test_058765,
test_058766,
test_058767,
test_058768,
test_058769,
test_058770,
test_058771,
test_058772,
test_058773,
test_058774,
test_058775,
test_058776,
test_058777,
test_058778,
test_058779,
test_058780,
test_058781,
test_058782,
test_058783,
test_058784,
test_058785,
test_058786,
test_058787,
test_058788,
test_058789,
test_058790,
test_058791,
test_058792,
test_058793,
test_058794,
test_058795,
test_058796,
test_058797,
test_058798,
test_058799,
test_058800,
test_058801,
test_058802,
test_058803,
test_058804,
test_058805,
test_058806,
test_058807,
test_058808,
test_058809,
test_058810,
test_058811,
test_058812,
test_058813,
test_058814,
test_058815,
test_058816,
test_058817,
test_058818,
test_058819,
test_058820,
test_058821,
test_058822,
test_058823,
test_058824,
test_058825,
test_058826,
test_058827,
test_058828,
test_058829,
test_058830,
test_058831,
test_058832,
test_058833,
test_058834,
test_058835,
test_058836,
test_058837,
test_058838,
test_058839,
test_058840,
test_058841,
test_058842,
test_058843,
test_058844,
test_058845,
test_058846,
test_058847,
test_058848,
test_058849,
test_058850,
test_058851,
test_058852,
test_058853,
test_058854,
test_058855,
test_058856,
test_058857,
test_058858,
test_058859,
test_058860,
test_058861,
test_058862,
test_058863,
test_058864,
test_058865,
test_058866,
test_058867,
test_058868,
test_058869,
test_058870,
test_058871,
test_058872,
test_058873,
test_058874,
test_058875,
test_058876,
test_058877,
test_058878,
test_058879,
test_058880,
test_058881,
test_058882,
test_058883,
test_058884,
test_058885,
test_058886,
test_058887,
test_058888,
test_058889,
test_058890,
test_058891,
test_058892,
test_058893,
test_058894,
test_058895,
test_058896,
test_058897,
test_058898,
test_058899,
test_058900,
test_058901,
test_058902,
test_058903,
test_058904,
test_058905,
test_058906,
test_058907,
test_058908,
test_058909,
test_058910,
test_058911,
test_058912,
test_058913,
test_058914,
test_058915,
test_058916,
test_058917,
test_058918,
test_058919,
test_058920,
test_058921,
test_058922,
test_058923,
test_058924,
test_058925,
test_058926,
test_058927,
test_058928,
test_058929,
test_058930,
test_058931,
test_058932,
test_058933,
test_058934,
test_058935,
test_058936,
test_058937,
test_058938,
test_058939,
test_058940,
test_058941,
test_058942,
test_058943,
test_058944,
test_058945,
test_058946,
test_058947,
test_058948,
test_058949,
test_058950,
test_058951,
test_058952,
test_058953,
test_058954,
test_058955,
test_058956,
test_058957,
test_058958,
test_058959,
test_058960,
test_058961,
test_058962,
test_058963,
test_058964,
test_058965,
test_058966,
test_058967,
test_058968,
test_058969,
test_058970,
test_058971,
test_058972,
test_058973,
test_058974,
test_058975,
test_058976,
test_058977,
test_058978,
test_058979,
test_058980,
test_058981,
test_058982,
test_058983,
test_058984,
test_058985,
test_058986,
test_058987,
test_058988,
test_058989,
test_058990,
test_058991,
test_058992,
test_058993,
test_058994,
test_058995,
test_058996,
test_058997,
test_058998,
test_058999,
test_059000,
test_059001,
test_059002,
test_059003,
test_059004,
test_059005,
test_059006,
test_059007,
test_059008,
test_059009,
test_059010,
test_059011,
test_059012,
test_059013,
test_059014,
test_059015,
test_059016,
test_059017,
test_059018,
test_059019,
test_059020,
test_059021,
test_059022,
test_059023,
test_059024,
test_059025,
test_059026,
test_059027,
test_059028,
test_059029,
test_059030,
test_059031,
test_059032,
test_059033,
test_059034,
test_059035,
test_059036,
test_059037,
test_059038,
test_059039,
test_059040,
test_059041,
test_059042,
test_059043,
test_059044,
test_059045,
test_059046,
test_059047,
test_059048,
test_059049,
test_059050,
test_059051,
test_059052,
test_059053,
test_059054,
test_059055,
test_059056,
test_059057,
test_059058,
test_059059,
test_059060,
test_059061,
test_059062,
test_059063,
test_059064,
test_059065,
test_059066,
test_059067,
test_059068,
test_059069,
test_059070,
test_059071,
test_059072,
test_059073,
test_059074,
test_059075,
test_059076,
test_059077,
test_059078,
test_059079,
test_059080,
test_059081,
test_059082,
test_059083,
test_059084,
test_059085,
test_059086,
test_059087,
test_059088,
test_059089,
test_059090,
test_059091,
test_059092,
test_059093,
test_059094,
test_059095,
test_059096,
test_059097,
test_059098,
test_059099,
test_059100,
test_059101,
test_059102,
test_059103,
test_059104,
test_059105,
test_059106,
test_059107,
test_059108,
test_059109,
test_059110,
test_059111,
test_059112,
test_059113,
test_059114,
test_059115,
test_059116,
test_059117,
test_059118,
test_059119,
test_059120,
test_059121,
test_059122,
test_059123,
test_059124,
test_059125,
test_059126,
test_059127,
test_059128,
test_059129,
test_059130,
test_059131,
test_059132,
test_059133,
test_059134,
test_059135,
test_059136,
test_059137,
test_059138,
test_059139,
test_059140,
test_059141,
test_059142,
test_059143,
test_059144,
test_059145,
test_059146,
test_059147,
test_059148,
test_059149,
test_059150,
test_059151,
test_059152,
test_059153,
test_059154,
test_059155,
test_059156,
test_059157,
test_059158,
test_059159,
test_059160,
test_059161,
test_059162,
test_059163,
test_059164,
test_059165,
test_059166,
test_059167,
test_059168,
test_059169,
test_059170,
test_059171,
test_059172,
test_059173,
test_059174,
test_059175,
test_059176,
test_059177,
test_059178,
test_059179,
test_059180,
test_059181,
test_059182,
test_059183,
test_059184,
test_059185,
test_059186,
test_059187,
test_059188,
test_059189,
test_059190,
test_059191,
test_059192,
test_059193,
test_059194,
test_059195,
test_059196,
test_059197,
test_059198,
test_059199,
test_059200,
test_059201,
test_059202,
test_059203,
test_059204,
test_059205,
test_059206,
test_059207,
test_059208,
test_059209,
test_059210,
test_059211,
test_059212,
test_059213,
test_059214,
test_059215,
test_059216,
test_059217,
test_059218,
test_059219,
test_059220,
test_059221,
test_059222,
test_059223,
test_059224,
test_059225,
test_059226,
test_059227,
test_059228,
test_059229,
test_059230,
test_059231,
test_059232,
test_059233,
test_059234,
test_059235,
test_059236,
test_059237,
test_059238,
test_059239,
test_059240,
test_059241,
test_059242,
test_059243,
test_059244,
test_059245,
test_059246,
test_059247,
test_059248,
test_059249,
test_059250,
test_059251,
test_059252,
test_059253,
test_059254,
test_059255,
test_059256,
test_059257,
test_059258,
test_059259,
test_059260,
test_059261,
test_059262,
test_059263,
test_059264,
test_059265,
test_059266,
test_059267,
test_059268,
test_059269,
test_059270,
test_059271,
test_059272,
test_059273,
test_059274,
test_059275,
test_059276,
test_059277,
test_059278,
test_059279,
test_059280,
test_059281,
test_059282,
test_059283,
test_059284,
test_059285,
test_059286,
test_059287,
test_059288,
test_059289,
test_059290,
test_059291,
test_059292,
test_059293,
test_059294,
test_059295,
test_059296,
test_059297,
test_059298,
test_059299,
test_059300,
test_059301,
test_059302,
test_059303,
test_059304,
test_059305,
test_059306,
test_059307,
test_059308,
test_059309,
test_059310,
test_059311,
test_059312,
test_059313,
test_059314,
test_059315,
test_059316,
test_059317,
test_059318,
test_059319,
test_059320,
test_059321,
test_059322,
test_059323,
test_059324,
test_059325,
test_059326,
test_059327,
test_059328,
test_059329,
test_059330,
test_059331,
test_059332,
test_059333,
test_059334,
test_059335,
test_059336,
test_059337,
test_059338,
test_059339,
test_059340,
test_059341,
test_059342,
test_059343,
test_059344,
test_059345,
test_059346,
test_059347,
test_059348,
test_059349,
test_059350,
test_059351,
test_059352,
test_059353,
test_059354,
test_059355,
test_059356,
test_059357,
test_059358,
test_059359,
test_059360,
test_059361,
test_059362,
test_059363,
test_059364,
test_059365,
test_059366,
test_059367,
test_059368,
test_059369,
test_059370,
test_059371,
test_059372,
test_059373,
test_059374,
test_059375,
test_059376,
test_059377,
test_059378,
test_059379,
test_059380,
test_059381,
test_059382,
test_059383,
test_059384,
test_059385,
test_059386,
test_059387,
test_059388,
test_059389,
test_059390,
test_059391,
test_059392,
test_059393,
test_059394,
test_059395,
test_059396,
test_059397,
test_059398,
test_059399,
test_059400,
test_059401,
test_059402,
test_059403,
test_059404,
test_059405,
test_059406,
test_059407,
test_059408,
test_059409,
test_059410,
test_059411,
test_059412,
test_059413,
test_059414,
test_059415,
test_059416,
test_059417,
test_059418,
test_059419,
test_059420,
test_059421,
test_059422,
test_059423,
test_059424,
test_059425,
test_059426,
test_059427,
test_059428,
test_059429,
test_059430,
test_059431,
test_059432,
test_059433,
test_059434,
test_059435,
test_059436,
test_059437,
test_059438,
test_059439,
test_059440,
test_059441,
test_059442,
test_059443,
test_059444,
test_059445,
test_059446,
test_059447,
test_059448,
test_059449,
test_059450,
test_059451,
test_059452,
test_059453,
test_059454,
test_059455,
test_059456,
test_059457,
test_059458,
test_059459,
test_059460,
test_059461,
test_059462,
test_059463,
test_059464,
test_059465,
test_059466,
test_059467,
test_059468,
test_059469,
test_059470,
test_059471,
test_059472,
test_059473,
test_059474,
test_059475,
test_059476,
test_059477,
test_059478,
test_059479,
test_059480,
test_059481,
test_059482,
test_059483,
test_059484,
test_059485,
test_059486,
test_059487,
test_059488,
test_059489,
test_059490,
test_059491,
test_059492,
test_059493,
test_059494,
test_059495,
test_059496,
test_059497,
test_059498,
test_059499,
test_059500,
test_059501,
test_059502,
test_059503,
test_059504,
test_059505,
test_059506,
test_059507,
test_059508,
test_059509,
test_059510,
test_059511,
test_059512,
test_059513,
test_059514,
test_059515,
test_059516,
test_059517,
test_059518,
test_059519,
test_059520,
test_059521,
test_059522,
test_059523,
test_059524,
test_059525,
test_059526,
test_059527,
test_059528,
test_059529,
test_059530,
test_059531,
test_059532,
test_059533,
test_059534,
test_059535,
test_059536,
test_059537,
test_059538,
test_059539,
test_059540,
test_059541,
test_059542,
test_059543,
test_059544,
test_059545,
test_059546,
test_059547,
test_059548,
test_059549,
test_059550,
test_059551,
test_059552,
test_059553,
test_059554,
test_059555,
test_059556,
test_059557,
test_059558,
test_059559,
test_059560,
test_059561,
test_059562,
test_059563,
test_059564,
test_059565,
test_059566,
test_059567,
test_059568,
test_059569,
test_059570,
test_059571,
test_059572,
test_059573,
test_059574,
test_059575,
test_059576,
test_059577,
test_059578,
test_059579,
test_059580,
test_059581,
test_059582,
test_059583,
test_059584,
test_059585,
test_059586,
test_059587,
test_059588,
test_059589,
test_059590,
test_059591,
test_059592,
test_059593,
test_059594,
test_059595,
test_059596,
test_059597,
test_059598,
test_059599,
test_059600,
test_059601,
test_059602,
test_059603,
test_059604,
test_059605,
test_059606,
test_059607,
test_059608,
test_059609,
test_059610,
test_059611,
test_059612,
test_059613,
test_059614,
test_059615,
test_059616,
test_059617,
test_059618,
test_059619,
test_059620,
test_059621,
test_059622,
test_059623,
test_059624,
test_059625,
test_059626,
test_059627,
test_059628,
test_059629,
test_059630,
test_059631,
test_059632,
test_059633,
test_059634,
test_059635,
test_059636,
test_059637,
test_059638,
test_059639,
test_059640,
test_059641,
test_059642,
test_059643,
test_059644,
test_059645,
test_059646,
test_059647,
test_059648,
test_059649,
test_059650,
test_059651,
test_059652,
test_059653,
test_059654,
test_059655,
test_059656,
test_059657,
test_059658,
test_059659,
test_059660,
test_059661,
test_059662,
test_059663,
test_059664,
test_059665,
test_059666,
test_059667,
test_059668,
test_059669,
test_059670,
test_059671,
test_059672,
test_059673,
test_059674,
test_059675,
test_059676,
test_059677,
test_059678,
test_059679,
test_059680,
test_059681,
test_059682,
test_059683,
test_059684,
test_059685,
test_059686,
test_059687,
test_059688,
test_059689,
test_059690,
test_059691,
test_059692,
test_059693,
test_059694,
test_059695,
test_059696,
test_059697,
test_059698,
test_059699,
test_059700,
test_059701,
test_059702,
test_059703,
test_059704,
test_059705,
test_059706,
test_059707,
test_059708,
test_059709,
test_059710,
test_059711,
test_059712,
test_059713,
test_059714,
test_059715,
test_059716,
test_059717,
test_059718,
test_059719,
test_059720,
test_059721,
test_059722,
test_059723,
test_059724,
test_059725,
test_059726,
test_059727,
test_059728,
test_059729,
test_059730,
test_059731,
test_059732,
test_059733,
test_059734,
test_059735,
test_059736,
test_059737,
test_059738,
test_059739,
test_059740,
test_059741,
test_059742,
test_059743,
test_059744,
test_059745,
test_059746,
test_059747,
test_059748,
test_059749,
test_059750,
test_059751,
test_059752,
test_059753,
test_059754,
test_059755,
test_059756,
test_059757,
test_059758,
test_059759,
test_059760,
test_059761,
test_059762,
test_059763,
test_059764,
test_059765,
test_059766,
test_059767,
test_059768,
test_059769,
test_059770,
test_059771,
test_059772,
test_059773,
test_059774,
test_059775,
test_059776,
test_059777,
test_059778,
test_059779,
test_059780,
test_059781,
test_059782,
test_059783,
test_059784,
test_059785,
test_059786,
test_059787,
test_059788,
test_059789,
test_059790,
test_059791,
test_059792,
test_059793,
test_059794,
test_059795,
test_059796,
test_059797,
test_059798,
test_059799,
test_059800,
test_059801,
test_059802,
test_059803,
test_059804,
test_059805,
test_059806,
test_059807,
test_059808,
test_059809,
test_059810,
test_059811,
test_059812,
test_059813,
test_059814,
test_059815,
test_059816,
test_059817,
test_059818,
test_059819,
test_059820,
test_059821,
test_059822,
test_059823,
test_059824,
test_059825,
test_059826,
test_059827,
test_059828,
test_059829,
test_059830,
test_059831,
test_059832,
test_059833,
test_059834,
test_059835,
test_059836,
test_059837,
test_059838,
test_059839,
test_059840,
test_059841,
test_059842,
test_059843,
test_059844,
test_059845,
test_059846,
test_059847,
test_059848,
test_059849,
test_059850,
test_059851,
test_059852,
test_059853,
test_059854,
test_059855,
test_059856,
test_059857,
test_059858,
test_059859,
test_059860,
test_059861,
test_059862,
test_059863,
test_059864,
test_059865,
test_059866,
test_059867,
test_059868,
test_059869,
test_059870,
test_059871,
test_059872,
test_059873,
test_059874,
test_059875,
test_059876,
test_059877,
test_059878,
test_059879,
test_059880,
test_059881,
test_059882,
test_059883,
test_059884,
test_059885,
test_059886,
test_059887,
test_059888,
test_059889,
test_059890,
test_059891,
test_059892,
test_059893,
test_059894,
test_059895,
test_059896,
test_059897,
test_059898,
test_059899,
test_059900,
test_059901,
test_059902,
test_059903,
test_059904,
test_059905,
test_059906,
test_059907,
test_059908,
test_059909,
test_059910,
test_059911,
test_059912,
test_059913,
test_059914,
test_059915,
test_059916,
test_059917,
test_059918,
test_059919,
test_059920,
test_059921,
test_059922,
test_059923,
test_059924,
test_059925,
test_059926,
test_059927,
test_059928,
test_059929,
test_059930,
test_059931,
test_059932,
test_059933,
test_059934,
test_059935,
test_059936,
test_059937,
test_059938,
test_059939,
test_059940,
test_059941,
test_059942,
test_059943,
test_059944,
test_059945,
test_059946,
test_059947,
test_059948,
test_059949,
test_059950,
test_059951,
test_059952,
test_059953,
test_059954,
test_059955,
test_059956,
test_059957,
test_059958,
test_059959,
test_059960,
test_059961,
test_059962,
test_059963,
test_059964,
test_059965,
test_059966,
test_059967,
test_059968,
test_059969,
test_059970,
test_059971,
test_059972,
test_059973,
test_059974,
test_059975,
test_059976,
test_059977,
test_059978,
test_059979,
test_059980,
test_059981,
test_059982,
test_059983,
test_059984,
test_059985,
test_059986,
test_059987,
test_059988,
test_059989,
test_059990,
test_059991,
test_059992,
test_059993,
test_059994,
test_059995,
test_059996,
test_059997,
test_059998,
test_059999,
test_060000,
test_060001,
test_060002,
test_060003,
test_060004,
test_060005,
test_060006,
test_060007,
test_060008,
test_060009,
test_060010,
test_060011,
test_060012,
test_060013,
test_060014,
test_060015,
test_060016,
test_060017,
test_060018,
test_060019,
test_060020,
test_060021,
test_060022,
test_060023,
test_060024,
test_060025,
test_060026,
test_060027,
test_060028,
test_060029,
test_060030,
test_060031,
test_060032,
test_060033,
test_060034,
test_060035,
test_060036,
test_060037,
test_060038,
test_060039,
test_060040,
test_060041,
test_060042,
test_060043,
test_060044,
test_060045,
test_060046,
test_060047,
test_060048,
test_060049,
test_060050,
test_060051,
test_060052,
test_060053,
test_060054,
test_060055,
test_060056,
test_060057,
test_060058,
test_060059,
test_060060,
test_060061,
test_060062,
test_060063,
test_060064,
test_060065,
test_060066,
test_060067,
test_060068,
test_060069,
test_060070,
test_060071,
test_060072,
test_060073,
test_060074,
test_060075,
test_060076,
test_060077,
test_060078,
test_060079,
test_060080,
test_060081,
test_060082,
test_060083,
test_060084,
test_060085,
test_060086,
test_060087,
test_060088,
test_060089,
test_060090,
test_060091,
test_060092,
test_060093,
test_060094,
test_060095,
test_060096,
test_060097,
test_060098,
test_060099,
test_060100,
test_060101,
test_060102,
test_060103,
test_060104,
test_060105,
test_060106,
test_060107,
test_060108,
test_060109,
test_060110,
test_060111,
test_060112,
test_060113,
test_060114,
test_060115,
test_060116,
test_060117,
test_060118,
test_060119,
test_060120,
test_060121,
test_060122,
test_060123,
test_060124,
test_060125,
test_060126,
test_060127,
test_060128,
test_060129,
test_060130,
test_060131,
test_060132,
test_060133,
test_060134,
test_060135,
test_060136,
test_060137,
test_060138,
test_060139,
test_060140,
test_060141,
test_060142,
test_060143,
test_060144,
test_060145,
test_060146,
test_060147,
test_060148,
test_060149,
test_060150,
test_060151,
test_060152,
test_060153,
test_060154,
test_060155,
test_060156,
test_060157,
test_060158,
test_060159,
test_060160,
test_060161,
test_060162,
test_060163,
test_060164,
test_060165,
test_060166,
test_060167,
test_060168,
test_060169,
test_060170,
test_060171,
test_060172,
test_060173,
test_060174,
test_060175,
test_060176,
test_060177,
test_060178,
test_060179,
test_060180,
test_060181,
test_060182,
test_060183,
test_060184,
test_060185,
test_060186,
test_060187,
test_060188,
test_060189,
test_060190,
test_060191,
test_060192,
test_060193,
test_060194,
test_060195,
test_060196,
test_060197,
test_060198,
test_060199,
test_060200,
test_060201,
test_060202,
test_060203,
test_060204,
test_060205,
test_060206,
test_060207,
test_060208,
test_060209,
test_060210,
test_060211,
test_060212,
test_060213,
test_060214,
test_060215,
test_060216,
test_060217,
test_060218,
test_060219,
test_060220,
test_060221,
test_060222,
test_060223,
test_060224,
test_060225,
test_060226,
test_060227,
test_060228,
test_060229,
test_060230,
test_060231,
test_060232,
test_060233,
test_060234,
test_060235,
test_060236,
test_060237,
test_060238,
test_060239,
test_060240,
test_060241,
test_060242,
test_060243,
test_060244,
test_060245,
test_060246,
test_060247,
test_060248,
test_060249,
test_060250,
test_060251,
test_060252,
test_060253,
test_060254,
test_060255,
test_060256,
test_060257,
test_060258,
test_060259,
test_060260,
test_060261,
test_060262,
test_060263,
test_060264,
test_060265,
test_060266,
test_060267,
test_060268,
test_060269,
test_060270,
test_060271,
test_060272,
test_060273,
test_060274,
test_060275,
test_060276,
test_060277,
test_060278,
test_060279,
test_060280,
test_060281,
test_060282,
test_060283,
test_060284,
test_060285,
test_060286,
test_060287,
test_060288,
test_060289,
test_060290,
test_060291,
test_060292,
test_060293,
test_060294,
test_060295,
test_060296,
test_060297,
test_060298,
test_060299,
test_060300,
test_060301,
test_060302,
test_060303,
test_060304,
test_060305,
test_060306,
test_060307,
test_060308,
test_060309,
test_060310,
test_060311,
test_060312,
test_060313,
test_060314,
test_060315,
test_060316,
test_060317,
test_060318,
test_060319,
test_060320,
test_060321,
test_060322,
test_060323,
test_060324,
test_060325,
test_060326,
test_060327,
test_060328,
test_060329,
test_060330,
test_060331,
test_060332,
test_060333,
test_060334,
test_060335,
test_060336,
test_060337,
test_060338,
test_060339,
test_060340,
test_060341,
test_060342,
test_060343,
test_060344,
test_060345,
test_060346,
test_060347,
test_060348,
test_060349,
test_060350,
test_060351,
test_060352,
test_060353,
test_060354,
test_060355,
test_060356,
test_060357,
test_060358,
test_060359,
test_060360,
test_060361,
test_060362,
test_060363,
test_060364,
test_060365,
test_060366,
test_060367,
test_060368,
test_060369,
test_060370,
test_060371,
test_060372,
test_060373,
test_060374,
test_060375,
test_060376,
test_060377,
test_060378,
test_060379,
test_060380,
test_060381,
test_060382,
test_060383,
test_060384,
test_060385,
test_060386,
test_060387,
test_060388,
test_060389,
test_060390,
test_060391,
test_060392,
test_060393,
test_060394,
test_060395,
test_060396,
test_060397,
test_060398,
test_060399,
test_060400,
test_060401,
test_060402,
test_060403,
test_060404,
test_060405,
test_060406,
test_060407,
test_060408,
test_060409,
test_060410,
test_060411,
test_060412,
test_060413,
test_060414,
test_060415,
test_060416,
test_060417,
test_060418,
test_060419,
test_060420,
test_060421,
test_060422,
test_060423,
test_060424,
test_060425,
test_060426,
test_060427,
test_060428,
test_060429,
test_060430,
test_060431,
test_060432,
test_060433,
test_060434,
test_060435,
test_060436,
test_060437,
test_060438,
test_060439,
test_060440,
test_060441,
test_060442,
test_060443,
test_060444,
test_060445,
test_060446,
test_060447,
test_060448,
test_060449,
test_060450,
test_060451,
test_060452,
test_060453,
test_060454,
test_060455,
test_060456,
test_060457,
test_060458,
test_060459,
test_060460,
test_060461,
test_060462,
test_060463,
test_060464,
test_060465,
test_060466,
test_060467,
test_060468,
test_060469,
test_060470,
test_060471,
test_060472,
test_060473,
test_060474,
test_060475,
test_060476,
test_060477,
test_060478,
test_060479,
test_060480,
test_060481,
test_060482,
test_060483,
test_060484,
test_060485,
test_060486,
test_060487,
test_060488,
test_060489,
test_060490,
test_060491,
test_060492,
test_060493,
test_060494,
test_060495,
test_060496,
test_060497,
test_060498,
test_060499,
test_060500,
test_060501,
test_060502,
test_060503,
test_060504,
test_060505,
test_060506,
test_060507,
test_060508,
test_060509,
test_060510,
test_060511,
test_060512,
test_060513,
test_060514,
test_060515,
test_060516,
test_060517,
test_060518,
test_060519,
test_060520,
test_060521,
test_060522,
test_060523,
test_060524,
test_060525,
test_060526,
test_060527,
test_060528,
test_060529,
test_060530,
test_060531,
test_060532,
test_060533,
test_060534,
test_060535,
test_060536,
test_060537,
test_060538,
test_060539,
test_060540,
test_060541,
test_060542,
test_060543,
test_060544,
test_060545,
test_060546,
test_060547,
test_060548,
test_060549,
test_060550,
test_060551,
test_060552,
test_060553,
test_060554,
test_060555,
test_060556,
test_060557,
test_060558,
test_060559,
test_060560,
test_060561,
test_060562,
test_060563,
test_060564,
test_060565,
test_060566,
test_060567,
test_060568,
test_060569,
test_060570,
test_060571,
test_060572,
test_060573,
test_060574,
test_060575,
test_060576,
test_060577,
test_060578,
test_060579,
test_060580,
test_060581,
test_060582,
test_060583,
test_060584,
test_060585,
test_060586,
test_060587,
test_060588,
test_060589,
test_060590,
test_060591,
test_060592,
test_060593,
test_060594,
test_060595,
test_060596,
test_060597,
test_060598,
test_060599,
test_060600,
test_060601,
test_060602,
test_060603,
test_060604,
test_060605,
test_060606,
test_060607,
test_060608,
test_060609,
test_060610,
test_060611,
test_060612,
test_060613,
test_060614,
test_060615,
test_060616,
test_060617,
test_060618,
test_060619,
test_060620,
test_060621,
test_060622,
test_060623,
test_060624,
test_060625,
test_060626,
test_060627,
test_060628,
test_060629,
test_060630,
test_060631,
test_060632,
test_060633,
test_060634,
test_060635,
test_060636,
test_060637,
test_060638,
test_060639,
test_060640,
test_060641,
test_060642,
test_060643,
test_060644,
test_060645,
test_060646,
test_060647,
test_060648,
test_060649,
test_060650,
test_060651,
test_060652,
test_060653,
test_060654,
test_060655,
test_060656,
test_060657,
test_060658,
test_060659,
test_060660,
test_060661,
test_060662,
test_060663,
test_060664,
test_060665,
test_060666,
test_060667,
test_060668,
test_060669,
test_060670,
test_060671,
test_060672,
test_060673,
test_060674,
test_060675,
test_060676,
test_060677,
test_060678,
test_060679,
test_060680,
test_060681,
test_060682,
test_060683,
test_060684,
test_060685,
test_060686,
test_060687,
test_060688,
test_060689,
test_060690,
test_060691,
test_060692,
test_060693,
test_060694,
test_060695,
test_060696,
test_060697,
test_060698,
test_060699,
test_060700,
test_060701,
test_060702,
test_060703,
test_060704,
test_060705,
test_060706,
test_060707,
test_060708,
test_060709,
test_060710,
test_060711,
test_060712,
test_060713,
test_060714,
test_060715,
test_060716,
test_060717,
test_060718,
test_060719,
test_060720,
test_060721,
test_060722,
test_060723,
test_060724,
test_060725,
test_060726,
test_060727,
test_060728,
test_060729,
test_060730,
test_060731,
test_060732,
test_060733,
test_060734,
test_060735,
test_060736,
test_060737,
test_060738,
test_060739,
test_060740,
test_060741,
test_060742,
test_060743,
test_060744,
test_060745,
test_060746,
test_060747,
test_060748,
test_060749,
test_060750,
test_060751,
test_060752,
test_060753,
test_060754,
test_060755,
test_060756,
test_060757,
test_060758,
test_060759,
test_060760,
test_060761,
test_060762,
test_060763,
test_060764,
test_060765,
test_060766,
test_060767,
test_060768,
test_060769,
test_060770,
test_060771,
test_060772,
test_060773,
test_060774,
test_060775,
test_060776,
test_060777,
test_060778,
test_060779,
test_060780,
test_060781,
test_060782,
test_060783,
test_060784,
test_060785,
test_060786,
test_060787,
test_060788,
test_060789,
test_060790,
test_060791,
test_060792,
test_060793,
test_060794,
test_060795,
test_060796,
test_060797,
test_060798,
test_060799,
test_060800,
test_060801,
test_060802,
test_060803,
test_060804,
test_060805,
test_060806,
test_060807,
test_060808,
test_060809,
test_060810,
test_060811,
test_060812,
test_060813,
test_060814,
test_060815,
test_060816,
test_060817,
test_060818,
test_060819,
test_060820,
test_060821,
test_060822,
test_060823,
test_060824,
test_060825,
test_060826,
test_060827,
test_060828,
test_060829,
test_060830,
test_060831,
test_060832,
test_060833,
test_060834,
test_060835,
test_060836,
test_060837,
test_060838,
test_060839,
test_060840,
test_060841,
test_060842,
test_060843,
test_060844,
test_060845,
test_060846,
test_060847,
test_060848,
test_060849,
test_060850,
test_060851,
test_060852,
test_060853,
test_060854,
test_060855,
test_060856,
test_060857,
test_060858,
test_060859,
test_060860,
test_060861,
test_060862,
test_060863,
test_060864,
test_060865,
test_060866,
test_060867,
test_060868,
test_060869,
test_060870,
test_060871,
test_060872,
test_060873,
test_060874,
test_060875,
test_060876,
test_060877,
test_060878,
test_060879,
test_060880,
test_060881,
test_060882,
test_060883,
test_060884,
test_060885,
test_060886,
test_060887,
test_060888,
test_060889,
test_060890,
test_060891,
test_060892,
test_060893,
test_060894,
test_060895,
test_060896,
test_060897,
test_060898,
test_060899,
test_060900,
test_060901,
test_060902,
test_060903,
test_060904,
test_060905,
test_060906,
test_060907,
test_060908,
test_060909,
test_060910,
test_060911,
test_060912,
test_060913,
test_060914,
test_060915,
test_060916,
test_060917,
test_060918,
test_060919,
test_060920,
test_060921,
test_060922,
test_060923,
test_060924,
test_060925,
test_060926,
test_060927,
test_060928,
test_060929,
test_060930,
test_060931,
test_060932,
test_060933,
test_060934,
test_060935,
test_060936,
test_060937,
test_060938,
test_060939,
test_060940,
test_060941,
test_060942,
test_060943,
test_060944,
test_060945,
test_060946,
test_060947,
test_060948,
test_060949,
test_060950,
test_060951,
test_060952,
test_060953,
test_060954,
test_060955,
test_060956,
test_060957,
test_060958,
test_060959,
test_060960,
test_060961,
test_060962,
test_060963,
test_060964,
test_060965,
test_060966,
test_060967,
test_060968,
test_060969,
test_060970,
test_060971,
test_060972,
test_060973,
test_060974,
test_060975,
test_060976,
test_060977,
test_060978,
test_060979,
test_060980,
test_060981,
test_060982,
test_060983,
test_060984,
test_060985,
test_060986,
test_060987,
test_060988,
test_060989,
test_060990,
test_060991,
test_060992,
test_060993,
test_060994,
test_060995,
test_060996,
test_060997,
test_060998,
test_060999,
test_061000,
test_061001,
test_061002,
test_061003,
test_061004,
test_061005,
test_061006,
test_061007,
test_061008,
test_061009,
test_061010,
test_061011,
test_061012,
test_061013,
test_061014,
test_061015,
test_061016,
test_061017,
test_061018,
test_061019,
test_061020,
test_061021,
test_061022,
test_061023,
test_061024,
test_061025,
test_061026,
test_061027,
test_061028,
test_061029,
test_061030,
test_061031,
test_061032,
test_061033,
test_061034,
test_061035,
test_061036,
test_061037,
test_061038,
test_061039,
test_061040,
test_061041,
test_061042,
test_061043,
test_061044,
test_061045,
test_061046,
test_061047,
test_061048,
test_061049,
test_061050,
test_061051,
test_061052,
test_061053,
test_061054,
test_061055,
test_061056,
test_061057,
test_061058,
test_061059,
test_061060,
test_061061,
test_061062,
test_061063,
test_061064,
test_061065,
test_061066,
test_061067,
test_061068,
test_061069,
test_061070,
test_061071,
test_061072,
test_061073,
test_061074,
test_061075,
test_061076,
test_061077,
test_061078,
test_061079,
test_061080,
test_061081,
test_061082,
test_061083,
test_061084,
test_061085,
test_061086,
test_061087,
test_061088,
test_061089,
test_061090,
test_061091,
test_061092,
test_061093,
test_061094,
test_061095,
test_061096,
test_061097,
test_061098,
test_061099,
test_061100,
test_061101,
test_061102,
test_061103,
test_061104,
test_061105,
test_061106,
test_061107,
test_061108,
test_061109,
test_061110,
test_061111,
test_061112,
test_061113,
test_061114,
test_061115,
test_061116,
test_061117,
test_061118,
test_061119,
test_061120,
test_061121,
test_061122,
test_061123,
test_061124,
test_061125,
test_061126,
test_061127,
test_061128,
test_061129,
test_061130,
test_061131,
test_061132,
test_061133,
test_061134,
test_061135,
test_061136,
test_061137,
test_061138,
test_061139,
test_061140,
test_061141,
test_061142,
test_061143,
test_061144,
test_061145,
test_061146,
test_061147,
test_061148,
test_061149,
test_061150,
test_061151,
test_061152,
test_061153,
test_061154,
test_061155,
test_061156,
test_061157,
test_061158,
test_061159,
test_061160,
test_061161,
test_061162,
test_061163,
test_061164,
test_061165,
test_061166,
test_061167,
test_061168,
test_061169,
test_061170,
test_061171,
test_061172,
test_061173,
test_061174,
test_061175,
test_061176,
test_061177,
test_061178,
test_061179,
test_061180,
test_061181,
test_061182,
test_061183,
test_061184,
test_061185,
test_061186,
test_061187,
test_061188,
test_061189,
test_061190,
test_061191,
test_061192,
test_061193,
test_061194,
test_061195,
test_061196,
test_061197,
test_061198,
test_061199,
test_061200,
test_061201,
test_061202,
test_061203,
test_061204,
test_061205,
test_061206,
test_061207,
test_061208,
test_061209,
test_061210,
test_061211,
test_061212,
test_061213,
test_061214,
test_061215,
test_061216,
test_061217,
test_061218,
test_061219,
test_061220,
test_061221,
test_061222,
test_061223,
test_061224,
test_061225,
test_061226,
test_061227,
test_061228,
test_061229,
test_061230,
test_061231,
test_061232,
test_061233,
test_061234,
test_061235,
test_061236,
test_061237,
test_061238,
test_061239,
test_061240,
test_061241,
test_061242,
test_061243,
test_061244,
test_061245,
test_061246,
test_061247,
test_061248,
test_061249,
test_061250,
test_061251,
test_061252,
test_061253,
test_061254,
test_061255,
test_061256,
test_061257,
test_061258,
test_061259,
test_061260,
test_061261,
test_061262,
test_061263,
test_061264,
test_061265,
test_061266,
test_061267,
test_061268,
test_061269,
test_061270,
test_061271,
test_061272,
test_061273,
test_061274,
test_061275,
test_061276,
test_061277,
test_061278,
test_061279,
test_061280,
test_061281,
test_061282,
test_061283,
test_061284,
test_061285,
test_061286,
test_061287,
test_061288,
test_061289,
test_061290,
test_061291,
test_061292,
test_061293,
test_061294,
test_061295,
test_061296,
test_061297,
test_061298,
test_061299,
test_061300,
test_061301,
test_061302,
test_061303,
test_061304,
test_061305,
test_061306,
test_061307,
test_061308,
test_061309,
test_061310,
test_061311,
test_061312,
test_061313,
test_061314,
test_061315,
test_061316,
test_061317,
test_061318,
test_061319,
test_061320,
test_061321,
test_061322,
test_061323,
test_061324,
test_061325,
test_061326,
test_061327,
test_061328,
test_061329,
test_061330,
test_061331,
test_061332,
test_061333,
test_061334,
test_061335,
test_061336,
test_061337,
test_061338,
test_061339,
test_061340,
test_061341,
test_061342,
test_061343,
test_061344,
test_061345,
test_061346,
test_061347,
test_061348,
test_061349,
test_061350,
test_061351,
test_061352,
test_061353,
test_061354,
test_061355,
test_061356,
test_061357,
test_061358,
test_061359,
test_061360,
test_061361,
test_061362,
test_061363,
test_061364,
test_061365,
test_061366,
test_061367,
test_061368,
test_061369,
test_061370,
test_061371,
test_061372,
test_061373,
test_061374,
test_061375,
test_061376,
test_061377,
test_061378,
test_061379,
test_061380,
test_061381,
test_061382,
test_061383,
test_061384,
test_061385,
test_061386,
test_061387,
test_061388,
test_061389,
test_061390,
test_061391,
test_061392,
test_061393,
test_061394,
test_061395,
test_061396,
test_061397,
test_061398,
test_061399,
test_061400,
test_061401,
test_061402,
test_061403,
test_061404,
test_061405,
test_061406,
test_061407,
test_061408,
test_061409,
test_061410,
test_061411,
test_061412,
test_061413,
test_061414,
test_061415,
test_061416,
test_061417,
test_061418,
test_061419,
test_061420,
test_061421,
test_061422,
test_061423,
test_061424,
test_061425,
test_061426,
test_061427,
test_061428,
test_061429,
test_061430,
test_061431,
test_061432,
test_061433,
test_061434,
test_061435,
test_061436,
test_061437,
test_061438,
test_061439,
test_061440,
test_061441,
test_061442,
test_061443,
test_061444,
test_061445,
test_061446,
test_061447,
test_061448,
test_061449,
test_061450,
test_061451,
test_061452,
test_061453,
test_061454,
test_061455,
test_061456,
test_061457,
test_061458,
test_061459,
test_061460,
test_061461,
test_061462,
test_061463,
test_061464,
test_061465,
test_061466,
test_061467,
test_061468,
test_061469,
test_061470,
test_061471,
test_061472,
test_061473,
test_061474,
test_061475,
test_061476,
test_061477,
test_061478,
test_061479,
test_061480,
test_061481,
test_061482,
test_061483,
test_061484,
test_061485,
test_061486,
test_061487,
test_061488,
test_061489,
test_061490,
test_061491,
test_061492,
test_061493,
test_061494,
test_061495,
test_061496,
test_061497,
test_061498,
test_061499,
test_061500,
test_061501,
test_061502,
test_061503,
test_061504,
test_061505,
test_061506,
test_061507,
test_061508,
test_061509,
test_061510,
test_061511,
test_061512,
test_061513,
test_061514,
test_061515,
test_061516,
test_061517,
test_061518,
test_061519,
test_061520,
test_061521,
test_061522,
test_061523,
test_061524,
test_061525,
test_061526,
test_061527,
test_061528,
test_061529,
test_061530,
test_061531,
test_061532,
test_061533,
test_061534,
test_061535,
test_061536,
test_061537,
test_061538,
test_061539,
test_061540,
test_061541,
test_061542,
test_061543,
test_061544,
test_061545,
test_061546,
test_061547,
test_061548,
test_061549,
test_061550,
test_061551,
test_061552,
test_061553,
test_061554,
test_061555,
test_061556,
test_061557,
test_061558,
test_061559,
test_061560,
test_061561,
test_061562,
test_061563,
test_061564,
test_061565,
test_061566,
test_061567,
test_061568,
test_061569,
test_061570,
test_061571,
test_061572,
test_061573,
test_061574,
test_061575,
test_061576,
test_061577,
test_061578,
test_061579,
test_061580,
test_061581,
test_061582,
test_061583,
test_061584,
test_061585,
test_061586,
test_061587,
test_061588,
test_061589,
test_061590,
test_061591,
test_061592,
test_061593,
test_061594,
test_061595,
test_061596,
test_061597,
test_061598,
test_061599,
test_061600,
test_061601,
test_061602,
test_061603,
test_061604,
test_061605,
test_061606,
test_061607,
test_061608,
test_061609,
test_061610,
test_061611,
test_061612,
test_061613,
test_061614,
test_061615,
test_061616,
test_061617,
test_061618,
test_061619,
test_061620,
test_061621,
test_061622,
test_061623,
test_061624,
test_061625,
test_061626,
test_061627,
test_061628,
test_061629,
test_061630,
test_061631,
test_061632,
test_061633,
test_061634,
test_061635,
test_061636,
test_061637,
test_061638,
test_061639,
test_061640,
test_061641,
test_061642,
test_061643,
test_061644,
test_061645,
test_061646,
test_061647,
test_061648,
test_061649,
test_061650,
test_061651,
test_061652,
test_061653,
test_061654,
test_061655,
test_061656,
test_061657,
test_061658,
test_061659,
test_061660,
test_061661,
test_061662,
test_061663,
test_061664,
test_061665,
test_061666,
test_061667,
test_061668,
test_061669,
test_061670,
test_061671,
test_061672,
test_061673,
test_061674,
test_061675,
test_061676,
test_061677,
test_061678,
test_061679,
test_061680,
test_061681,
test_061682,
test_061683,
test_061684,
test_061685,
test_061686,
test_061687,
test_061688,
test_061689,
test_061690,
test_061691,
test_061692,
test_061693,
test_061694,
test_061695,
test_061696,
test_061697,
test_061698,
test_061699,
test_061700,
test_061701,
test_061702,
test_061703,
test_061704,
test_061705,
test_061706,
test_061707,
test_061708,
test_061709,
test_061710,
test_061711,
test_061712,
test_061713,
test_061714,
test_061715,
test_061716,
test_061717,
test_061718,
test_061719,
test_061720,
test_061721,
test_061722,
test_061723,
test_061724,
test_061725,
test_061726,
test_061727,
test_061728,
test_061729,
test_061730,
test_061731,
test_061732,
test_061733,
test_061734,
test_061735,
test_061736,
test_061737,
test_061738,
test_061739,
test_061740,
test_061741,
test_061742,
test_061743,
test_061744,
test_061745,
test_061746,
test_061747,
test_061748,
test_061749,
test_061750,
test_061751,
test_061752,
test_061753,
test_061754,
test_061755,
test_061756,
test_061757,
test_061758,
test_061759,
test_061760,
test_061761,
test_061762,
test_061763,
test_061764,
test_061765,
test_061766,
test_061767,
test_061768,
test_061769,
test_061770,
test_061771,
test_061772,
test_061773,
test_061774,
test_061775,
test_061776,
test_061777,
test_061778,
test_061779,
test_061780,
test_061781,
test_061782,
test_061783,
test_061784,
test_061785,
test_061786,
test_061787,
test_061788,
test_061789,
test_061790,
test_061791,
test_061792,
test_061793,
test_061794,
test_061795,
test_061796,
test_061797,
test_061798,
test_061799,
test_061800,
test_061801,
test_061802,
test_061803,
test_061804,
test_061805,
test_061806,
test_061807,
test_061808,
test_061809,
test_061810,
test_061811,
test_061812,
test_061813,
test_061814,
test_061815,
test_061816,
test_061817,
test_061818,
test_061819,
test_061820,
test_061821,
test_061822,
test_061823,
test_061824,
test_061825,
test_061826,
test_061827,
test_061828,
test_061829,
test_061830,
test_061831,
test_061832,
test_061833,
test_061834,
test_061835,
test_061836,
test_061837,
test_061838,
test_061839,
test_061840,
test_061841,
test_061842,
test_061843,
test_061844,
test_061845,
test_061846,
test_061847,
test_061848,
test_061849,
test_061850,
test_061851,
test_061852,
test_061853,
test_061854,
test_061855,
test_061856,
test_061857,
test_061858,
test_061859,
test_061860,
test_061861,
test_061862,
test_061863,
test_061864,
test_061865,
test_061866,
test_061867,
test_061868,
test_061869,
test_061870,
test_061871,
test_061872,
test_061873,
test_061874,
test_061875,
test_061876,
test_061877,
test_061878,
test_061879,
test_061880,
test_061881,
test_061882,
test_061883,
test_061884,
test_061885,
test_061886,
test_061887,
test_061888,
test_061889,
test_061890,
test_061891,
test_061892,
test_061893,
test_061894,
test_061895,
test_061896,
test_061897,
test_061898,
test_061899,
test_061900,
test_061901,
test_061902,
test_061903,
test_061904,
test_061905,
test_061906,
test_061907,
test_061908,
test_061909,
test_061910,
test_061911,
test_061912,
test_061913,
test_061914,
test_061915,
test_061916,
test_061917,
test_061918,
test_061919,
test_061920,
test_061921,
test_061922,
test_061923,
test_061924,
test_061925,
test_061926,
test_061927,
test_061928,
test_061929,
test_061930,
test_061931,
test_061932,
test_061933,
test_061934,
test_061935,
test_061936,
test_061937,
test_061938,
test_061939,
test_061940,
test_061941,
test_061942,
test_061943,
test_061944,
test_061945,
test_061946,
test_061947,
test_061948,
test_061949,
test_061950,
test_061951,
test_061952,
test_061953,
test_061954,
test_061955,
test_061956,
test_061957,
test_061958,
test_061959,
test_061960,
test_061961,
test_061962,
test_061963,
test_061964,
test_061965,
test_061966,
test_061967,
test_061968,
test_061969,
test_061970,
test_061971,
test_061972,
test_061973,
test_061974,
test_061975,
test_061976,
test_061977,
test_061978,
test_061979,
test_061980,
test_061981,
test_061982,
test_061983,
test_061984,
test_061985,
test_061986,
test_061987,
test_061988,
test_061989,
test_061990,
test_061991,
test_061992,
test_061993,
test_061994,
test_061995,
test_061996,
test_061997,
test_061998,
test_061999,
test_062000,
test_062001,
test_062002,
test_062003,
test_062004,
test_062005,
test_062006,
test_062007,
test_062008,
test_062009,
test_062010,
test_062011,
test_062012,
test_062013,
test_062014,
test_062015,
test_062016,
test_062017,
test_062018,
test_062019,
test_062020,
test_062021,
test_062022,
test_062023,
test_062024,
test_062025,
test_062026,
test_062027,
test_062028,
test_062029,
test_062030,
test_062031,
test_062032,
test_062033,
test_062034,
test_062035,
test_062036,
test_062037,
test_062038,
test_062039,
test_062040,
test_062041,
test_062042,
test_062043,
test_062044,
test_062045,
test_062046,
test_062047,
test_062048,
test_062049,
test_062050,
test_062051,
test_062052,
test_062053,
test_062054,
test_062055,
test_062056,
test_062057,
test_062058,
test_062059,
test_062060,
test_062061,
test_062062,
test_062063,
test_062064,
test_062065,
test_062066,
test_062067,
test_062068,
test_062069,
test_062070,
test_062071,
test_062072,
test_062073,
test_062074,
test_062075,
test_062076,
test_062077,
test_062078,
test_062079,
test_062080,
test_062081,
test_062082,
test_062083,
test_062084,
test_062085,
test_062086,
test_062087,
test_062088,
test_062089,
test_062090,
test_062091,
test_062092,
test_062093,
test_062094,
test_062095,
test_062096,
test_062097,
test_062098,
test_062099,
test_062100,
test_062101,
test_062102,
test_062103,
test_062104,
test_062105,
test_062106,
test_062107,
test_062108,
test_062109,
test_062110,
test_062111,
test_062112,
test_062113,
test_062114,
test_062115,
test_062116,
test_062117,
test_062118,
test_062119,
test_062120,
test_062121,
test_062122,
test_062123,
test_062124,
test_062125,
test_062126,
test_062127,
test_062128,
test_062129,
test_062130,
test_062131,
test_062132,
test_062133,
test_062134,
test_062135,
test_062136,
test_062137,
test_062138,
test_062139,
test_062140,
test_062141,
test_062142,
test_062143,
test_062144,
test_062145,
test_062146,
test_062147,
test_062148,
test_062149,
test_062150,
test_062151,
test_062152,
test_062153,
test_062154,
test_062155,
test_062156,
test_062157,
test_062158,
test_062159,
test_062160,
test_062161,
test_062162,
test_062163,
test_062164,
test_062165,
test_062166,
test_062167,
test_062168,
test_062169,
test_062170,
test_062171,
test_062172,
test_062173,
test_062174,
test_062175,
test_062176,
test_062177,
test_062178,
test_062179,
test_062180,
test_062181,
test_062182,
test_062183,
test_062184,
test_062185,
test_062186,
test_062187,
test_062188,
test_062189,
test_062190,
test_062191,
test_062192,
test_062193,
test_062194,
test_062195,
test_062196,
test_062197,
test_062198,
test_062199,
test_062200,
test_062201,
test_062202,
test_062203,
test_062204,
test_062205,
test_062206,
test_062207,
test_062208,
test_062209,
test_062210,
test_062211,
test_062212,
test_062213,
test_062214,
test_062215,
test_062216,
test_062217,
test_062218,
test_062219,
test_062220,
test_062221,
test_062222,
test_062223,
test_062224,
test_062225,
test_062226,
test_062227,
test_062228,
test_062229,
test_062230,
test_062231,
test_062232,
test_062233,
test_062234,
test_062235,
test_062236,
test_062237,
test_062238,
test_062239,
test_062240,
test_062241,
test_062242,
test_062243,
test_062244,
test_062245,
test_062246,
test_062247,
test_062248,
test_062249,
test_062250,
test_062251,
test_062252,
test_062253,
test_062254,
test_062255,
test_062256,
test_062257,
test_062258,
test_062259,
test_062260,
test_062261,
test_062262,
test_062263,
test_062264,
test_062265,
test_062266,
test_062267,
test_062268,
test_062269,
test_062270,
test_062271,
test_062272,
test_062273,
test_062274,
test_062275,
test_062276,
test_062277,
test_062278,
test_062279,
test_062280,
test_062281,
test_062282,
test_062283,
test_062284,
test_062285,
test_062286,
test_062287,
test_062288,
test_062289,
test_062290,
test_062291,
test_062292,
test_062293,
test_062294,
test_062295,
test_062296,
test_062297,
test_062298,
test_062299,
test_062300,
test_062301,
test_062302,
test_062303,
test_062304,
test_062305,
test_062306,
test_062307,
test_062308,
test_062309,
test_062310,
test_062311,
test_062312,
test_062313,
test_062314,
test_062315,
test_062316,
test_062317,
test_062318,
test_062319,
test_062320,
test_062321,
test_062322,
test_062323,
test_062324,
test_062325,
test_062326,
test_062327,
test_062328,
test_062329,
test_062330,
test_062331,
test_062332,
test_062333,
test_062334,
test_062335,
test_062336,
test_062337,
test_062338,
test_062339,
test_062340,
test_062341,
test_062342,
test_062343,
test_062344,
test_062345,
test_062346,
test_062347,
test_062348,
test_062349,
test_062350,
test_062351,
test_062352,
test_062353,
test_062354,
test_062355,
test_062356,
test_062357,
test_062358,
test_062359,
test_062360,
test_062361,
test_062362,
test_062363,
test_062364,
test_062365,
test_062366,
test_062367,
test_062368,
test_062369,
test_062370,
test_062371,
test_062372,
test_062373,
test_062374,
test_062375,
test_062376,
test_062377,
test_062378,
test_062379,
test_062380,
test_062381,
test_062382,
test_062383,
test_062384,
test_062385,
test_062386,
test_062387,
test_062388,
test_062389,
test_062390,
test_062391,
test_062392,
test_062393,
test_062394,
test_062395,
test_062396,
test_062397,
test_062398,
test_062399,
test_062400,
test_062401,
test_062402,
test_062403,
test_062404,
test_062405,
test_062406,
test_062407,
test_062408,
test_062409,
test_062410,
test_062411,
test_062412,
test_062413,
test_062414,
test_062415,
test_062416,
test_062417,
test_062418,
test_062419,
test_062420,
test_062421,
test_062422,
test_062423,
test_062424,
test_062425,
test_062426,
test_062427,
test_062428,
test_062429,
test_062430,
test_062431,
test_062432,
test_062433,
test_062434,
test_062435,
test_062436,
test_062437,
test_062438,
test_062439,
test_062440,
test_062441,
test_062442,
test_062443,
test_062444,
test_062445,
test_062446,
test_062447,
test_062448,
test_062449,
test_062450,
test_062451,
test_062452,
test_062453,
test_062454,
test_062455,
test_062456,
test_062457,
test_062458,
test_062459,
test_062460,
test_062461,
test_062462,
test_062463,
test_062464,
test_062465,
test_062466,
test_062467,
test_062468,
test_062469,
test_062470,
test_062471,
test_062472,
test_062473,
test_062474,
test_062475,
test_062476,
test_062477,
test_062478,
test_062479,
test_062480,
test_062481,
test_062482,
test_062483,
test_062484,
test_062485,
test_062486,
test_062487,
test_062488,
test_062489,
test_062490,
test_062491,
test_062492,
test_062493,
test_062494,
test_062495,
test_062496,
test_062497,
test_062498,
test_062499,
test_062500,
test_062501,
test_062502,
test_062503,
test_062504,
test_062505,
test_062506,
test_062507,
test_062508,
test_062509,
test_062510,
test_062511,
test_062512,
test_062513,
test_062514,
test_062515,
test_062516,
test_062517,
test_062518,
test_062519,
test_062520,
test_062521,
test_062522,
test_062523,
test_062524,
test_062525,
test_062526,
test_062527,
test_062528,
test_062529,
test_062530,
test_062531,
test_062532,
test_062533,
test_062534,
test_062535,
test_062536,
test_062537,
test_062538,
test_062539,
test_062540,
test_062541,
test_062542,
test_062543,
test_062544,
test_062545,
test_062546,
test_062547,
test_062548,
test_062549,
test_062550,
test_062551,
test_062552,
test_062553,
test_062554,
test_062555,
test_062556,
test_062557,
test_062558,
test_062559,
test_062560,
test_062561,
test_062562,
test_062563,
test_062564,
test_062565,
test_062566,
test_062567,
test_062568,
test_062569,
test_062570,
test_062571,
test_062572,
test_062573,
test_062574,
test_062575,
test_062576,
test_062577,
test_062578,
test_062579,
test_062580,
test_062581,
test_062582,
test_062583,
test_062584,
test_062585,
test_062586,
test_062587,
test_062588,
test_062589,
test_062590,
test_062591,
test_062592,
test_062593,
test_062594,
test_062595,
test_062596,
test_062597,
test_062598,
test_062599,
test_062600,
test_062601,
test_062602,
test_062603,
test_062604,
test_062605,
test_062606,
test_062607,
test_062608,
test_062609,
test_062610,
test_062611,
test_062612,
test_062613,
test_062614,
test_062615,
test_062616,
test_062617,
test_062618,
test_062619,
test_062620,
test_062621,
test_062622,
test_062623,
test_062624,
test_062625,
test_062626,
test_062627,
test_062628,
test_062629,
test_062630,
test_062631,
test_062632,
test_062633,
test_062634,
test_062635,
test_062636,
test_062637,
test_062638,
test_062639,
test_062640,
test_062641,
test_062642,
test_062643,
test_062644,
test_062645,
test_062646,
test_062647,
test_062648,
test_062649,
test_062650,
test_062651,
test_062652,
test_062653,
test_062654,
test_062655,
test_062656,
test_062657,
test_062658,
test_062659,
test_062660,
test_062661,
test_062662,
test_062663,
test_062664,
test_062665,
test_062666,
test_062667,
test_062668,
test_062669,
test_062670,
test_062671,
test_062672,
test_062673,
test_062674,
test_062675,
test_062676,
test_062677,
test_062678,
test_062679,
test_062680,
test_062681,
test_062682,
test_062683,
test_062684,
test_062685,
test_062686,
test_062687,
test_062688,
test_062689,
test_062690,
test_062691,
test_062692,
test_062693,
test_062694,
test_062695,
test_062696,
test_062697,
test_062698,
test_062699,
test_062700,
test_062701,
test_062702,
test_062703,
test_062704,
test_062705,
test_062706,
test_062707,
test_062708,
test_062709,
test_062710,
test_062711,
test_062712,
test_062713,
test_062714,
test_062715,
test_062716,
test_062717,
test_062718,
test_062719,
test_062720,
test_062721,
test_062722,
test_062723,
test_062724,
test_062725,
test_062726,
test_062727,
test_062728,
test_062729,
test_062730,
test_062731,
test_062732,
test_062733,
test_062734,
test_062735,
test_062736,
test_062737,
test_062738,
test_062739,
test_062740,
test_062741,
test_062742,
test_062743,
test_062744,
test_062745,
test_062746,
test_062747,
test_062748,
test_062749,
test_062750,
test_062751,
test_062752,
test_062753,
test_062754,
test_062755,
test_062756,
test_062757,
test_062758,
test_062759,
test_062760,
test_062761,
test_062762,
test_062763,
test_062764,
test_062765,
test_062766,
test_062767,
test_062768,
test_062769,
test_062770,
test_062771,
test_062772,
test_062773,
test_062774,
test_062775,
test_062776,
test_062777,
test_062778,
test_062779,
test_062780,
test_062781,
test_062782,
test_062783,
test_062784,
test_062785,
test_062786,
test_062787,
test_062788,
test_062789,
test_062790,
test_062791,
test_062792,
test_062793,
test_062794,
test_062795,
test_062796,
test_062797,
test_062798,
test_062799,
test_062800,
test_062801,
test_062802,
test_062803,
test_062804,
test_062805,
test_062806,
test_062807,
test_062808,
test_062809,
test_062810,
test_062811,
test_062812,
test_062813,
test_062814,
test_062815,
test_062816,
test_062817,
test_062818,
test_062819,
test_062820,
test_062821,
test_062822,
test_062823,
test_062824,
test_062825,
test_062826,
test_062827,
test_062828,
test_062829,
test_062830,
test_062831,
test_062832,
test_062833,
test_062834,
test_062835,
test_062836,
test_062837,
test_062838,
test_062839,
test_062840,
test_062841,
test_062842,
test_062843,
test_062844,
test_062845,
test_062846,
test_062847,
test_062848,
test_062849,
test_062850,
test_062851,
test_062852,
test_062853,
test_062854,
test_062855,
test_062856,
test_062857,
test_062858,
test_062859,
test_062860,
test_062861,
test_062862,
test_062863,
test_062864,
test_062865,
test_062866,
test_062867,
test_062868,
test_062869,
test_062870,
test_062871,
test_062872,
test_062873,
test_062874,
test_062875,
test_062876,
test_062877,
test_062878,
test_062879,
test_062880,
test_062881,
test_062882,
test_062883,
test_062884,
test_062885,
test_062886,
test_062887,
test_062888,
test_062889,
test_062890,
test_062891,
test_062892,
test_062893,
test_062894,
test_062895,
test_062896,
test_062897,
test_062898,
test_062899,
test_062900,
test_062901,
test_062902,
test_062903,
test_062904,
test_062905,
test_062906,
test_062907,
test_062908,
test_062909,
test_062910,
test_062911,
test_062912,
test_062913,
test_062914,
test_062915,
test_062916,
test_062917,
test_062918,
test_062919,
test_062920,
test_062921,
test_062922,
test_062923,
test_062924,
test_062925,
test_062926,
test_062927,
test_062928,
test_062929,
test_062930,
test_062931,
test_062932,
test_062933,
test_062934,
test_062935,
test_062936,
test_062937,
test_062938,
test_062939,
test_062940,
test_062941,
test_062942,
test_062943,
test_062944,
test_062945,
test_062946,
test_062947,
test_062948,
test_062949,
test_062950,
test_062951,
test_062952,
test_062953,
test_062954,
test_062955,
test_062956,
test_062957,
test_062958,
test_062959,
test_062960,
test_062961,
test_062962,
test_062963,
test_062964,
test_062965,
test_062966,
test_062967,
test_062968,
test_062969,
test_062970,
test_062971,
test_062972,
test_062973,
test_062974,
test_062975,
test_062976,
test_062977,
test_062978,
test_062979,
test_062980,
test_062981,
test_062982,
test_062983,
test_062984,
test_062985,
test_062986,
test_062987,
test_062988,
test_062989,
test_062990,
test_062991,
test_062992,
test_062993,
test_062994,
test_062995,
test_062996,
test_062997,
test_062998,
test_062999,
test_063000,
test_063001,
test_063002,
test_063003,
test_063004,
test_063005,
test_063006,
test_063007,
test_063008,
test_063009,
test_063010,
test_063011,
test_063012,
test_063013,
test_063014,
test_063015,
test_063016,
test_063017,
test_063018,
test_063019,
test_063020,
test_063021,
test_063022,
test_063023,
test_063024,
test_063025,
test_063026,
test_063027,
test_063028,
test_063029,
test_063030,
test_063031,
test_063032,
test_063033,
test_063034,
test_063035,
test_063036,
test_063037,
test_063038,
test_063039,
test_063040,
test_063041,
test_063042,
test_063043,
test_063044,
test_063045,
test_063046,
test_063047,
test_063048,
test_063049,
test_063050,
test_063051,
test_063052,
test_063053,
test_063054,
test_063055,
test_063056,
test_063057,
test_063058,
test_063059,
test_063060,
test_063061,
test_063062,
test_063063,
test_063064,
test_063065,
test_063066,
test_063067,
test_063068,
test_063069,
test_063070,
test_063071,
test_063072,
test_063073,
test_063074,
test_063075,
test_063076,
test_063077,
test_063078,
test_063079,
test_063080,
test_063081,
test_063082,
test_063083,
test_063084,
test_063085,
test_063086,
test_063087,
test_063088,
test_063089,
test_063090,
test_063091,
test_063092,
test_063093,
test_063094,
test_063095,
test_063096,
test_063097,
test_063098,
test_063099,
test_063100,
test_063101,
test_063102,
test_063103,
test_063104,
test_063105,
test_063106,
test_063107,
test_063108,
test_063109,
test_063110,
test_063111,
test_063112,
test_063113,
test_063114,
test_063115,
test_063116,
test_063117,
test_063118,
test_063119,
test_063120,
test_063121,
test_063122,
test_063123,
test_063124,
test_063125,
test_063126,
test_063127,
test_063128,
test_063129,
test_063130,
test_063131,
test_063132,
test_063133,
test_063134,
test_063135,
test_063136,
test_063137,
test_063138,
test_063139,
test_063140,
test_063141,
test_063142,
test_063143,
test_063144,
test_063145,
test_063146,
test_063147,
test_063148,
test_063149,
test_063150,
test_063151,
test_063152,
test_063153,
test_063154,
test_063155,
test_063156,
test_063157,
test_063158,
test_063159,
test_063160,
test_063161,
test_063162,
test_063163,
test_063164,
test_063165,
test_063166,
test_063167,
test_063168,
test_063169,
test_063170,
test_063171,
test_063172,
test_063173,
test_063174,
test_063175,
test_063176,
test_063177,
test_063178,
test_063179,
test_063180,
test_063181,
test_063182,
test_063183,
test_063184,
test_063185,
test_063186,
test_063187,
test_063188,
test_063189,
test_063190,
test_063191,
test_063192,
test_063193,
test_063194,
test_063195,
test_063196,
test_063197,
test_063198,
test_063199,
test_063200,
test_063201,
test_063202,
test_063203,
test_063204,
test_063205,
test_063206,
test_063207,
test_063208,
test_063209,
test_063210,
test_063211,
test_063212,
test_063213,
test_063214,
test_063215,
test_063216,
test_063217,
test_063218,
test_063219,
test_063220,
test_063221,
test_063222,
test_063223,
test_063224,
test_063225,
test_063226,
test_063227,
test_063228,
test_063229,
test_063230,
test_063231,
test_063232,
test_063233,
test_063234,
test_063235,
test_063236,
test_063237,
test_063238,
test_063239,
test_063240,
test_063241,
test_063242,
test_063243,
test_063244,
test_063245,
test_063246,
test_063247,
test_063248,
test_063249,
test_063250,
test_063251,
test_063252,
test_063253,
test_063254,
test_063255,
test_063256,
test_063257,
test_063258,
test_063259,
test_063260,
test_063261,
test_063262,
test_063263,
test_063264,
test_063265,
test_063266,
test_063267,
test_063268,
test_063269,
test_063270,
test_063271,
test_063272,
test_063273,
test_063274,
test_063275,
test_063276,
test_063277,
test_063278,
test_063279,
test_063280,
test_063281,
test_063282,
test_063283,
test_063284,
test_063285,
test_063286,
test_063287,
test_063288,
test_063289,
test_063290,
test_063291,
test_063292,
test_063293,
test_063294,
test_063295,
test_063296,
test_063297,
test_063298,
test_063299,
test_063300,
test_063301,
test_063302,
test_063303,
test_063304,
test_063305,
test_063306,
test_063307,
test_063308,
test_063309,
test_063310,
test_063311,
test_063312,
test_063313,
test_063314,
test_063315,
test_063316,
test_063317,
test_063318,
test_063319,
test_063320,
test_063321,
test_063322,
test_063323,
test_063324,
test_063325,
test_063326,
test_063327,
test_063328,
test_063329,
test_063330,
test_063331,
test_063332,
test_063333,
test_063334,
test_063335,
test_063336,
test_063337,
test_063338,
test_063339,
test_063340,
test_063341,
test_063342,
test_063343,
test_063344,
test_063345,
test_063346,
test_063347,
test_063348,
test_063349,
test_063350,
test_063351,
test_063352,
test_063353,
test_063354,
test_063355,
test_063356,
test_063357,
test_063358,
test_063359,
test_063360,
test_063361,
test_063362,
test_063363,
test_063364,
test_063365,
test_063366,
test_063367,
test_063368,
test_063369,
test_063370,
test_063371,
test_063372,
test_063373,
test_063374,
test_063375,
test_063376,
test_063377,
test_063378,
test_063379,
test_063380,
test_063381,
test_063382,
test_063383,
test_063384,
test_063385,
test_063386,
test_063387,
test_063388,
test_063389,
test_063390,
test_063391,
test_063392,
test_063393,
test_063394,
test_063395,
test_063396,
test_063397,
test_063398,
test_063399,
test_063400,
test_063401,
test_063402,
test_063403,
test_063404,
test_063405,
test_063406,
test_063407,
test_063408,
test_063409,
test_063410,
test_063411,
test_063412,
test_063413,
test_063414,
test_063415,
test_063416,
test_063417,
test_063418,
test_063419,
test_063420,
test_063421,
test_063422,
test_063423,
test_063424,
test_063425,
test_063426,
test_063427,
test_063428,
test_063429,
test_063430,
test_063431,
test_063432,
test_063433,
test_063434,
test_063435,
test_063436,
test_063437,
test_063438,
test_063439,
test_063440,
test_063441,
test_063442,
test_063443,
test_063444,
test_063445,
test_063446,
test_063447,
test_063448,
test_063449,
test_063450,
test_063451,
test_063452,
test_063453,
test_063454,
test_063455,
test_063456,
test_063457,
test_063458,
test_063459,
test_063460,
test_063461,
test_063462,
test_063463,
test_063464,
test_063465,
test_063466,
test_063467,
test_063468,
test_063469,
test_063470,
test_063471,
test_063472,
test_063473,
test_063474,
test_063475,
test_063476,
test_063477,
test_063478,
test_063479,
test_063480,
test_063481,
test_063482,
test_063483,
test_063484,
test_063485,
test_063486,
test_063487,
test_063488,
test_063489,
test_063490,
test_063491,
test_063492,
test_063493,
test_063494,
test_063495,
test_063496,
test_063497,
test_063498,
test_063499,
test_063500,
test_063501,
test_063502,
test_063503,
test_063504,
test_063505,
test_063506,
test_063507,
test_063508,
test_063509,
test_063510,
test_063511,
test_063512,
test_063513,
test_063514,
test_063515,
test_063516,
test_063517,
test_063518,
test_063519,
test_063520,
test_063521,
test_063522,
test_063523,
test_063524,
test_063525,
test_063526,
test_063527,
test_063528,
test_063529,
test_063530,
test_063531,
test_063532,
test_063533,
test_063534,
test_063535,
test_063536,
test_063537,
test_063538,
test_063539,
test_063540,
test_063541,
test_063542,
test_063543,
test_063544,
test_063545,
test_063546,
test_063547,
test_063548,
test_063549,
test_063550,
test_063551,
test_063552,
test_063553,
test_063554,
test_063555,
test_063556,
test_063557,
test_063558,
test_063559,
test_063560,
test_063561,
test_063562,
test_063563,
test_063564,
test_063565,
test_063566,
test_063567,
test_063568,
test_063569,
test_063570,
test_063571,
test_063572,
test_063573,
test_063574,
test_063575,
test_063576,
test_063577,
test_063578,
test_063579,
test_063580,
test_063581,
test_063582,
test_063583,
test_063584,
test_063585,
test_063586,
test_063587,
test_063588,
test_063589,
test_063590,
test_063591,
test_063592,
test_063593,
test_063594,
test_063595,
test_063596,
test_063597,
test_063598,
test_063599,
test_063600,
test_063601,
test_063602,
test_063603,
test_063604,
test_063605,
test_063606,
test_063607,
test_063608,
test_063609,
test_063610,
test_063611,
test_063612,
test_063613,
test_063614,
test_063615,
test_063616,
test_063617,
test_063618,
test_063619,
test_063620,
test_063621,
test_063622,
test_063623,
test_063624,
test_063625,
test_063626,
test_063627,
test_063628,
test_063629,
test_063630,
test_063631,
test_063632,
test_063633,
test_063634,
test_063635,
test_063636,
test_063637,
test_063638,
test_063639,
test_063640,
test_063641,
test_063642,
test_063643,
test_063644,
test_063645,
test_063646,
test_063647,
test_063648,
test_063649,
test_063650,
test_063651,
test_063652,
test_063653,
test_063654,
test_063655,
test_063656,
test_063657,
test_063658,
test_063659,
test_063660,
test_063661,
test_063662,
test_063663,
test_063664,
test_063665,
test_063666,
test_063667,
test_063668,
test_063669,
test_063670,
test_063671,
test_063672,
test_063673,
test_063674,
test_063675,
test_063676,
test_063677,
test_063678,
test_063679,
test_063680,
test_063681,
test_063682,
test_063683,
test_063684,
test_063685,
test_063686,
test_063687,
test_063688,
test_063689,
test_063690,
test_063691,
test_063692,
test_063693,
test_063694,
test_063695,
test_063696,
test_063697,
test_063698,
test_063699,
test_063700,
test_063701,
test_063702,
test_063703,
test_063704,
test_063705,
test_063706,
test_063707,
test_063708,
test_063709,
test_063710,
test_063711,
test_063712,
test_063713,
test_063714,
test_063715,
test_063716,
test_063717,
test_063718,
test_063719,
test_063720,
test_063721,
test_063722,
test_063723,
test_063724,
test_063725,
test_063726,
test_063727,
test_063728,
test_063729,
test_063730,
test_063731,
test_063732,
test_063733,
test_063734,
test_063735,
test_063736,
test_063737,
test_063738,
test_063739,
test_063740,
test_063741,
test_063742,
test_063743,
test_063744,
test_063745,
test_063746,
test_063747,
test_063748,
test_063749,
test_063750,
test_063751,
test_063752,
test_063753,
test_063754,
test_063755,
test_063756,
test_063757,
test_063758,
test_063759,
test_063760,
test_063761,
test_063762,
test_063763,
test_063764,
test_063765,
test_063766,
test_063767,
test_063768,
test_063769,
test_063770,
test_063771,
test_063772,
test_063773,
test_063774,
test_063775,
test_063776,
test_063777,
test_063778,
test_063779,
test_063780,
test_063781,
test_063782,
test_063783,
test_063784,
test_063785,
test_063786,
test_063787,
test_063788,
test_063789,
test_063790,
test_063791,
test_063792,
test_063793,
test_063794,
test_063795,
test_063796,
test_063797,
test_063798,
test_063799,
test_063800,
test_063801,
test_063802,
test_063803,
test_063804,
test_063805,
test_063806,
test_063807,
test_063808,
test_063809,
test_063810,
test_063811,
test_063812,
test_063813,
test_063814,
test_063815,
test_063816,
test_063817,
test_063818,
test_063819,
test_063820,
test_063821,
test_063822,
test_063823,
test_063824,
test_063825,
test_063826,
test_063827,
test_063828,
test_063829,
test_063830,
test_063831,
test_063832,
test_063833,
test_063834,
test_063835,
test_063836,
test_063837,
test_063838,
test_063839,
test_063840,
test_063841,
test_063842,
test_063843,
test_063844,
test_063845,
test_063846,
test_063847,
test_063848,
test_063849,
test_063850,
test_063851,
test_063852,
test_063853,
test_063854,
test_063855,
test_063856,
test_063857,
test_063858,
test_063859,
test_063860,
test_063861,
test_063862,
test_063863,
test_063864,
test_063865,
test_063866,
test_063867,
test_063868,
test_063869,
test_063870,
test_063871,
test_063872,
test_063873,
test_063874,
test_063875,
test_063876,
test_063877,
test_063878,
test_063879,
test_063880,
test_063881,
test_063882,
test_063883,
test_063884,
test_063885,
test_063886,
test_063887,
test_063888,
test_063889,
test_063890,
test_063891,
test_063892,
test_063893,
test_063894,
test_063895,
test_063896,
test_063897,
test_063898,
test_063899,
test_063900,
test_063901,
test_063902,
test_063903,
test_063904,
test_063905,
test_063906,
test_063907,
test_063908,
test_063909,
test_063910,
test_063911,
test_063912,
test_063913,
test_063914,
test_063915,
test_063916,
test_063917,
test_063918,
test_063919,
test_063920,
test_063921,
test_063922,
test_063923,
test_063924,
test_063925,
test_063926,
test_063927,
test_063928,
test_063929,
test_063930,
test_063931,
test_063932,
test_063933,
test_063934,
test_063935,
test_063936,
test_063937,
test_063938,
test_063939,
test_063940,
test_063941,
test_063942,
test_063943,
test_063944,
test_063945,
test_063946,
test_063947,
test_063948,
test_063949,
test_063950,
test_063951,
test_063952,
test_063953,
test_063954,
test_063955,
test_063956,
test_063957,
test_063958,
test_063959,
test_063960,
test_063961,
test_063962,
test_063963,
test_063964,
test_063965,
test_063966,
test_063967,
test_063968,
test_063969,
test_063970,
test_063971,
test_063972,
test_063973,
test_063974,
test_063975,
test_063976,
test_063977,
test_063978,
test_063979,
test_063980,
test_063981,
test_063982,
test_063983,
test_063984,
test_063985,
test_063986,
test_063987,
test_063988,
test_063989,
test_063990,
test_063991,
test_063992,
test_063993,
test_063994,
test_063995,
test_063996,
test_063997,
test_063998,
test_063999,
test_064000,
test_064001,
test_064002,
test_064003,
test_064004,
test_064005,
test_064006,
test_064007,
test_064008,
test_064009,
test_064010,
test_064011,
test_064012,
test_064013,
test_064014,
test_064015,
test_064016,
test_064017,
test_064018,
test_064019,
test_064020,
test_064021,
test_064022,
test_064023,
test_064024,
test_064025,
test_064026,
test_064027,
test_064028,
test_064029,
test_064030,
test_064031,
test_064032,
test_064033,
test_064034,
test_064035,
test_064036,
test_064037,
test_064038,
test_064039,
test_064040,
test_064041,
test_064042,
test_064043,
test_064044,
test_064045,
test_064046,
test_064047,
test_064048,
test_064049,
test_064050,
test_064051,
test_064052,
test_064053,
test_064054,
test_064055,
test_064056,
test_064057,
test_064058,
test_064059,
test_064060,
test_064061,
test_064062,
test_064063,
test_064064,
test_064065,
test_064066,
test_064067,
test_064068,
test_064069,
test_064070,
test_064071,
test_064072,
test_064073,
test_064074,
test_064075,
test_064076,
test_064077,
test_064078,
test_064079,
test_064080,
test_064081,
test_064082,
test_064083,
test_064084,
test_064085,
test_064086,
test_064087,
test_064088,
test_064089,
test_064090,
test_064091,
test_064092,
test_064093,
test_064094,
test_064095,
test_064096,
test_064097,
test_064098,
test_064099,
test_064100,
test_064101,
test_064102,
test_064103,
test_064104,
test_064105,
test_064106,
test_064107,
test_064108,
test_064109,
test_064110,
test_064111,
test_064112,
test_064113,
test_064114,
test_064115,
test_064116,
test_064117,
test_064118,
test_064119,
test_064120,
test_064121,
test_064122,
test_064123,
test_064124,
test_064125,
test_064126,
test_064127,
test_064128,
test_064129,
test_064130,
test_064131,
test_064132,
test_064133,
test_064134,
test_064135,
test_064136,
test_064137,
test_064138,
test_064139,
test_064140,
test_064141,
test_064142,
test_064143,
test_064144,
test_064145,
test_064146,
test_064147,
test_064148,
test_064149,
test_064150,
test_064151,
test_064152,
test_064153,
test_064154,
test_064155,
test_064156,
test_064157,
test_064158,
test_064159,
test_064160,
test_064161,
test_064162,
test_064163,
test_064164,
test_064165,
test_064166,
test_064167,
test_064168,
test_064169,
test_064170,
test_064171,
test_064172,
test_064173,
test_064174,
test_064175,
test_064176,
test_064177,
test_064178,
test_064179,
test_064180,
test_064181,
test_064182,
test_064183,
test_064184,
test_064185,
test_064186,
test_064187,
test_064188,
test_064189,
test_064190,
test_064191,
test_064192,
test_064193,
test_064194,
test_064195,
test_064196,
test_064197,
test_064198,
test_064199,
test_064200,
test_064201,
test_064202,
test_064203,
test_064204,
test_064205,
test_064206,
test_064207,
test_064208,
test_064209,
test_064210,
test_064211,
test_064212,
test_064213,
test_064214,
test_064215,
test_064216,
test_064217,
test_064218,
test_064219,
test_064220,
test_064221,
test_064222,
test_064223,
test_064224,
test_064225,
test_064226,
test_064227,
test_064228,
test_064229,
test_064230,
test_064231,
test_064232,
test_064233,
test_064234,
test_064235,
test_064236,
test_064237,
test_064238,
test_064239,
test_064240,
test_064241,
test_064242,
test_064243,
test_064244,
test_064245,
test_064246,
test_064247,
test_064248,
test_064249,
test_064250,
test_064251,
test_064252,
test_064253,
test_064254,
test_064255,
test_064256,
test_064257,
test_064258,
test_064259,
test_064260,
test_064261,
test_064262,
test_064263,
test_064264,
test_064265,
test_064266,
test_064267,
test_064268,
test_064269,
test_064270,
test_064271,
test_064272,
test_064273,
test_064274,
test_064275,
test_064276,
test_064277,
test_064278,
test_064279,
test_064280,
test_064281,
test_064282,
test_064283,
test_064284,
test_064285,
test_064286,
test_064287,
test_064288,
test_064289,
test_064290,
test_064291,
test_064292,
test_064293,
test_064294,
test_064295,
test_064296,
test_064297,
test_064298,
test_064299,
test_064300,
test_064301,
test_064302,
test_064303,
test_064304,
test_064305,
test_064306,
test_064307,
test_064308,
test_064309,
test_064310,
test_064311,
test_064312,
test_064313,
test_064314,
test_064315,
test_064316,
test_064317,
test_064318,
test_064319,
test_064320,
test_064321,
test_064322,
test_064323,
test_064324,
test_064325,
test_064326,
test_064327,
test_064328,
test_064329,
test_064330,
test_064331,
test_064332,
test_064333,
test_064334,
test_064335,
test_064336,
test_064337,
test_064338,
test_064339,
test_064340,
test_064341,
test_064342,
test_064343,
test_064344,
test_064345,
test_064346,
test_064347,
test_064348,
test_064349,
test_064350,
test_064351,
test_064352,
test_064353,
test_064354,
test_064355,
test_064356,
test_064357,
test_064358,
test_064359,
test_064360,
test_064361,
test_064362,
test_064363,
test_064364,
test_064365,
test_064366,
test_064367,
test_064368,
test_064369,
test_064370,
test_064371,
test_064372,
test_064373,
test_064374,
test_064375,
test_064376,
test_064377,
test_064378,
test_064379,
test_064380,
test_064381,
test_064382,
test_064383,
test_064384,
test_064385,
test_064386,
test_064387,
test_064388,
test_064389,
test_064390,
test_064391,
test_064392,
test_064393,
test_064394,
test_064395,
test_064396,
test_064397,
test_064398,
test_064399,
test_064400,
test_064401,
test_064402,
test_064403,
test_064404,
test_064405,
test_064406,
test_064407,
test_064408,
test_064409,
test_064410,
test_064411,
test_064412,
test_064413,
test_064414,
test_064415,
test_064416,
test_064417,
test_064418,
test_064419,
test_064420,
test_064421,
test_064422,
test_064423,
test_064424,
test_064425,
test_064426,
test_064427,
test_064428,
test_064429,
test_064430,
test_064431,
test_064432,
test_064433,
test_064434,
test_064435,
test_064436,
test_064437,
test_064438,
test_064439,
test_064440,
test_064441,
test_064442,
test_064443,
test_064444,
test_064445,
test_064446,
test_064447,
test_064448,
test_064449,
test_064450,
test_064451,
test_064452,
test_064453,
test_064454,
test_064455,
test_064456,
test_064457,
test_064458,
test_064459,
test_064460,
test_064461,
test_064462,
test_064463,
test_064464,
test_064465,
test_064466,
test_064467,
test_064468,
test_064469,
test_064470,
test_064471,
test_064472,
test_064473,
test_064474,
test_064475,
test_064476,
test_064477,
test_064478,
test_064479,
test_064480,
test_064481,
test_064482,
test_064483,
test_064484,
test_064485,
test_064486,
test_064487,
test_064488,
test_064489,
test_064490,
test_064491,
test_064492,
test_064493,
test_064494,
test_064495,
test_064496,
test_064497,
test_064498,
test_064499,
test_064500,
test_064501,
test_064502,
test_064503,
test_064504,
test_064505,
test_064506,
test_064507,
test_064508,
test_064509,
test_064510,
test_064511,
test_064512,
test_064513,
test_064514,
test_064515,
test_064516,
test_064517,
test_064518,
test_064519,
test_064520,
test_064521,
test_064522,
test_064523,
test_064524,
test_064525,
test_064526,
test_064527,
test_064528,
test_064529,
test_064530,
test_064531,
test_064532,
test_064533,
test_064534,
test_064535,
test_064536,
test_064537,
test_064538,
test_064539,
test_064540,
test_064541,
test_064542,
test_064543,
test_064544,
test_064545,
test_064546,
test_064547,
test_064548,
test_064549,
test_064550,
test_064551,
test_064552,
test_064553,
test_064554,
test_064555,
test_064556,
test_064557,
test_064558,
test_064559,
test_064560,
test_064561,
test_064562,
test_064563,
test_064564,
test_064565,
test_064566,
test_064567,
test_064568,
test_064569,
test_064570,
test_064571,
test_064572,
test_064573,
test_064574,
test_064575,
test_064576,
test_064577,
test_064578,
test_064579,
test_064580,
test_064581,
test_064582,
test_064583,
test_064584,
test_064585,
test_064586,
test_064587,
test_064588,
test_064589,
test_064590,
test_064591,
test_064592,
test_064593,
test_064594,
test_064595,
test_064596,
test_064597,
test_064598,
test_064599,
test_064600,
test_064601,
test_064602,
test_064603,
test_064604,
test_064605,
test_064606,
test_064607,
test_064608,
test_064609,
test_064610,
test_064611,
test_064612,
test_064613,
test_064614,
test_064615,
test_064616,
test_064617,
test_064618,
test_064619,
test_064620,
test_064621,
test_064622,
test_064623,
test_064624,
test_064625,
test_064626,
test_064627,
test_064628,
test_064629,
test_064630,
test_064631,
test_064632,
test_064633,
test_064634,
test_064635,
test_064636,
test_064637,
test_064638,
test_064639,
test_064640,
test_064641,
test_064642,
test_064643,
test_064644,
test_064645,
test_064646,
test_064647,
test_064648,
test_064649,
test_064650,
test_064651,
test_064652,
test_064653,
test_064654,
test_064655,
test_064656,
test_064657,
test_064658,
test_064659,
test_064660,
test_064661,
test_064662,
test_064663,
test_064664,
test_064665,
test_064666,
test_064667,
test_064668,
test_064669,
test_064670,
test_064671,
test_064672,
test_064673,
test_064674,
test_064675,
test_064676,
test_064677,
test_064678,
test_064679,
test_064680,
test_064681,
test_064682,
test_064683,
test_064684,
test_064685,
test_064686,
test_064687,
test_064688,
test_064689,
test_064690,
test_064691,
test_064692,
test_064693,
test_064694,
test_064695,
test_064696,
test_064697,
test_064698,
test_064699,
test_064700,
test_064701,
test_064702,
test_064703,
test_064704,
test_064705,
test_064706,
test_064707,
test_064708,
test_064709,
test_064710,
test_064711,
test_064712,
test_064713,
test_064714,
test_064715,
test_064716,
test_064717,
test_064718,
test_064719,
test_064720,
test_064721,
test_064722,
test_064723,
test_064724,
test_064725,
test_064726,
test_064727,
test_064728,
test_064729,
test_064730,
test_064731,
test_064732,
test_064733,
test_064734,
test_064735,
test_064736,
test_064737,
test_064738,
test_064739,
test_064740,
test_064741,
test_064742,
test_064743,
test_064744,
test_064745,
test_064746,
test_064747,
test_064748,
test_064749,
test_064750,
test_064751,
test_064752,
test_064753,
test_064754,
test_064755,
test_064756,
test_064757,
test_064758,
test_064759,
test_064760,
test_064761,
test_064762,
test_064763,
test_064764,
test_064765,
test_064766,
test_064767,
test_064768,
test_064769,
test_064770,
test_064771,
test_064772,
test_064773,
test_064774,
test_064775,
test_064776,
test_064777,
test_064778,
test_064779,
test_064780,
test_064781,
test_064782,
test_064783,
test_064784,
test_064785,
test_064786,
test_064787,
test_064788,
test_064789,
test_064790,
test_064791,
test_064792,
test_064793,
test_064794,
test_064795,
test_064796,
test_064797,
test_064798,
test_064799,
test_064800,
test_064801,
test_064802,
test_064803,
test_064804,
test_064805,
test_064806,
test_064807,
test_064808,
test_064809,
test_064810,
test_064811,
test_064812,
test_064813,
test_064814,
test_064815,
test_064816,
test_064817,
test_064818,
test_064819,
test_064820,
test_064821,
test_064822,
test_064823,
test_064824,
test_064825,
test_064826,
test_064827,
test_064828,
test_064829,
test_064830,
test_064831,
test_064832,
test_064833,
test_064834,
test_064835,
test_064836,
test_064837,
test_064838,
test_064839,
test_064840,
test_064841,
test_064842,
test_064843,
test_064844,
test_064845,
test_064846,
test_064847,
test_064848,
test_064849,
test_064850,
test_064851,
test_064852,
test_064853,
test_064854,
test_064855,
test_064856,
test_064857,
test_064858,
test_064859,
test_064860,
test_064861,
test_064862,
test_064863,
test_064864,
test_064865,
test_064866,
test_064867,
test_064868,
test_064869,
test_064870,
test_064871,
test_064872,
test_064873,
test_064874,
test_064875,
test_064876,
test_064877,
test_064878,
test_064879,
test_064880,
test_064881,
test_064882,
test_064883,
test_064884,
test_064885,
test_064886,
test_064887,
test_064888,
test_064889,
test_064890,
test_064891,
test_064892,
test_064893,
test_064894,
test_064895,
test_064896,
test_064897,
test_064898,
test_064899,
test_064900,
test_064901,
test_064902,
test_064903,
test_064904,
test_064905,
test_064906,
test_064907,
test_064908,
test_064909,
test_064910,
test_064911,
test_064912,
test_064913,
test_064914,
test_064915,
test_064916,
test_064917,
test_064918,
test_064919,
test_064920,
test_064921,
test_064922,
test_064923,
test_064924,
test_064925,
test_064926,
test_064927,
test_064928,
test_064929,
test_064930,
test_064931,
test_064932,
test_064933,
test_064934,
test_064935,
test_064936,
test_064937,
test_064938,
test_064939,
test_064940,
test_064941,
test_064942,
test_064943,
test_064944,
test_064945,
test_064946,
test_064947,
test_064948,
test_064949,
test_064950,
test_064951,
test_064952,
test_064953,
test_064954,
test_064955,
test_064956,
test_064957,
test_064958,
test_064959,
test_064960,
test_064961,
test_064962,
test_064963,
test_064964,
test_064965,
test_064966,
test_064967,
test_064968,
test_064969,
test_064970,
test_064971,
test_064972,
test_064973,
test_064974,
test_064975,
test_064976,
test_064977,
test_064978,
test_064979,
test_064980,
test_064981,
test_064982,
test_064983,
test_064984,
test_064985,
test_064986,
test_064987,
test_064988,
test_064989,
test_064990,
test_064991,
test_064992,
test_064993,
test_064994,
test_064995,
test_064996,
test_064997,
test_064998,
test_064999,
test_065000,
test_065001,
test_065002,
test_065003,
test_065004,
test_065005,
test_065006,
test_065007,
test_065008,
test_065009,
test_065010,
test_065011,
test_065012,
test_065013,
test_065014,
test_065015,
test_065016,
test_065017,
test_065018,
test_065019,
test_065020,
test_065021,
test_065022,
test_065023,
test_065024,
test_065025,
test_065026,
test_065027,
test_065028,
test_065029,
test_065030,
test_065031,
test_065032,
test_065033,
test_065034,
test_065035,
test_065036,
test_065037,
test_065038,
test_065039,
test_065040,
test_065041,
test_065042,
test_065043,
test_065044,
test_065045,
test_065046,
test_065047,
test_065048,
test_065049,
test_065050,
test_065051,
test_065052,
test_065053,
test_065054,
test_065055,
test_065056,
test_065057,
test_065058,
test_065059,
test_065060,
test_065061,
test_065062,
test_065063,
test_065064,
test_065065,
test_065066,
test_065067,
test_065068,
test_065069,
test_065070,
test_065071,
test_065072,
test_065073,
test_065074,
test_065075,
test_065076,
test_065077,
test_065078,
test_065079,
test_065080,
test_065081,
test_065082,
test_065083,
test_065084,
test_065085,
test_065086,
test_065087,
test_065088,
test_065089,
test_065090,
test_065091,
test_065092,
test_065093,
test_065094,
test_065095,
test_065096,
test_065097,
test_065098,
test_065099,
test_065100,
test_065101,
test_065102,
test_065103,
test_065104,
test_065105,
test_065106,
test_065107,
test_065108,
test_065109,
test_065110,
test_065111,
test_065112,
test_065113,
test_065114,
test_065115,
test_065116,
test_065117,
test_065118,
test_065119,
test_065120,
test_065121,
test_065122,
test_065123,
test_065124,
test_065125,
test_065126,
test_065127,
test_065128,
test_065129,
test_065130,
test_065131,
test_065132,
test_065133,
test_065134,
test_065135,
test_065136,
test_065137,
test_065138,
test_065139,
test_065140,
test_065141,
test_065142,
test_065143,
test_065144,
test_065145,
test_065146,
test_065147,
test_065148,
test_065149,
test_065150,
test_065151,
test_065152,
test_065153,
test_065154,
test_065155,
test_065156,
test_065157,
test_065158,
test_065159,
test_065160,
test_065161,
test_065162,
test_065163,
test_065164,
test_065165,
test_065166,
test_065167,
test_065168,
test_065169,
test_065170,
test_065171,
test_065172,
test_065173,
test_065174,
test_065175,
test_065176,
test_065177,
test_065178,
test_065179,
test_065180,
test_065181,
test_065182,
test_065183,
test_065184,
test_065185,
test_065186,
test_065187,
test_065188,
test_065189,
test_065190,
test_065191,
test_065192,
test_065193,
test_065194,
test_065195,
test_065196,
test_065197,
test_065198,
test_065199,
test_065200,
test_065201,
test_065202,
test_065203,
test_065204,
test_065205,
test_065206,
test_065207,
test_065208,
test_065209,
test_065210,
test_065211,
test_065212,
test_065213,
test_065214,
test_065215,
test_065216,
test_065217,
test_065218,
test_065219,
test_065220,
test_065221,
test_065222,
test_065223,
test_065224,
test_065225,
test_065226,
test_065227,
test_065228,
test_065229,
test_065230,
test_065231,
test_065232,
test_065233,
test_065234,
test_065235,
test_065236,
test_065237,
test_065238,
test_065239,
test_065240,
test_065241,
test_065242,
test_065243,
test_065244,
test_065245,
test_065246,
test_065247,
test_065248,
test_065249,
test_065250,
test_065251,
test_065252,
test_065253,
test_065254,
test_065255,
test_065256,
test_065257,
test_065258,
test_065259,
test_065260,
test_065261,
test_065262,
test_065263,
test_065264,
test_065265,
test_065266,
test_065267,
test_065268,
test_065269,
test_065270,
test_065271,
test_065272,
test_065273,
test_065274,
test_065275,
test_065276,
test_065277,
test_065278,
test_065279,
test_065280,
test_065281,
test_065282,
test_065283,
test_065284,
test_065285,
test_065286,
test_065287,
test_065288,
test_065289,
test_065290,
test_065291,
test_065292,
test_065293,
test_065294,
test_065295,
test_065296,
test_065297,
test_065298,
test_065299,
test_065300,
test_065301,
test_065302,
test_065303,
test_065304,
test_065305,
test_065306,
test_065307,
test_065308,
test_065309,
test_065310,
test_065311,
test_065312,
test_065313,
test_065314,
test_065315,
test_065316,
test_065317,
test_065318,
test_065319,
test_065320,
test_065321,
test_065322,
test_065323,
test_065324,
test_065325,
test_065326,
test_065327,
test_065328,
test_065329,
test_065330,
test_065331,
test_065332,
test_065333,
test_065334,
test_065335,
test_065336,
test_065337,
test_065338,
test_065339,
test_065340,
test_065341,
test_065342,
test_065343,
test_065344,
test_065345,
test_065346,
test_065347,
test_065348,
test_065349,
test_065350,
test_065351,
test_065352,
test_065353,
test_065354,
test_065355,
test_065356,
test_065357,
test_065358,
test_065359,
test_065360,
test_065361,
test_065362,
test_065363,
test_065364,
test_065365,
test_065366,
test_065367,
test_065368,
test_065369,
test_065370,
test_065371,
test_065372,
test_065373,
test_065374,
test_065375,
test_065376,
test_065377,
test_065378,
test_065379,
test_065380,
test_065381,
test_065382,
test_065383,
test_065384,
test_065385,
test_065386,
test_065387,
test_065388,
test_065389,
test_065390,
test_065391,
test_065392,
test_065393,
test_065394,
test_065395,
test_065396,
test_065397,
test_065398,
test_065399,
test_065400,
test_065401,
test_065402,
test_065403,
test_065404,
test_065405,
test_065406,
test_065407,
test_065408,
test_065409,
test_065410,
test_065411,
test_065412,
test_065413,
test_065414,
test_065415,
test_065416,
test_065417,
test_065418,
test_065419,
test_065420,
test_065421,
test_065422,
test_065423,
test_065424,
test_065425,
test_065426,
test_065427,
test_065428,
test_065429,
test_065430,
test_065431,
test_065432,
test_065433,
test_065434,
test_065435,
test_065436,
test_065437,
test_065438,
test_065439,
test_065440,
test_065441,
test_065442,
test_065443,
test_065444,
test_065445,
test_065446,
test_065447,
test_065448,
test_065449,
test_065450,
test_065451,
test_065452,
test_065453,
test_065454,
test_065455,
test_065456,
test_065457,
test_065458,
test_065459,
test_065460,
test_065461,
test_065462,
test_065463,
test_065464,
test_065465,
test_065466,
test_065467,
test_065468,
test_065469,
test_065470,
test_065471,
test_065472,
test_065473,
test_065474,
test_065475,
test_065476,
test_065477,
test_065478,
test_065479,
test_065480,
test_065481,
test_065482,
test_065483,
test_065484,
test_065485,
test_065486,
test_065487,
test_065488,
test_065489,
test_065490,
test_065491,
test_065492,
test_065493,
test_065494,
test_065495,
test_065496,
test_065497,
test_065498,
test_065499,
test_065500,
test_065501,
test_065502,
test_065503,
test_065504,
test_065505,
test_065506,
test_065507,
test_065508,
test_065509,
test_065510,
test_065511,
test_065512,
test_065513,
test_065514,
test_065515,
test_065516,
test_065517,
test_065518,
test_065519,
test_065520,
test_065521,
test_065522,
test_065523,
test_065524,
test_065525,
test_065526,
test_065527,
test_065528,
test_065529,
test_065530,
test_065531,
test_065532,
test_065533,
test_065534,
test_065535,
test_065536,
test_065537,
test_065538,
test_065539,
test_065540,
test_065541,
test_065542,
test_065543,
test_065544,
test_065545,
test_065546,
test_065547,
test_065548,
test_065549,
test_065550,
test_065551,
test_065552,
test_065553,
test_065554,
test_065555,
test_065556,
test_065557,
test_065558,
test_065559,
test_065560,
test_065561,
test_065562,
test_065563,
test_065564,
test_065565,
test_065566,
test_065567,
test_065568,
test_065569,
test_065570,
test_065571,
test_065572,
test_065573,
test_065574,
test_065575,
test_065576,
test_065577,
test_065578,
test_065579,
test_065580,
test_065581,
test_065582,
test_065583,
test_065584,
test_065585,
test_065586,
test_065587,
test_065588,
test_065589,
test_065590,
test_065591,
test_065592,
test_065593,
test_065594,
test_065595,
test_065596,
test_065597,
test_065598,
test_065599,
test_065600,
test_065601,
test_065602,
test_065603,
test_065604,
test_065605,
test_065606,
test_065607,
test_065608,
test_065609,
test_065610,
test_065611,
test_065612,
test_065613,
test_065614,
test_065615,
test_065616,
test_065617,
test_065618,
test_065619,
test_065620,
test_065621,
test_065622,
test_065623,
test_065624,
test_065625,
test_065626,
test_065627,
test_065628,
test_065629,
test_065630,
test_065631,
test_065632,
test_065633,
test_065634,
test_065635,
test_065636,
test_065637,
test_065638,
test_065639,
test_065640,
test_065641,
test_065642,
test_065643,
test_065644,
test_065645,
test_065646,
test_065647,
test_065648,
test_065649,
test_065650,
test_065651,
test_065652,
test_065653,
test_065654,
test_065655,
test_065656,
test_065657,
test_065658,
test_065659,
test_065660,
test_065661,
test_065662,
test_065663,
test_065664,
test_065665,
test_065666,
test_065667,
test_065668,
test_065669,
test_065670,
test_065671,
test_065672,
test_065673,
test_065674,
test_065675,
test_065676,
test_065677,
test_065678,
test_065679,
test_065680,
test_065681,
test_065682,
test_065683,
test_065684,
test_065685,
test_065686,
test_065687,
test_065688,
test_065689,
test_065690,
test_065691,
test_065692,
test_065693,
test_065694,
test_065695,
test_065696,
test_065697,
test_065698,
test_065699,
test_065700,
test_065701,
test_065702,
test_065703,
test_065704,
test_065705,
test_065706,
test_065707,
test_065708,
test_065709,
test_065710,
test_065711,
test_065712,
test_065713,
test_065714,
test_065715,
test_065716,
test_065717,
test_065718,
test_065719,
test_065720,
test_065721,
test_065722,
test_065723,
test_065724,
test_065725,
test_065726,
test_065727,
test_065728,
test_065729,
test_065730,
test_065731,
test_065732,
test_065733,
test_065734,
test_065735,
test_065736,
test_065737,
test_065738,
test_065739,
test_065740,
test_065741,
test_065742,
test_065743,
test_065744,
test_065745,
test_065746,
test_065747,
test_065748,
test_065749,
test_065750,
test_065751,
test_065752,
test_065753,
test_065754,
test_065755,
test_065756,
test_065757,
test_065758,
test_065759,
test_065760,
test_065761,
test_065762,
test_065763,
test_065764,
test_065765,
test_065766,
test_065767,
test_065768,
test_065769,
test_065770,
test_065771,
test_065772,
test_065773,
test_065774,
test_065775,
test_065776,
test_065777,
test_065778,
test_065779,
test_065780,
test_065781,
test_065782,
test_065783,
test_065784,
test_065785,
test_065786,
test_065787,
test_065788,
test_065789,
test_065790,
test_065791,
test_065792,
test_065793,
test_065794,
test_065795,
test_065796,
test_065797,
test_065798,
test_065799,
test_065800,
test_065801,
test_065802,
test_065803,
test_065804,
test_065805,
test_065806,
test_065807,
test_065808,
test_065809,
test_065810,
test_065811,
test_065812,
test_065813,
test_065814,
test_065815,
test_065816,
test_065817,
test_065818,
test_065819,
test_065820,
test_065821,
test_065822,
test_065823,
test_065824,
test_065825,
test_065826,
test_065827,
test_065828,
test_065829,
test_065830,
test_065831,
test_065832,
test_065833,
test_065834,
test_065835,
test_065836,
test_065837,
test_065838,
test_065839,
test_065840,
test_065841,
test_065842,
test_065843,
test_065844,
test_065845,
test_065846,
test_065847,
test_065848,
test_065849,
test_065850,
test_065851,
test_065852,
test_065853,
test_065854,
test_065855,
test_065856,
test_065857,
test_065858,
test_065859,
test_065860,
test_065861,
test_065862,
test_065863,
test_065864,
test_065865,
test_065866,
test_065867,
test_065868,
test_065869,
test_065870,
test_065871,
test_065872,
test_065873,
test_065874,
test_065875,
test_065876,
test_065877,
test_065878,
test_065879,
test_065880,
test_065881,
test_065882,
test_065883,
test_065884,
test_065885,
test_065886,
test_065887,
test_065888,
test_065889,
test_065890,
test_065891,
test_065892,
test_065893,
test_065894,
test_065895,
test_065896,
test_065897,
test_065898,
test_065899,
test_065900,
test_065901,
test_065902,
test_065903,
test_065904,
test_065905,
test_065906,
test_065907,
test_065908,
test_065909,
test_065910,
test_065911,
test_065912,
test_065913,
test_065914,
test_065915,
test_065916,
test_065917,
test_065918,
test_065919,
test_065920,
test_065921,
test_065922,
test_065923,
test_065924,
test_065925,
test_065926,
test_065927,
test_065928,
test_065929,
test_065930,
test_065931,
test_065932,
test_065933,
test_065934,
test_065935,
test_065936,
test_065937,
test_065938,
test_065939,
test_065940,
test_065941,
test_065942,
test_065943,
test_065944,
test_065945,
test_065946,
test_065947,
test_065948,
test_065949,
test_065950,
test_065951,
test_065952,
test_065953,
test_065954,
test_065955,
test_065956,
test_065957,
test_065958,
test_065959,
test_065960,
test_065961,
test_065962,
test_065963,
test_065964,
test_065965,
test_065966,
test_065967,
test_065968,
test_065969,
test_065970,
test_065971,
test_065972,
test_065973,
test_065974,
test_065975,
test_065976,
test_065977,
test_065978,
test_065979,
test_065980,
test_065981,
test_065982,
test_065983,
test_065984,
test_065985,
test_065986,
test_065987,
test_065988,
test_065989,
test_065990,
test_065991,
test_065992,
test_065993,
test_065994,
test_065995,
test_065996,
test_065997,
test_065998,
test_065999,
test_066000,
test_066001,
test_066002,
test_066003,
test_066004,
test_066005,
test_066006,
test_066007,
test_066008,
test_066009,
test_066010,
test_066011,
test_066012,
test_066013,
test_066014,
test_066015,
test_066016,
test_066017,
test_066018,
test_066019,
test_066020,
test_066021,
test_066022,
test_066023,
test_066024,
test_066025,
test_066026,
test_066027,
test_066028,
test_066029,
test_066030,
test_066031,
test_066032,
test_066033,
test_066034,
test_066035,
test_066036,
test_066037,
test_066038,
test_066039,
test_066040,
test_066041,
test_066042,
test_066043,
test_066044,
test_066045,
test_066046,
test_066047,
test_066048,
test_066049,
test_066050,
test_066051,
test_066052,
test_066053,
test_066054,
test_066055,
test_066056,
test_066057,
test_066058,
test_066059,
test_066060,
test_066061,
test_066062,
test_066063,
test_066064,
test_066065,
test_066066,
test_066067,
test_066068,
test_066069,
test_066070,
test_066071,
test_066072,
test_066073,
test_066074,
test_066075,
test_066076,
test_066077,
test_066078,
test_066079,
test_066080,
test_066081,
test_066082,
test_066083,
test_066084,
test_066085,
test_066086,
test_066087,
test_066088,
test_066089,
test_066090,
test_066091,
test_066092,
test_066093,
test_066094,
test_066095,
test_066096,
test_066097,
test_066098,
test_066099,
test_066100,
test_066101,
test_066102,
test_066103,
test_066104,
test_066105,
test_066106,
test_066107,
test_066108,
test_066109,
test_066110,
test_066111,
test_066112,
test_066113,
test_066114,
test_066115,
test_066116,
test_066117,
test_066118,
test_066119,
test_066120,
test_066121,
test_066122,
test_066123,
test_066124,
test_066125,
test_066126,
test_066127,
test_066128,
test_066129,
test_066130,
test_066131,
test_066132,
test_066133,
test_066134,
test_066135,
test_066136,
test_066137,
test_066138,
test_066139,
test_066140,
test_066141,
test_066142,
test_066143,
test_066144,
test_066145,
test_066146,
test_066147,
test_066148,
test_066149,
test_066150,
test_066151,
test_066152,
test_066153,
test_066154,
test_066155,
test_066156,
test_066157,
test_066158,
test_066159,
test_066160,
test_066161,
test_066162,
test_066163,
test_066164,
test_066165,
test_066166,
test_066167,
test_066168,
test_066169,
test_066170,
test_066171,
test_066172,
test_066173,
test_066174,
test_066175,
test_066176,
test_066177,
test_066178,
test_066179,
test_066180,
test_066181,
test_066182,
test_066183,
test_066184,
test_066185,
test_066186,
test_066187,
test_066188,
test_066189,
test_066190,
test_066191,
test_066192,
test_066193,
test_066194,
test_066195,
test_066196,
test_066197,
test_066198,
test_066199,
test_066200,
test_066201,
test_066202,
test_066203,
test_066204,
test_066205,
test_066206,
test_066207,
test_066208,
test_066209,
test_066210,
test_066211,
test_066212,
test_066213,
test_066214,
test_066215,
test_066216,
test_066217,
test_066218,
test_066219,
test_066220,
test_066221,
test_066222,
test_066223,
test_066224,
test_066225,
test_066226,
test_066227,
test_066228,
test_066229,
test_066230,
test_066231,
test_066232,
test_066233,
test_066234,
test_066235,
test_066236,
test_066237,
test_066238,
test_066239,
test_066240,
test_066241,
test_066242,
test_066243,
test_066244,
test_066245,
test_066246,
test_066247,
test_066248,
test_066249,
test_066250,
test_066251,
test_066252,
test_066253,
test_066254,
test_066255,
test_066256,
test_066257,
test_066258,
test_066259,
test_066260,
test_066261,
test_066262,
test_066263,
test_066264,
test_066265,
test_066266,
test_066267,
test_066268,
test_066269,
test_066270,
test_066271,
test_066272,
test_066273,
test_066274,
test_066275,
test_066276,
test_066277,
test_066278,
test_066279,
test_066280,
test_066281,
test_066282,
test_066283,
test_066284,
test_066285,
test_066286,
test_066287,
test_066288,
test_066289,
test_066290,
test_066291,
test_066292,
test_066293,
test_066294,
test_066295,
test_066296,
test_066297,
test_066298,
test_066299,
test_066300,
test_066301,
test_066302,
test_066303,
test_066304,
test_066305,
test_066306,
test_066307,
test_066308,
test_066309,
test_066310,
test_066311,
test_066312,
test_066313,
test_066314,
test_066315,
test_066316,
test_066317,
test_066318,
test_066319,
test_066320,
test_066321,
test_066322,
test_066323,
test_066324,
test_066325,
test_066326,
test_066327,
test_066328,
test_066329,
test_066330,
test_066331,
test_066332,
test_066333,
test_066334,
test_066335,
test_066336,
test_066337,
test_066338,
test_066339,
test_066340,
test_066341,
test_066342,
test_066343,
test_066344,
test_066345,
test_066346,
test_066347,
test_066348,
test_066349,
test_066350,
test_066351,
test_066352,
test_066353,
test_066354,
test_066355,
test_066356,
test_066357,
test_066358,
test_066359,
test_066360,
test_066361,
test_066362,
test_066363,
test_066364,
test_066365,
test_066366,
test_066367,
test_066368,
test_066369,
test_066370,
test_066371,
test_066372,
test_066373,
test_066374,
test_066375,
test_066376,
test_066377,
test_066378,
test_066379,
test_066380,
test_066381,
test_066382,
test_066383,
test_066384,
test_066385,
test_066386,
test_066387,
test_066388,
test_066389,
test_066390,
test_066391,
test_066392,
test_066393,
test_066394,
test_066395,
test_066396,
test_066397,
test_066398,
test_066399,
test_066400,
test_066401,
test_066402,
test_066403,
test_066404,
test_066405,
test_066406,
test_066407,
test_066408,
test_066409,
test_066410,
test_066411,
test_066412,
test_066413,
test_066414,
test_066415,
test_066416,
test_066417,
test_066418,
test_066419,
test_066420,
test_066421,
test_066422,
test_066423,
test_066424,
test_066425,
test_066426,
test_066427,
test_066428,
test_066429,
test_066430,
test_066431,
test_066432,
test_066433,
test_066434,
test_066435,
test_066436,
test_066437,
test_066438,
test_066439,
test_066440,
test_066441,
test_066442,
test_066443,
test_066444,
test_066445,
test_066446,
test_066447,
test_066448,
test_066449,
test_066450,
test_066451,
test_066452,
test_066453,
test_066454,
test_066455,
test_066456,
test_066457,
test_066458,
test_066459,
test_066460,
test_066461,
test_066462,
test_066463,
test_066464,
test_066465,
test_066466,
test_066467,
test_066468,
test_066469,
test_066470,
test_066471,
test_066472,
test_066473,
test_066474,
test_066475,
test_066476,
test_066477,
test_066478,
test_066479,
test_066480,
test_066481,
test_066482,
test_066483,
test_066484,
test_066485,
test_066486,
test_066487,
test_066488,
test_066489,
test_066490,
test_066491,
test_066492,
test_066493,
test_066494,
test_066495,
test_066496,
test_066497,
test_066498,
test_066499,
test_066500,
test_066501,
test_066502,
test_066503,
test_066504,
test_066505,
test_066506,
test_066507,
test_066508,
test_066509,
test_066510,
test_066511,
test_066512,
test_066513,
test_066514,
test_066515,
test_066516,
test_066517,
test_066518,
test_066519,
test_066520,
test_066521,
test_066522,
test_066523,
test_066524,
test_066525,
test_066526,
test_066527,
test_066528,
test_066529,
test_066530,
test_066531,
test_066532,
test_066533,
test_066534,
test_066535,
test_066536,
test_066537,
test_066538,
test_066539,
test_066540,
test_066541,
test_066542,
test_066543,
test_066544,
test_066545,
test_066546,
test_066547,
test_066548,
test_066549,
test_066550,
test_066551,
test_066552,
test_066553,
test_066554,
test_066555,
test_066556,
test_066557,
test_066558,
test_066559,
test_066560,
test_066561,
test_066562,
test_066563,
test_066564,
test_066565,
test_066566,
test_066567,
test_066568,
test_066569,
test_066570,
test_066571,
test_066572,
test_066573,
test_066574,
test_066575,
test_066576,
test_066577,
test_066578,
test_066579,
test_066580,
test_066581,
test_066582,
test_066583,
test_066584,
test_066585,
test_066586,
test_066587,
test_066588,
test_066589,
test_066590,
test_066591,
test_066592,
test_066593,
test_066594,
test_066595,
test_066596,
test_066597,
test_066598,
test_066599,
test_066600,
test_066601,
test_066602,
test_066603,
test_066604,
test_066605,
test_066606,
test_066607,
test_066608,
test_066609,
test_066610,
test_066611,
test_066612,
test_066613,
test_066614,
test_066615,
test_066616,
test_066617,
test_066618,
test_066619,
test_066620,
test_066621,
test_066622,
test_066623,
test_066624,
test_066625,
test_066626,
test_066627,
test_066628,
test_066629,
test_066630,
test_066631,
test_066632,
test_066633,
test_066634,
test_066635,
test_066636,
test_066637,
test_066638,
test_066639,
test_066640,
test_066641,
test_066642,
test_066643,
test_066644,
test_066645,
test_066646,
test_066647,
test_066648,
test_066649,
test_066650,
test_066651,
test_066652,
test_066653,
test_066654,
test_066655,
test_066656,
test_066657,
test_066658,
test_066659,
test_066660,
test_066661,
test_066662,
test_066663,
test_066664,
test_066665,
test_066666,
test_066667,
test_066668,
test_066669,
test_066670,
test_066671,
test_066672,
test_066673,
test_066674,
test_066675,
test_066676,
test_066677,
test_066678,
test_066679,
test_066680,
test_066681,
test_066682,
test_066683,
test_066684,
test_066685,
test_066686,
test_066687,
test_066688,
test_066689,
test_066690,
test_066691,
test_066692,
test_066693,
test_066694,
test_066695,
test_066696,
test_066697,
test_066698,
test_066699,
test_066700,
test_066701,
test_066702,
test_066703,
test_066704,
test_066705,
test_066706,
test_066707,
test_066708,
test_066709,
test_066710,
test_066711,
test_066712,
test_066713,
test_066714,
test_066715,
test_066716,
test_066717,
test_066718,
test_066719,
test_066720,
test_066721,
test_066722,
test_066723,
test_066724,
test_066725,
test_066726,
test_066727,
test_066728,
test_066729,
test_066730,
test_066731,
test_066732,
test_066733,
test_066734,
test_066735,
test_066736,
test_066737,
test_066738,
test_066739,
test_066740,
test_066741,
test_066742,
test_066743,
test_066744,
test_066745,
test_066746,
test_066747,
test_066748,
test_066749,
test_066750,
test_066751,
test_066752,
test_066753,
test_066754,
test_066755,
test_066756,
test_066757,
test_066758,
test_066759,
test_066760,
test_066761,
test_066762,
test_066763,
test_066764,
test_066765,
test_066766,
test_066767,
test_066768,
test_066769,
test_066770,
test_066771,
test_066772,
test_066773,
test_066774,
test_066775,
test_066776,
test_066777,
test_066778,
test_066779,
test_066780,
test_066781,
test_066782,
test_066783,
test_066784,
test_066785,
test_066786,
test_066787,
test_066788,
test_066789,
test_066790,
test_066791,
test_066792,
test_066793,
test_066794,
test_066795,
test_066796,
test_066797,
test_066798,
test_066799,
test_066800,
test_066801,
test_066802,
test_066803,
test_066804,
test_066805,
test_066806,
test_066807,
test_066808,
test_066809,
test_066810,
test_066811,
test_066812,
test_066813,
test_066814,
test_066815,
test_066816,
test_066817,
test_066818,
test_066819,
test_066820,
test_066821,
test_066822,
test_066823,
test_066824,
test_066825,
test_066826,
test_066827,
test_066828,
test_066829,
test_066830,
test_066831,
test_066832,
test_066833,
test_066834,
test_066835,
test_066836,
test_066837,
test_066838,
test_066839,
test_066840,
test_066841,
test_066842,
test_066843,
test_066844,
test_066845,
test_066846,
test_066847,
test_066848,
test_066849,
test_066850,
test_066851,
test_066852,
test_066853,
test_066854,
test_066855,
test_066856,
test_066857,
test_066858,
test_066859,
test_066860,
test_066861,
test_066862,
test_066863,
test_066864,
test_066865,
test_066866,
test_066867,
test_066868,
test_066869,
test_066870,
test_066871,
test_066872,
test_066873,
test_066874,
test_066875,
test_066876,
test_066877,
test_066878,
test_066879,
test_066880,
test_066881,
test_066882,
test_066883,
test_066884,
test_066885,
test_066886,
test_066887,
test_066888,
test_066889,
test_066890,
test_066891,
test_066892,
test_066893,
test_066894,
test_066895,
test_066896,
test_066897,
test_066898,
test_066899,
test_066900,
test_066901,
test_066902,
test_066903,
test_066904,
test_066905,
test_066906,
test_066907,
test_066908,
test_066909,
test_066910,
test_066911,
test_066912,
test_066913,
test_066914,
test_066915,
test_066916,
test_066917,
test_066918,
test_066919,
test_066920,
test_066921,
test_066922,
test_066923,
test_066924,
test_066925,
test_066926,
test_066927,
test_066928,
test_066929,
test_066930,
test_066931,
test_066932,
test_066933,
test_066934,
test_066935,
test_066936,
test_066937,
test_066938,
test_066939,
test_066940,
test_066941,
test_066942,
test_066943,
test_066944,
test_066945,
test_066946,
test_066947,
test_066948,
test_066949,
test_066950,
test_066951,
test_066952,
test_066953,
test_066954,
test_066955,
test_066956,
test_066957,
test_066958,
test_066959,
test_066960,
test_066961,
test_066962,
test_066963,
test_066964,
test_066965,
test_066966,
test_066967,
test_066968,
test_066969,
test_066970,
test_066971,
test_066972,
test_066973,
test_066974,
test_066975,
test_066976,
test_066977,
test_066978,
test_066979,
test_066980,
test_066981,
test_066982,
test_066983,
test_066984,
test_066985,
test_066986,
test_066987,
test_066988,
test_066989,
test_066990,
test_066991,
test_066992,
test_066993,
test_066994,
test_066995,
test_066996,
test_066997,
test_066998,
test_066999,
test_067000,
test_067001,
test_067002,
test_067003,
test_067004,
test_067005,
test_067006,
test_067007,
test_067008,
test_067009,
test_067010,
test_067011,
test_067012,
test_067013,
test_067014,
test_067015,
test_067016,
test_067017,
test_067018,
test_067019,
test_067020,
test_067021,
test_067022,
test_067023,
test_067024,
test_067025,
test_067026,
test_067027,
test_067028,
test_067029,
test_067030,
test_067031,
test_067032,
test_067033,
test_067034,
test_067035,
test_067036,
test_067037,
test_067038,
test_067039,
test_067040,
test_067041,
test_067042,
test_067043,
test_067044,
test_067045,
test_067046,
test_067047,
test_067048,
test_067049,
test_067050,
test_067051,
test_067052,
test_067053,
test_067054,
test_067055,
test_067056,
test_067057,
test_067058,
test_067059,
test_067060,
test_067061,
test_067062,
test_067063,
test_067064,
test_067065,
test_067066,
test_067067,
test_067068,
test_067069,
test_067070,
test_067071,
test_067072,
test_067073,
test_067074,
test_067075,
test_067076,
test_067077,
test_067078,
test_067079,
test_067080,
test_067081,
test_067082,
test_067083,
test_067084,
test_067085,
test_067086,
test_067087,
test_067088,
test_067089,
test_067090,
test_067091,
test_067092,
test_067093,
test_067094,
test_067095,
test_067096,
test_067097,
test_067098,
test_067099,
test_067100,
test_067101,
test_067102,
test_067103,
test_067104,
test_067105,
test_067106,
test_067107,
test_067108,
test_067109,
test_067110,
test_067111,
test_067112,
test_067113,
test_067114,
test_067115,
test_067116,
test_067117,
test_067118,
test_067119,
test_067120,
test_067121,
test_067122,
test_067123,
test_067124,
test_067125,
test_067126,
test_067127,
test_067128,
test_067129,
test_067130,
test_067131,
test_067132,
test_067133,
test_067134,
test_067135,
test_067136,
test_067137,
test_067138,
test_067139,
test_067140,
test_067141,
test_067142,
test_067143,
test_067144,
test_067145,
test_067146,
test_067147,
test_067148,
test_067149,
test_067150,
test_067151,
test_067152,
test_067153,
test_067154,
test_067155,
test_067156,
test_067157,
test_067158,
test_067159,
test_067160,
test_067161,
test_067162,
test_067163,
test_067164,
test_067165,
test_067166,
test_067167,
test_067168,
test_067169,
test_067170,
test_067171,
test_067172,
test_067173,
test_067174,
test_067175,
test_067176,
test_067177,
test_067178,
test_067179,
test_067180,
test_067181,
test_067182,
test_067183,
test_067184,
test_067185,
test_067186,
test_067187,
test_067188,
test_067189,
test_067190,
test_067191,
test_067192,
test_067193,
test_067194,
test_067195,
test_067196,
test_067197,
test_067198,
test_067199,
test_067200,
test_067201,
test_067202,
test_067203,
test_067204,
test_067205,
test_067206,
test_067207,
test_067208,
test_067209,
test_067210,
test_067211,
test_067212,
test_067213,
test_067214,
test_067215,
test_067216,
test_067217,
test_067218,
test_067219,
test_067220,
test_067221,
test_067222,
test_067223,
test_067224,
test_067225,
test_067226,
test_067227,
test_067228,
test_067229,
test_067230,
test_067231,
test_067232,
test_067233,
test_067234,
test_067235,
test_067236,
test_067237,
test_067238,
test_067239,
test_067240,
test_067241,
test_067242,
test_067243,
test_067244,
test_067245,
test_067246,
test_067247,
test_067248,
test_067249,
test_067250,
test_067251,
test_067252,
test_067253,
test_067254,
test_067255,
test_067256,
test_067257,
test_067258,
test_067259,
test_067260,
test_067261,
test_067262,
test_067263,
test_067264,
test_067265,
test_067266,
test_067267,
test_067268,
test_067269,
test_067270,
test_067271,
test_067272,
test_067273,
test_067274,
test_067275,
test_067276,
test_067277,
test_067278,
test_067279,
test_067280,
test_067281,
test_067282,
test_067283,
test_067284,
test_067285,
test_067286,
test_067287,
test_067288,
test_067289,
test_067290,
test_067291,
test_067292,
test_067293,
test_067294,
test_067295,
test_067296,
test_067297,
test_067298,
test_067299,
test_067300,
test_067301,
test_067302,
test_067303,
test_067304,
test_067305,
test_067306,
test_067307,
test_067308,
test_067309,
test_067310,
test_067311,
test_067312,
test_067313,
test_067314,
test_067315,
test_067316,
test_067317,
test_067318,
test_067319,
test_067320,
test_067321,
test_067322,
test_067323,
test_067324,
test_067325,
test_067326,
test_067327,
test_067328,
test_067329,
test_067330,
test_067331,
test_067332,
test_067333,
test_067334,
test_067335,
test_067336,
test_067337,
test_067338,
test_067339,
test_067340,
test_067341,
test_067342,
test_067343,
test_067344,
test_067345,
test_067346,
test_067347,
test_067348,
test_067349,
test_067350,
test_067351,
test_067352,
test_067353,
test_067354,
test_067355,
test_067356,
test_067357,
test_067358,
test_067359,
test_067360,
test_067361,
test_067362,
test_067363,
test_067364,
test_067365,
test_067366,
test_067367,
test_067368,
test_067369,
test_067370,
test_067371,
test_067372,
test_067373,
test_067374,
test_067375,
test_067376,
test_067377,
test_067378,
test_067379,
test_067380,
test_067381,
test_067382,
test_067383,
test_067384,
test_067385,
test_067386,
test_067387,
test_067388,
test_067389,
test_067390,
test_067391,
test_067392,
test_067393,
test_067394,
test_067395,
test_067396,
test_067397,
test_067398,
test_067399,
test_067400,
test_067401,
test_067402,
test_067403,
test_067404,
test_067405,
test_067406,
test_067407,
test_067408,
test_067409,
test_067410,
test_067411,
test_067412,
test_067413,
test_067414,
test_067415,
test_067416,
test_067417,
test_067418,
test_067419,
test_067420,
test_067421,
test_067422,
test_067423,
test_067424,
test_067425,
test_067426,
test_067427,
test_067428,
test_067429,
test_067430,
test_067431,
test_067432,
test_067433,
test_067434,
test_067435,
test_067436,
test_067437,
test_067438,
test_067439,
test_067440,
test_067441,
test_067442,
test_067443,
test_067444,
test_067445,
test_067446,
test_067447,
test_067448,
test_067449,
test_067450,
test_067451,
test_067452,
test_067453,
test_067454,
test_067455,
test_067456,
test_067457,
test_067458,
test_067459,
test_067460,
test_067461,
test_067462,
test_067463,
test_067464,
test_067465,
test_067466,
test_067467,
test_067468,
test_067469,
test_067470,
test_067471,
test_067472,
test_067473,
test_067474,
test_067475,
test_067476,
test_067477,
test_067478,
test_067479,
test_067480,
test_067481,
test_067482,
test_067483,
test_067484,
test_067485,
test_067486,
test_067487,
test_067488,
test_067489,
test_067490,
test_067491,
test_067492,
test_067493,
test_067494,
test_067495,
test_067496,
test_067497,
test_067498,
test_067499,
test_067500,
test_067501,
test_067502,
test_067503,
test_067504,
test_067505,
test_067506,
test_067507,
test_067508,
test_067509,
test_067510,
test_067511,
test_067512,
test_067513,
test_067514,
test_067515,
test_067516,
test_067517,
test_067518,
test_067519,
test_067520,
test_067521,
test_067522,
test_067523,
test_067524,
test_067525,
test_067526,
test_067527,
test_067528,
test_067529,
test_067530,
test_067531,
test_067532,
test_067533,
test_067534,
test_067535,
test_067536,
test_067537,
test_067538,
test_067539,
test_067540,
test_067541,
test_067542,
test_067543,
test_067544,
test_067545,
test_067546,
test_067547,
test_067548,
test_067549,
test_067550,
test_067551,
test_067552,
test_067553,
test_067554,
test_067555,
test_067556,
test_067557,
test_067558,
test_067559,
test_067560,
test_067561,
test_067562,
test_067563,
test_067564,
test_067565,
test_067566,
test_067567,
test_067568,
test_067569,
test_067570,
test_067571,
test_067572,
test_067573,
test_067574,
test_067575,
test_067576,
test_067577,
test_067578,
test_067579,
test_067580,
test_067581,
test_067582,
test_067583,
test_067584,
test_067585,
test_067586,
test_067587,
test_067588,
test_067589,
test_067590,
test_067591,
test_067592,
test_067593,
test_067594,
test_067595,
test_067596,
test_067597,
test_067598,
test_067599,
test_067600,
test_067601,
test_067602,
test_067603,
test_067604,
test_067605,
test_067606,
test_067607,
test_067608,
test_067609,
test_067610,
test_067611,
test_067612,
test_067613,
test_067614,
test_067615,
test_067616,
test_067617,
test_067618,
test_067619,
test_067620,
test_067621,
test_067622,
test_067623,
test_067624,
test_067625,
test_067626,
test_067627,
test_067628,
test_067629,
test_067630,
test_067631,
test_067632,
test_067633,
test_067634,
test_067635,
test_067636,
test_067637,
test_067638,
test_067639,
test_067640,
test_067641,
test_067642,
test_067643,
test_067644,
test_067645,
test_067646,
test_067647,
test_067648,
test_067649,
test_067650,
test_067651,
test_067652,
test_067653,
test_067654,
test_067655,
test_067656,
test_067657,
test_067658,
test_067659,
test_067660,
test_067661,
test_067662,
test_067663,
test_067664,
test_067665,
test_067666,
test_067667,
test_067668,
test_067669,
test_067670,
test_067671,
test_067672,
test_067673,
test_067674,
test_067675,
test_067676,
test_067677,
test_067678,
test_067679,
test_067680,
test_067681,
test_067682,
test_067683,
test_067684,
test_067685,
test_067686,
test_067687,
test_067688,
test_067689,
test_067690,
test_067691,
test_067692,
test_067693,
test_067694,
test_067695,
test_067696,
test_067697,
test_067698,
test_067699,
test_067700,
test_067701,
test_067702,
test_067703,
test_067704,
test_067705,
test_067706,
test_067707,
test_067708,
test_067709,
test_067710,
test_067711,
test_067712,
test_067713,
test_067714,
test_067715,
test_067716,
test_067717,
test_067718,
test_067719,
test_067720,
test_067721,
test_067722,
test_067723,
test_067724,
test_067725,
test_067726,
test_067727,
test_067728,
test_067729,
test_067730,
test_067731,
test_067732,
test_067733,
test_067734,
test_067735,
test_067736,
test_067737,
test_067738,
test_067739,
test_067740,
test_067741,
test_067742,
test_067743,
test_067744,
test_067745,
test_067746,
test_067747,
test_067748,
test_067749,
test_067750,
test_067751,
test_067752,
test_067753,
test_067754,
test_067755,
test_067756,
test_067757,
test_067758,
test_067759,
test_067760,
test_067761,
test_067762,
test_067763,
test_067764,
test_067765,
test_067766,
test_067767,
test_067768,
test_067769,
test_067770,
test_067771,
test_067772,
test_067773,
test_067774,
test_067775,
test_067776,
test_067777,
test_067778,
test_067779,
test_067780,
test_067781,
test_067782,
test_067783,
test_067784,
test_067785,
test_067786,
test_067787,
test_067788,
test_067789,
test_067790,
test_067791,
test_067792,
test_067793,
test_067794,
test_067795,
test_067796,
test_067797,
test_067798,
test_067799,
test_067800,
test_067801,
test_067802,
test_067803,
test_067804,
test_067805,
test_067806,
test_067807,
test_067808,
test_067809,
test_067810,
test_067811,
test_067812,
test_067813,
test_067814,
test_067815,
test_067816,
test_067817,
test_067818,
test_067819,
test_067820,
test_067821,
test_067822,
test_067823,
test_067824,
test_067825,
test_067826,
test_067827,
test_067828,
test_067829,
test_067830,
test_067831,
test_067832,
test_067833,
test_067834,
test_067835,
test_067836,
test_067837,
test_067838,
test_067839,
test_067840,
test_067841,
test_067842,
test_067843,
test_067844,
test_067845,
test_067846,
test_067847,
test_067848,
test_067849,
test_067850,
test_067851,
test_067852,
test_067853,
test_067854,
test_067855,
test_067856,
test_067857,
test_067858,
test_067859,
test_067860,
test_067861,
test_067862,
test_067863,
test_067864,
test_067865,
test_067866,
test_067867,
test_067868,
test_067869,
test_067870,
test_067871,
test_067872,
test_067873,
test_067874,
test_067875,
test_067876,
test_067877,
test_067878,
test_067879,
test_067880,
test_067881,
test_067882,
test_067883,
test_067884,
test_067885,
test_067886,
test_067887,
test_067888,
test_067889,
test_067890,
test_067891,
test_067892,
test_067893,
test_067894,
test_067895,
test_067896,
test_067897,
test_067898,
test_067899,
test_067900,
test_067901,
test_067902,
test_067903,
test_067904,
test_067905,
test_067906,
test_067907,
test_067908,
test_067909,
test_067910,
test_067911,
test_067912,
test_067913,
test_067914,
test_067915,
test_067916,
test_067917,
test_067918,
test_067919,
test_067920,
test_067921,
test_067922,
test_067923,
test_067924,
test_067925,
test_067926,
test_067927,
test_067928,
test_067929,
test_067930,
test_067931,
test_067932,
test_067933,
test_067934,
test_067935,
test_067936,
test_067937,
test_067938,
test_067939,
test_067940,
test_067941,
test_067942,
test_067943,
test_067944,
test_067945,
test_067946,
test_067947,
test_067948,
test_067949,
test_067950,
test_067951,
test_067952,
test_067953,
test_067954,
test_067955,
test_067956,
test_067957,
test_067958,
test_067959,
test_067960,
test_067961,
test_067962,
test_067963,
test_067964,
test_067965,
test_067966,
test_067967,
test_067968,
test_067969,
test_067970,
test_067971,
test_067972,
test_067973,
test_067974,
test_067975,
test_067976,
test_067977,
test_067978,
test_067979,
test_067980,
test_067981,
test_067982,
test_067983,
test_067984,
test_067985,
test_067986,
test_067987,
test_067988,
test_067989,
test_067990,
test_067991,
test_067992,
test_067993,
test_067994,
test_067995,
test_067996,
test_067997,
test_067998,
test_067999,
test_068000,
test_068001,
test_068002,
test_068003,
test_068004,
test_068005,
test_068006,
test_068007,
test_068008,
test_068009,
test_068010,
test_068011,
test_068012,
test_068013,
test_068014,
test_068015,
test_068016,
test_068017,
test_068018,
test_068019,
test_068020,
test_068021,
test_068022,
test_068023,
test_068024,
test_068025,
test_068026,
test_068027,
test_068028,
test_068029,
test_068030,
test_068031,
test_068032,
test_068033,
test_068034,
test_068035,
test_068036,
test_068037,
test_068038,
test_068039,
test_068040,
test_068041,
test_068042,
test_068043,
test_068044,
test_068045,
test_068046,
test_068047,
test_068048,
test_068049,
test_068050,
test_068051,
test_068052,
test_068053,
test_068054,
test_068055,
test_068056,
test_068057,
test_068058,
test_068059,
test_068060,
test_068061,
test_068062,
test_068063,
test_068064,
test_068065,
test_068066,
test_068067,
test_068068,
test_068069,
test_068070,
test_068071,
test_068072,
test_068073,
test_068074,
test_068075,
test_068076,
test_068077,
test_068078,
test_068079,
test_068080,
test_068081,
test_068082,
test_068083,
test_068084,
test_068085,
test_068086,
test_068087,
test_068088,
test_068089,
test_068090,
test_068091,
test_068092,
test_068093,
test_068094,
test_068095,
test_068096,
test_068097,
test_068098,
test_068099,
test_068100,
test_068101,
test_068102,
test_068103,
test_068104,
test_068105,
test_068106,
test_068107,
test_068108,
test_068109,
test_068110,
test_068111,
test_068112,
test_068113,
test_068114,
test_068115,
test_068116,
test_068117,
test_068118,
test_068119,
test_068120,
test_068121,
test_068122,
test_068123,
test_068124,
test_068125,
test_068126,
test_068127,
test_068128,
test_068129,
test_068130,
test_068131,
test_068132,
test_068133,
test_068134,
test_068135,
test_068136,
test_068137,
test_068138,
test_068139,
test_068140,
test_068141,
test_068142,
test_068143,
test_068144,
test_068145,
test_068146,
test_068147,
test_068148,
test_068149,
test_068150,
test_068151,
test_068152,
test_068153,
test_068154,
test_068155,
test_068156,
test_068157,
test_068158,
test_068159,
test_068160,
test_068161,
test_068162,
test_068163,
test_068164,
test_068165,
test_068166,
test_068167,
test_068168,
test_068169,
test_068170,
test_068171,
test_068172,
test_068173,
test_068174,
test_068175,
test_068176,
test_068177,
test_068178,
test_068179,
test_068180,
test_068181,
test_068182,
test_068183,
test_068184,
test_068185,
test_068186,
test_068187,
test_068188,
test_068189,
test_068190,
test_068191,
test_068192,
test_068193,
test_068194,
test_068195,
test_068196,
test_068197,
test_068198,
test_068199,
test_068200,
test_068201,
test_068202,
test_068203,
test_068204,
test_068205,
test_068206,
test_068207,
test_068208,
test_068209,
test_068210,
test_068211,
test_068212,
test_068213,
test_068214,
test_068215,
test_068216,
test_068217,
test_068218,
test_068219,
test_068220,
test_068221,
test_068222,
test_068223,
test_068224,
test_068225,
test_068226,
test_068227,
test_068228,
test_068229,
test_068230,
test_068231,
test_068232,
test_068233,
test_068234,
test_068235,
test_068236,
test_068237,
test_068238,
test_068239,
test_068240,
test_068241,
test_068242,
test_068243,
test_068244,
test_068245,
test_068246,
test_068247,
test_068248,
test_068249,
test_068250,
test_068251,
test_068252,
test_068253,
test_068254,
test_068255,
test_068256,
test_068257,
test_068258,
test_068259,
test_068260,
test_068261,
test_068262,
test_068263,
test_068264,
test_068265,
test_068266,
test_068267,
test_068268,
test_068269,
test_068270,
test_068271,
test_068272,
test_068273,
test_068274,
test_068275,
test_068276,
test_068277,
test_068278,
test_068279,
test_068280,
test_068281,
test_068282,
test_068283,
test_068284,
test_068285,
test_068286,
test_068287,
test_068288,
test_068289,
test_068290,
test_068291,
test_068292,
test_068293,
test_068294,
test_068295,
test_068296,
test_068297,
test_068298,
test_068299,
test_068300,
test_068301,
test_068302,
test_068303,
test_068304,
test_068305,
test_068306,
test_068307,
test_068308,
test_068309,
test_068310,
test_068311,
test_068312,
test_068313,
test_068314,
test_068315,
test_068316,
test_068317,
test_068318,
test_068319,
test_068320,
test_068321,
test_068322,
test_068323,
test_068324,
test_068325,
test_068326,
test_068327,
test_068328,
test_068329,
test_068330,
test_068331,
test_068332,
test_068333,
test_068334,
test_068335,
test_068336,
test_068337,
test_068338,
test_068339,
test_068340,
test_068341,
test_068342,
test_068343,
test_068344,
test_068345,
test_068346,
test_068347,
test_068348,
test_068349,
test_068350,
test_068351,
test_068352,
test_068353,
test_068354,
test_068355,
test_068356,
test_068357,
test_068358,
test_068359,
test_068360,
test_068361,
test_068362,
test_068363,
test_068364,
test_068365,
test_068366,
test_068367,
test_068368,
test_068369,
test_068370,
test_068371,
test_068372,
test_068373,
test_068374,
test_068375,
test_068376,
test_068377,
test_068378,
test_068379,
test_068380,
test_068381,
test_068382,
test_068383,
test_068384,
test_068385,
test_068386,
test_068387,
test_068388,
test_068389,
test_068390,
test_068391,
test_068392,
test_068393,
test_068394,
test_068395,
test_068396,
test_068397,
test_068398,
test_068399,
test_068400,
test_068401,
test_068402,
test_068403,
test_068404,
test_068405,
test_068406,
test_068407,
test_068408,
test_068409,
test_068410,
test_068411,
test_068412,
test_068413,
test_068414,
test_068415,
test_068416,
test_068417,
test_068418,
test_068419,
test_068420,
test_068421,
test_068422,
test_068423,
test_068424,
test_068425,
test_068426,
test_068427,
test_068428,
test_068429,
test_068430,
test_068431,
test_068432,
test_068433,
test_068434,
test_068435,
test_068436,
test_068437,
test_068438,
test_068439,
test_068440,
test_068441,
test_068442,
test_068443,
test_068444,
test_068445,
test_068446,
test_068447,
test_068448,
test_068449,
test_068450,
test_068451,
test_068452,
test_068453,
test_068454,
test_068455,
test_068456,
test_068457,
test_068458,
test_068459,
test_068460,
test_068461,
test_068462,
test_068463,
test_068464,
test_068465,
test_068466,
test_068467,
test_068468,
test_068469,
test_068470,
test_068471,
test_068472,
test_068473,
test_068474,
test_068475,
test_068476,
test_068477,
test_068478,
test_068479,
test_068480,
test_068481,
test_068482,
test_068483,
test_068484,
test_068485,
test_068486,
test_068487,
test_068488,
test_068489,
test_068490,
test_068491,
test_068492,
test_068493,
test_068494,
test_068495,
test_068496,
test_068497,
test_068498,
test_068499,
test_068500,
test_068501,
test_068502,
test_068503,
test_068504,
test_068505,
test_068506,
test_068507,
test_068508,
test_068509,
test_068510,
test_068511,
test_068512,
test_068513,
test_068514,
test_068515,
test_068516,
test_068517,
test_068518,
test_068519,
test_068520,
test_068521,
test_068522,
test_068523,
test_068524,
test_068525,
test_068526,
test_068527,
test_068528,
test_068529,
test_068530,
test_068531,
test_068532,
test_068533,
test_068534,
test_068535,
test_068536,
test_068537,
test_068538,
test_068539,
test_068540,
test_068541,
test_068542,
test_068543,
test_068544,
test_068545,
test_068546,
test_068547,
test_068548,
test_068549,
test_068550,
test_068551,
test_068552,
test_068553,
test_068554,
test_068555,
test_068556,
test_068557,
test_068558,
test_068559,
test_068560,
test_068561,
test_068562,
test_068563,
test_068564,
test_068565,
test_068566,
test_068567,
test_068568,
test_068569,
test_068570,
test_068571,
test_068572,
test_068573,
test_068574,
test_068575,
test_068576,
test_068577,
test_068578,
test_068579,
test_068580,
test_068581,
test_068582,
test_068583,
test_068584,
test_068585,
test_068586,
test_068587,
test_068588,
test_068589,
test_068590,
test_068591,
test_068592,
test_068593,
test_068594,
test_068595,
test_068596,
test_068597,
test_068598,
test_068599,
test_068600,
test_068601,
test_068602,
test_068603,
test_068604,
test_068605,
test_068606,
test_068607,
test_068608,
test_068609,
test_068610,
test_068611,
test_068612,
test_068613,
test_068614,
test_068615,
test_068616,
test_068617,
test_068618,
test_068619,
test_068620,
test_068621,
test_068622,
test_068623,
test_068624,
test_068625,
test_068626,
test_068627,
test_068628,
test_068629,
test_068630,
test_068631,
test_068632,
test_068633,
test_068634,
test_068635,
test_068636,
test_068637,
test_068638,
test_068639,
test_068640,
test_068641,
test_068642,
test_068643,
test_068644,
test_068645,
test_068646,
test_068647,
test_068648,
test_068649,
test_068650,
test_068651,
test_068652,
test_068653,
test_068654,
test_068655,
test_068656,
test_068657,
test_068658,
test_068659,
test_068660,
test_068661,
test_068662,
test_068663,
test_068664,
test_068665,
test_068666,
test_068667,
test_068668,
test_068669,
test_068670,
test_068671,
test_068672,
test_068673,
test_068674,
test_068675,
test_068676,
test_068677,
test_068678,
test_068679,
test_068680,
test_068681,
test_068682,
test_068683,
test_068684,
test_068685,
test_068686,
test_068687,
test_068688,
test_068689,
test_068690,
test_068691,
test_068692,
test_068693,
test_068694,
test_068695,
test_068696,
test_068697,
test_068698,
test_068699,
test_068700,
test_068701,
test_068702,
test_068703,
test_068704,
test_068705,
test_068706,
test_068707,
test_068708,
test_068709,
test_068710,
test_068711,
test_068712,
test_068713,
test_068714,
test_068715,
test_068716,
test_068717,
test_068718,
test_068719,
test_068720,
test_068721,
test_068722,
test_068723,
test_068724,
test_068725,
test_068726,
test_068727,
test_068728,
test_068729,
test_068730,
test_068731,
test_068732,
test_068733,
test_068734,
test_068735,
test_068736,
test_068737,
test_068738,
test_068739,
test_068740,
test_068741,
test_068742,
test_068743,
test_068744,
test_068745,
test_068746,
test_068747,
test_068748,
test_068749,
test_068750,
test_068751,
test_068752,
test_068753,
test_068754,
test_068755,
test_068756,
test_068757,
test_068758,
test_068759,
test_068760,
test_068761,
test_068762,
test_068763,
test_068764,
test_068765,
test_068766,
test_068767,
test_068768,
test_068769,
test_068770,
test_068771,
test_068772,
test_068773,
test_068774,
test_068775,
test_068776,
test_068777,
test_068778,
test_068779,
test_068780,
test_068781,
test_068782,
test_068783,
test_068784,
test_068785,
test_068786,
test_068787,
test_068788,
test_068789,
test_068790,
test_068791,
test_068792,
test_068793,
test_068794,
test_068795,
test_068796,
test_068797,
test_068798,
test_068799,
test_068800,
test_068801,
test_068802,
test_068803,
test_068804,
test_068805,
test_068806,
test_068807,
test_068808,
test_068809,
test_068810,
test_068811,
test_068812,
test_068813,
test_068814,
test_068815,
test_068816,
test_068817,
test_068818,
test_068819,
test_068820,
test_068821,
test_068822,
test_068823,
test_068824,
test_068825,
test_068826,
test_068827,
test_068828,
test_068829,
test_068830,
test_068831,
test_068832,
test_068833,
test_068834,
test_068835,
test_068836,
test_068837,
test_068838,
test_068839,
test_068840,
test_068841,
test_068842,
test_068843,
test_068844,
test_068845,
test_068846,
test_068847,
test_068848,
test_068849,
test_068850,
test_068851,
test_068852,
test_068853,
test_068854,
test_068855,
test_068856,
test_068857,
test_068858,
test_068859,
test_068860,
test_068861,
test_068862,
test_068863,
test_068864,
test_068865,
test_068866,
test_068867,
test_068868,
test_068869,
test_068870,
test_068871,
test_068872,
test_068873,
test_068874,
test_068875,
test_068876,
test_068877,
test_068878,
test_068879,
test_068880,
test_068881,
test_068882,
test_068883,
test_068884,
test_068885,
test_068886,
test_068887,
test_068888,
test_068889,
test_068890,
test_068891,
test_068892,
test_068893,
test_068894,
test_068895,
test_068896,
test_068897,
test_068898,
test_068899,
test_068900,
test_068901,
test_068902,
test_068903,
test_068904,
test_068905,
test_068906,
test_068907,
test_068908,
test_068909,
test_068910,
test_068911,
test_068912,
test_068913,
test_068914,
test_068915,
test_068916,
test_068917,
test_068918,
test_068919,
test_068920,
test_068921,
test_068922,
test_068923,
test_068924,
test_068925,
test_068926,
test_068927,
test_068928,
test_068929,
test_068930,
test_068931,
test_068932,
test_068933,
test_068934,
test_068935,
test_068936,
test_068937,
test_068938,
test_068939,
test_068940,
test_068941,
test_068942,
test_068943,
test_068944,
test_068945,
test_068946,
test_068947,
test_068948,
test_068949,
test_068950,
test_068951,
test_068952,
test_068953,
test_068954,
test_068955,
test_068956,
test_068957,
test_068958,
test_068959,
test_068960,
test_068961,
test_068962,
test_068963,
test_068964,
test_068965,
test_068966,
test_068967,
test_068968,
test_068969,
test_068970,
test_068971,
test_068972,
test_068973,
test_068974,
test_068975,
test_068976,
test_068977,
test_068978,
test_068979,
test_068980,
test_068981,
test_068982,
test_068983,
test_068984,
test_068985,
test_068986,
test_068987,
test_068988,
test_068989,
test_068990,
test_068991,
test_068992,
test_068993,
test_068994,
test_068995,
test_068996,
test_068997,
test_068998,
test_068999,
test_069000,
test_069001,
test_069002,
test_069003,
test_069004,
test_069005,
test_069006,
test_069007,
test_069008,
test_069009,
test_069010,
test_069011,
test_069012,
test_069013,
test_069014,
test_069015,
test_069016,
test_069017,
test_069018,
test_069019,
test_069020,
test_069021,
test_069022,
test_069023,
test_069024,
test_069025,
test_069026,
test_069027,
test_069028,
test_069029,
test_069030,
test_069031,
test_069032,
test_069033,
test_069034,
test_069035,
test_069036,
test_069037,
test_069038,
test_069039,
test_069040,
test_069041,
test_069042,
test_069043,
test_069044,
test_069045,
test_069046,
test_069047,
test_069048,
test_069049,
test_069050,
test_069051,
test_069052,
test_069053,
test_069054,
test_069055,
test_069056,
test_069057,
test_069058,
test_069059,
test_069060,
test_069061,
test_069062,
test_069063,
test_069064,
test_069065,
test_069066,
test_069067,
test_069068,
test_069069,
test_069070,
test_069071,
test_069072,
test_069073,
test_069074,
test_069075,
test_069076,
test_069077,
test_069078,
test_069079,
test_069080,
test_069081,
test_069082,
test_069083,
test_069084,
test_069085,
test_069086,
test_069087,
test_069088,
test_069089,
test_069090,
test_069091,
test_069092,
test_069093,
test_069094,
test_069095,
test_069096,
test_069097,
test_069098,
test_069099,
test_069100,
test_069101,
test_069102,
test_069103,
test_069104,
test_069105,
test_069106,
test_069107,
test_069108,
test_069109,
test_069110,
test_069111,
test_069112,
test_069113,
test_069114,
test_069115,
test_069116,
test_069117,
test_069118,
test_069119,
test_069120,
test_069121,
test_069122,
test_069123,
test_069124,
test_069125,
test_069126,
test_069127,
test_069128,
test_069129,
test_069130,
test_069131,
test_069132,
test_069133,
test_069134,
test_069135,
test_069136,
test_069137,
test_069138,
test_069139,
test_069140,
test_069141,
test_069142,
test_069143,
test_069144,
test_069145,
test_069146,
test_069147,
test_069148,
test_069149,
test_069150,
test_069151,
test_069152,
test_069153,
test_069154,
test_069155,
test_069156,
test_069157,
test_069158,
test_069159,
test_069160,
test_069161,
test_069162,
test_069163,
test_069164,
test_069165,
test_069166,
test_069167,
test_069168,
test_069169,
test_069170,
test_069171,
test_069172,
test_069173,
test_069174,
test_069175,
test_069176,
test_069177,
test_069178,
test_069179,
test_069180,
test_069181,
test_069182,
test_069183,
test_069184,
test_069185,
test_069186,
test_069187,
test_069188,
test_069189,
test_069190,
test_069191,
test_069192,
test_069193,
test_069194,
test_069195,
test_069196,
test_069197,
test_069198,
test_069199,
test_069200,
test_069201,
test_069202,
test_069203,
test_069204,
test_069205,
test_069206,
test_069207,
test_069208,
test_069209,
test_069210,
test_069211,
test_069212,
test_069213,
test_069214,
test_069215,
test_069216,
test_069217,
test_069218,
test_069219,
test_069220,
test_069221,
test_069222,
test_069223,
test_069224,
test_069225,
test_069226,
test_069227,
test_069228,
test_069229,
test_069230,
test_069231,
test_069232,
test_069233,
test_069234,
test_069235,
test_069236,
test_069237,
test_069238,
test_069239,
test_069240,
test_069241,
test_069242,
test_069243,
test_069244,
test_069245,
test_069246,
test_069247,
test_069248,
test_069249,
test_069250,
test_069251,
test_069252,
test_069253,
test_069254,
test_069255,
test_069256,
test_069257,
test_069258,
test_069259,
test_069260,
test_069261,
test_069262,
test_069263,
test_069264,
test_069265,
test_069266,
test_069267,
test_069268,
test_069269,
test_069270,
test_069271,
test_069272,
test_069273,
test_069274,
test_069275,
test_069276,
test_069277,
test_069278,
test_069279,
test_069280,
test_069281,
test_069282,
test_069283,
test_069284,
test_069285,
test_069286,
test_069287,
test_069288,
test_069289,
test_069290,
test_069291,
test_069292,
test_069293,
test_069294,
test_069295,
test_069296,
test_069297,
test_069298,
test_069299,
test_069300,
test_069301,
test_069302,
test_069303,
test_069304,
test_069305,
test_069306,
test_069307,
test_069308,
test_069309,
test_069310,
test_069311,
test_069312,
test_069313,
test_069314,
test_069315,
test_069316,
test_069317,
test_069318,
test_069319,
test_069320,
test_069321,
test_069322,
test_069323,
test_069324,
test_069325,
test_069326,
test_069327,
test_069328,
test_069329,
test_069330,
test_069331,
test_069332,
test_069333,
test_069334,
test_069335,
test_069336,
test_069337,
test_069338,
test_069339,
test_069340,
test_069341,
test_069342,
test_069343,
test_069344,
test_069345,
test_069346,
test_069347,
test_069348,
test_069349,
test_069350,
test_069351,
test_069352,
test_069353,
test_069354,
test_069355,
test_069356,
test_069357,
test_069358,
test_069359,
test_069360,
test_069361,
test_069362,
test_069363,
test_069364,
test_069365,
test_069366,
test_069367,
test_069368,
test_069369,
test_069370,
test_069371,
test_069372,
test_069373,
test_069374,
test_069375,
test_069376,
test_069377,
test_069378,
test_069379,
test_069380,
test_069381,
test_069382,
test_069383,
test_069384,
test_069385,
test_069386,
test_069387,
test_069388,
test_069389,
test_069390,
test_069391,
test_069392,
test_069393,
test_069394,
test_069395,
test_069396,
test_069397,
test_069398,
test_069399,
test_069400,
test_069401,
test_069402,
test_069403,
test_069404,
test_069405,
test_069406,
test_069407,
test_069408,
test_069409,
test_069410,
test_069411,
test_069412,
test_069413,
test_069414,
test_069415,
test_069416,
test_069417,
test_069418,
test_069419,
test_069420,
test_069421,
test_069422,
test_069423,
test_069424,
test_069425,
test_069426,
test_069427,
test_069428,
test_069429,
test_069430,
test_069431,
test_069432,
test_069433,
test_069434,
test_069435,
test_069436,
test_069437,
test_069438,
test_069439,
test_069440,
test_069441,
test_069442,
test_069443,
test_069444,
test_069445,
test_069446,
test_069447,
test_069448,
test_069449,
test_069450,
test_069451,
test_069452,
test_069453,
test_069454,
test_069455,
test_069456,
test_069457,
test_069458,
test_069459,
test_069460,
test_069461,
test_069462,
test_069463,
test_069464,
test_069465,
test_069466,
test_069467,
test_069468,
test_069469,
test_069470,
test_069471,
test_069472,
test_069473,
test_069474,
test_069475,
test_069476,
test_069477,
test_069478,
test_069479,
test_069480,
test_069481,
test_069482,
test_069483,
test_069484,
test_069485,
test_069486,
test_069487,
test_069488,
test_069489,
test_069490,
test_069491,
test_069492,
test_069493,
test_069494,
test_069495,
test_069496,
test_069497,
test_069498,
test_069499,
test_069500,
test_069501,
test_069502,
test_069503,
test_069504,
test_069505,
test_069506,
test_069507,
test_069508,
test_069509,
test_069510,
test_069511,
test_069512,
test_069513,
test_069514,
test_069515,
test_069516,
test_069517,
test_069518,
test_069519,
test_069520,
test_069521,
test_069522,
test_069523,
test_069524,
test_069525,
test_069526,
test_069527,
test_069528,
test_069529,
test_069530,
test_069531,
test_069532,
test_069533,
test_069534,
test_069535,
test_069536,
test_069537,
test_069538,
test_069539,
test_069540,
test_069541,
test_069542,
test_069543,
test_069544,
test_069545,
test_069546,
test_069547,
test_069548,
test_069549,
test_069550,
test_069551,
test_069552,
test_069553,
test_069554,
test_069555,
test_069556,
test_069557,
test_069558,
test_069559,
test_069560,
test_069561,
test_069562,
test_069563,
test_069564,
test_069565,
test_069566,
test_069567,
test_069568,
test_069569,
test_069570,
test_069571,
test_069572,
test_069573,
test_069574,
test_069575,
test_069576,
test_069577,
test_069578,
test_069579,
test_069580,
test_069581,
test_069582,
test_069583,
test_069584,
test_069585,
test_069586,
test_069587,
test_069588,
test_069589,
test_069590,
test_069591,
test_069592,
test_069593,
test_069594,
test_069595,
test_069596,
test_069597,
test_069598,
test_069599,
test_069600,
test_069601,
test_069602,
test_069603,
test_069604,
test_069605,
test_069606,
test_069607,
test_069608,
test_069609,
test_069610,
test_069611,
test_069612,
test_069613,
test_069614,
test_069615,
test_069616,
test_069617,
test_069618,
test_069619,
test_069620,
test_069621,
test_069622,
test_069623,
test_069624,
test_069625,
test_069626,
test_069627,
test_069628,
test_069629,
test_069630,
test_069631,
test_069632,
test_069633,
test_069634,
test_069635,
test_069636,
test_069637,
test_069638,
test_069639,
test_069640,
test_069641,
test_069642,
test_069643,
test_069644,
test_069645,
test_069646,
test_069647,
test_069648,
test_069649,
test_069650,
test_069651,
test_069652,
test_069653,
test_069654,
test_069655,
test_069656,
test_069657,
test_069658,
test_069659,
test_069660,
test_069661,
test_069662,
test_069663,
test_069664,
test_069665,
test_069666,
test_069667,
test_069668,
test_069669,
test_069670,
test_069671,
test_069672,
test_069673,
test_069674,
test_069675,
test_069676,
test_069677,
test_069678,
test_069679,
test_069680,
test_069681,
test_069682,
test_069683,
test_069684,
test_069685,
test_069686,
test_069687,
test_069688,
test_069689,
test_069690,
test_069691,
test_069692,
test_069693,
test_069694,
test_069695,
test_069696,
test_069697,
test_069698,
test_069699,
test_069700,
test_069701,
test_069702,
test_069703,
test_069704,
test_069705,
test_069706,
test_069707,
test_069708,
test_069709,
test_069710,
test_069711,
test_069712,
test_069713,
test_069714,
test_069715,
test_069716,
test_069717,
test_069718,
test_069719,
test_069720,
test_069721,
test_069722,
test_069723,
test_069724,
test_069725,
test_069726,
test_069727,
test_069728,
test_069729,
test_069730,
test_069731,
test_069732,
test_069733,
test_069734,
test_069735,
test_069736,
test_069737,
test_069738,
test_069739,
test_069740,
test_069741,
test_069742,
test_069743,
test_069744,
test_069745,
test_069746,
test_069747,
test_069748,
test_069749,
test_069750,
test_069751,
test_069752,
test_069753,
test_069754,
test_069755,
test_069756,
test_069757,
test_069758,
test_069759,
test_069760,
test_069761,
test_069762,
test_069763,
test_069764,
test_069765,
test_069766,
test_069767,
test_069768,
test_069769,
test_069770,
test_069771,
test_069772,
test_069773,
test_069774,
test_069775,
test_069776,
test_069777,
test_069778,
test_069779,
test_069780,
test_069781,
test_069782,
test_069783,
test_069784,
test_069785,
test_069786,
test_069787,
test_069788,
test_069789,
test_069790,
test_069791,
test_069792,
test_069793,
test_069794,
test_069795,
test_069796,
test_069797,
test_069798,
test_069799,
test_069800,
test_069801,
test_069802,
test_069803,
test_069804,
test_069805,
test_069806,
test_069807,
test_069808,
test_069809,
test_069810,
test_069811,
test_069812,
test_069813,
test_069814,
test_069815,
test_069816,
test_069817,
test_069818,
test_069819,
test_069820,
test_069821,
test_069822,
test_069823,
test_069824,
test_069825,
test_069826,
test_069827,
test_069828,
test_069829,
test_069830,
test_069831,
test_069832,
test_069833,
test_069834,
test_069835,
test_069836,
test_069837,
test_069838,
test_069839,
test_069840,
test_069841,
test_069842,
test_069843,
test_069844,
test_069845,
test_069846,
test_069847,
test_069848,
test_069849,
test_069850,
test_069851,
test_069852,
test_069853,
test_069854,
test_069855,
test_069856,
test_069857,
test_069858,
test_069859,
test_069860,
test_069861,
test_069862,
test_069863,
test_069864,
test_069865,
test_069866,
test_069867,
test_069868,
test_069869,
test_069870,
test_069871,
test_069872,
test_069873,
test_069874,
test_069875,
test_069876,
test_069877,
test_069878,
test_069879,
test_069880,
test_069881,
test_069882,
test_069883,
test_069884,
test_069885,
test_069886,
test_069887,
test_069888,
test_069889,
test_069890,
test_069891,
test_069892,
test_069893,
test_069894,
test_069895,
test_069896,
test_069897,
test_069898,
test_069899,
test_069900,
test_069901,
test_069902,
test_069903,
test_069904,
test_069905,
test_069906,
test_069907,
test_069908,
test_069909,
test_069910,
test_069911,
test_069912,
test_069913,
test_069914,
test_069915,
test_069916,
test_069917,
test_069918,
test_069919,
test_069920,
test_069921,
test_069922,
test_069923,
test_069924,
test_069925,
test_069926,
test_069927,
test_069928,
test_069929,
test_069930,
test_069931,
test_069932,
test_069933,
test_069934,
test_069935,
test_069936,
test_069937,
test_069938,
test_069939,
test_069940,
test_069941,
test_069942,
test_069943,
test_069944,
test_069945,
test_069946,
test_069947,
test_069948,
test_069949,
test_069950,
test_069951,
test_069952,
test_069953,
test_069954,
test_069955,
test_069956,
test_069957,
test_069958,
test_069959,
test_069960,
test_069961,
test_069962,
test_069963,
test_069964,
test_069965,
test_069966,
test_069967,
test_069968,
test_069969,
test_069970,
test_069971,
test_069972,
test_069973,
test_069974,
test_069975,
test_069976,
test_069977,
test_069978,
test_069979,
test_069980,
test_069981,
test_069982,
test_069983,
test_069984,
test_069985,
test_069986,
test_069987,
test_069988,
test_069989,
test_069990,
test_069991,
test_069992,
test_069993,
test_069994,
test_069995,
test_069996,
test_069997,
test_069998,
test_069999,
test_070000,
test_070001,
test_070002,
test_070003,
test_070004,
test_070005,
test_070006,
test_070007,
test_070008,
test_070009,
test_070010,
test_070011,
test_070012,
test_070013,
test_070014,
test_070015,
test_070016,
test_070017,
test_070018,
test_070019,
test_070020,
test_070021,
test_070022,
test_070023,
test_070024,
test_070025,
test_070026,
test_070027,
test_070028,
test_070029,
test_070030,
test_070031,
test_070032,
test_070033,
test_070034,
test_070035,
test_070036,
test_070037,
test_070038,
test_070039,
test_070040,
test_070041,
test_070042,
test_070043,
test_070044,
test_070045,
test_070046,
test_070047,
test_070048,
test_070049,
test_070050,
test_070051,
test_070052,
test_070053,
test_070054,
test_070055,
test_070056,
test_070057,
test_070058,
test_070059,
test_070060,
test_070061,
test_070062,
test_070063,
test_070064,
test_070065,
test_070066,
test_070067,
test_070068,
test_070069,
test_070070,
test_070071,
test_070072,
test_070073,
test_070074,
test_070075,
test_070076,
test_070077,
test_070078,
test_070079,
test_070080,
test_070081,
test_070082,
test_070083,
test_070084,
test_070085,
test_070086,
test_070087,
test_070088,
test_070089,
test_070090,
test_070091,
test_070092,
test_070093,
test_070094,
test_070095,
test_070096,
test_070097,
test_070098,
test_070099,
test_070100,
test_070101,
test_070102,
test_070103,
test_070104,
test_070105,
test_070106,
test_070107,
test_070108,
test_070109,
test_070110,
test_070111,
test_070112,
test_070113,
test_070114,
test_070115,
test_070116,
test_070117,
test_070118,
test_070119,
test_070120,
test_070121,
test_070122,
test_070123,
test_070124,
test_070125,
test_070126,
test_070127,
test_070128,
test_070129,
test_070130,
test_070131,
test_070132,
test_070133,
test_070134,
test_070135,
test_070136,
test_070137,
test_070138,
test_070139,
test_070140,
test_070141,
test_070142,
test_070143,
test_070144,
test_070145,
test_070146,
test_070147,
test_070148,
test_070149,
test_070150,
test_070151,
test_070152,
test_070153,
test_070154,
test_070155,
test_070156,
test_070157,
test_070158,
test_070159,
test_070160,
test_070161,
test_070162,
test_070163,
test_070164,
test_070165,
test_070166,
test_070167,
test_070168,
test_070169,
test_070170,
test_070171,
test_070172,
test_070173,
test_070174,
test_070175,
test_070176,
test_070177,
test_070178,
test_070179,
test_070180,
test_070181,
test_070182,
test_070183,
test_070184,
test_070185,
test_070186,
test_070187,
test_070188,
test_070189,
test_070190,
test_070191,
test_070192,
test_070193,
test_070194,
test_070195,
test_070196,
test_070197,
test_070198,
test_070199,
test_070200,
test_070201,
test_070202,
test_070203,
test_070204,
test_070205,
test_070206,
test_070207,
test_070208,
test_070209,
test_070210,
test_070211,
test_070212,
test_070213,
test_070214,
test_070215,
test_070216,
test_070217,
test_070218,
test_070219,
test_070220,
test_070221,
test_070222,
test_070223,
test_070224,
test_070225,
test_070226,
test_070227,
test_070228,
test_070229,
test_070230,
test_070231,
test_070232,
test_070233,
test_070234,
test_070235,
test_070236,
test_070237,
test_070238,
test_070239,
test_070240,
test_070241,
test_070242,
test_070243,
test_070244,
test_070245,
test_070246,
test_070247,
test_070248,
test_070249,
test_070250,
test_070251,
test_070252,
test_070253,
test_070254,
test_070255,
test_070256,
test_070257,
test_070258,
test_070259,
test_070260,
test_070261,
test_070262,
test_070263,
test_070264,
test_070265,
test_070266,
test_070267,
test_070268,
test_070269,
test_070270,
test_070271,
test_070272,
test_070273,
test_070274,
test_070275,
test_070276,
test_070277,
test_070278,
test_070279,
test_070280,
test_070281,
test_070282,
test_070283,
test_070284,
test_070285,
test_070286,
test_070287,
test_070288,
test_070289,
test_070290,
test_070291,
test_070292,
test_070293,
test_070294,
test_070295,
test_070296,
test_070297,
test_070298,
test_070299,
test_070300,
test_070301,
test_070302,
test_070303,
test_070304,
test_070305,
test_070306,
test_070307,
test_070308,
test_070309,
test_070310,
test_070311,
test_070312,
test_070313,
test_070314,
test_070315,
test_070316,
test_070317,
test_070318,
test_070319,
test_070320,
test_070321,
test_070322,
test_070323,
test_070324,
test_070325,
test_070326,
test_070327,
test_070328,
test_070329,
test_070330,
test_070331,
test_070332,
test_070333,
test_070334,
test_070335,
test_070336,
test_070337,
test_070338,
test_070339,
test_070340,
test_070341,
test_070342,
test_070343,
test_070344,
test_070345,
test_070346,
test_070347,
test_070348,
test_070349,
test_070350,
test_070351,
test_070352,
test_070353,
test_070354,
test_070355,
test_070356,
test_070357,
test_070358,
test_070359,
test_070360,
test_070361,
test_070362,
test_070363,
test_070364,
test_070365,
test_070366,
test_070367,
test_070368,
test_070369,
test_070370,
test_070371,
test_070372,
test_070373,
test_070374,
test_070375,
test_070376,
test_070377,
test_070378,
test_070379,
test_070380,
test_070381,
test_070382,
test_070383,
test_070384,
test_070385,
test_070386,
test_070387,
test_070388,
test_070389,
test_070390,
test_070391,
test_070392,
test_070393,
test_070394,
test_070395,
test_070396,
test_070397,
test_070398,
test_070399,
test_070400,
test_070401,
test_070402,
test_070403,
test_070404,
test_070405,
test_070406,
test_070407,
test_070408,
test_070409,
test_070410,
test_070411,
test_070412,
test_070413,
test_070414,
test_070415,
test_070416,
test_070417,
test_070418,
test_070419,
test_070420,
test_070421,
test_070422,
test_070423,
test_070424,
test_070425,
test_070426,
test_070427,
test_070428,
test_070429,
test_070430,
test_070431,
test_070432,
test_070433,
test_070434,
test_070435,
test_070436,
test_070437,
test_070438,
test_070439,
test_070440,
test_070441,
test_070442,
test_070443,
test_070444,
test_070445,
test_070446,
test_070447,
test_070448,
test_070449,
test_070450,
test_070451,
test_070452,
test_070453,
test_070454,
test_070455,
test_070456,
test_070457,
test_070458,
test_070459,
test_070460,
test_070461,
test_070462,
test_070463,
test_070464,
test_070465,
test_070466,
test_070467,
test_070468,
test_070469,
test_070470,
test_070471,
test_070472,
test_070473,
test_070474,
test_070475,
test_070476,
test_070477,
test_070478,
test_070479,
test_070480,
test_070481,
test_070482,
test_070483,
test_070484,
test_070485,
test_070486,
test_070487,
test_070488,
test_070489,
test_070490,
test_070491,
test_070492,
test_070493,
test_070494,
test_070495,
test_070496,
test_070497,
test_070498,
test_070499,
test_070500,
test_070501,
test_070502,
test_070503,
test_070504,
test_070505,
test_070506,
test_070507,
test_070508,
test_070509,
test_070510,
test_070511,
test_070512,
test_070513,
test_070514,
test_070515,
test_070516,
test_070517,
test_070518,
test_070519,
test_070520,
test_070521,
test_070522,
test_070523,
test_070524,
test_070525,
test_070526,
test_070527,
test_070528,
test_070529,
test_070530,
test_070531,
test_070532,
test_070533,
test_070534,
test_070535,
test_070536,
test_070537,
test_070538,
test_070539,
test_070540,
test_070541,
test_070542,
test_070543,
test_070544,
test_070545,
test_070546,
test_070547,
test_070548,
test_070549,
test_070550,
test_070551,
test_070552,
test_070553,
test_070554,
test_070555,
test_070556,
test_070557,
test_070558,
test_070559,
test_070560,
test_070561,
test_070562,
test_070563,
test_070564,
test_070565,
test_070566,
test_070567,
test_070568,
test_070569,
test_070570,
test_070571,
test_070572,
test_070573,
test_070574,
test_070575,
test_070576,
test_070577,
test_070578,
test_070579,
test_070580,
test_070581,
test_070582,
test_070583,
test_070584,
test_070585,
test_070586,
test_070587,
test_070588,
test_070589,
test_070590,
test_070591,
test_070592,
test_070593,
test_070594,
test_070595,
test_070596,
test_070597,
test_070598,
test_070599,
test_070600,
test_070601,
test_070602,
test_070603,
test_070604,
test_070605,
test_070606,
test_070607,
test_070608,
test_070609,
test_070610,
test_070611,
test_070612,
test_070613,
test_070614,
test_070615,
test_070616,
test_070617,
test_070618,
test_070619,
test_070620,
test_070621,
test_070622,
test_070623,
test_070624,
test_070625,
test_070626,
test_070627,
test_070628,
test_070629,
test_070630,
test_070631,
test_070632,
test_070633,
test_070634,
test_070635,
test_070636,
test_070637,
test_070638,
test_070639,
test_070640,
test_070641,
test_070642,
test_070643,
test_070644,
test_070645,
test_070646,
test_070647,
test_070648,
test_070649,
test_070650,
test_070651,
test_070652,
test_070653,
test_070654,
test_070655,
test_070656,
test_070657,
test_070658,
test_070659,
test_070660,
test_070661,
test_070662,
test_070663,
test_070664,
test_070665,
test_070666,
test_070667,
test_070668,
test_070669,
test_070670,
test_070671,
test_070672,
test_070673,
test_070674,
test_070675,
test_070676,
test_070677,
test_070678,
test_070679,
test_070680,
test_070681,
test_070682,
test_070683,
test_070684,
test_070685,
test_070686,
test_070687,
test_070688,
test_070689,
test_070690,
test_070691,
test_070692,
test_070693,
test_070694,
test_070695,
test_070696,
test_070697,
test_070698,
test_070699,
test_070700,
test_070701,
test_070702,
test_070703,
test_070704,
test_070705,
test_070706,
test_070707,
test_070708,
test_070709,
test_070710,
test_070711,
test_070712,
test_070713,
test_070714,
test_070715,
test_070716,
test_070717,
test_070718,
test_070719,
test_070720,
test_070721,
test_070722,
test_070723,
test_070724,
test_070725,
test_070726,
test_070727,
test_070728,
test_070729,
test_070730,
test_070731,
test_070732,
test_070733,
test_070734,
test_070735,
test_070736,
test_070737,
test_070738,
test_070739,
test_070740,
test_070741,
test_070742,
test_070743,
test_070744,
test_070745,
test_070746,
test_070747,
test_070748,
test_070749,
test_070750,
test_070751,
test_070752,
test_070753,
test_070754,
test_070755,
test_070756,
test_070757,
test_070758,
test_070759,
test_070760,
test_070761,
test_070762,
test_070763,
test_070764,
test_070765,
test_070766,
test_070767,
test_070768,
test_070769,
test_070770,
test_070771,
test_070772,
test_070773,
test_070774,
test_070775,
test_070776,
test_070777,
test_070778,
test_070779,
test_070780,
test_070781,
test_070782,
test_070783,
test_070784,
test_070785,
test_070786,
test_070787,
test_070788,
test_070789,
test_070790,
test_070791,
test_070792,
test_070793,
test_070794,
test_070795,
test_070796,
test_070797,
test_070798,
test_070799,
test_070800,
test_070801,
test_070802,
test_070803,
test_070804,
test_070805,
test_070806,
test_070807,
test_070808,
test_070809,
test_070810,
test_070811,
test_070812,
test_070813,
test_070814,
test_070815,
test_070816,
test_070817,
test_070818,
test_070819,
test_070820,
test_070821,
test_070822,
test_070823,
test_070824,
test_070825,
test_070826,
test_070827,
test_070828,
test_070829,
test_070830,
test_070831,
test_070832,
test_070833,
test_070834,
test_070835,
test_070836,
test_070837,
test_070838,
test_070839,
test_070840,
test_070841,
test_070842,
test_070843,
test_070844,
test_070845,
test_070846,
test_070847,
test_070848,
test_070849,
test_070850,
test_070851,
test_070852,
test_070853,
test_070854,
test_070855,
test_070856,
test_070857,
test_070858,
test_070859,
test_070860,
test_070861,
test_070862,
test_070863,
test_070864,
test_070865,
test_070866,
test_070867,
test_070868,
test_070869,
test_070870,
test_070871,
test_070872,
test_070873,
test_070874,
test_070875,
test_070876,
test_070877,
test_070878,
test_070879,
test_070880,
test_070881,
test_070882,
test_070883,
test_070884,
test_070885,
test_070886,
test_070887,
test_070888,
test_070889,
test_070890,
test_070891,
test_070892,
test_070893,
test_070894,
test_070895,
test_070896,
test_070897,
test_070898,
test_070899,
test_070900,
test_070901,
test_070902,
test_070903,
test_070904,
test_070905,
test_070906,
test_070907,
test_070908,
test_070909,
test_070910,
test_070911,
test_070912,
test_070913,
test_070914,
test_070915,
test_070916,
test_070917,
test_070918,
test_070919,
test_070920,
test_070921,
test_070922,
test_070923,
test_070924,
test_070925,
test_070926,
test_070927,
test_070928,
test_070929,
test_070930,
test_070931,
test_070932,
test_070933,
test_070934,
test_070935,
test_070936,
test_070937,
test_070938,
test_070939,
test_070940,
test_070941,
test_070942,
test_070943,
test_070944,
test_070945,
test_070946,
test_070947,
test_070948,
test_070949,
test_070950,
test_070951,
test_070952,
test_070953,
test_070954,
test_070955,
test_070956,
test_070957,
test_070958,
test_070959,
test_070960,
test_070961,
test_070962,
test_070963,
test_070964,
test_070965,
test_070966,
test_070967,
test_070968,
test_070969,
test_070970,
test_070971,
test_070972,
test_070973,
test_070974,
test_070975,
test_070976,
test_070977,
test_070978,
test_070979,
test_070980,
test_070981,
test_070982,
test_070983,
test_070984,
test_070985,
test_070986,
test_070987,
test_070988,
test_070989,
test_070990,
test_070991,
test_070992,
test_070993,
test_070994,
test_070995,
test_070996,
test_070997,
test_070998,
test_070999,
test_071000,
test_071001,
test_071002,
test_071003,
test_071004,
test_071005,
test_071006,
test_071007,
test_071008,
test_071009,
test_071010,
test_071011,
test_071012,
test_071013,
test_071014,
test_071015,
test_071016,
test_071017,
test_071018,
test_071019,
test_071020,
test_071021,
test_071022,
test_071023,
test_071024,
test_071025,
test_071026,
test_071027,
test_071028,
test_071029,
test_071030,
test_071031,
test_071032,
test_071033,
test_071034,
test_071035,
test_071036,
test_071037,
test_071038,
test_071039,
test_071040,
test_071041,
test_071042,
test_071043,
test_071044,
test_071045,
test_071046,
test_071047,
test_071048,
test_071049,
test_071050,
test_071051,
test_071052,
test_071053,
test_071054,
test_071055,
test_071056,
test_071057,
test_071058,
test_071059,
test_071060,
test_071061,
test_071062,
test_071063,
test_071064,
test_071065,
test_071066,
test_071067,
test_071068,
test_071069,
test_071070,
test_071071,
test_071072,
test_071073,
test_071074,
test_071075,
test_071076,
test_071077,
test_071078,
test_071079,
test_071080,
test_071081,
test_071082,
test_071083,
test_071084,
test_071085,
test_071086,
test_071087,
test_071088,
test_071089,
test_071090,
test_071091,
test_071092,
test_071093,
test_071094,
test_071095,
test_071096,
test_071097,
test_071098,
test_071099,
test_071100,
test_071101,
test_071102,
test_071103,
test_071104,
test_071105,
test_071106,
test_071107,
test_071108,
test_071109,
test_071110,
test_071111,
test_071112,
test_071113,
test_071114,
test_071115,
test_071116,
test_071117,
test_071118,
test_071119,
test_071120,
test_071121,
test_071122,
test_071123,
test_071124,
test_071125,
test_071126,
test_071127,
test_071128,
test_071129,
test_071130,
test_071131,
test_071132,
test_071133,
test_071134,
test_071135,
test_071136,
test_071137,
test_071138,
test_071139,
test_071140,
test_071141,
test_071142,
test_071143,
test_071144,
test_071145,
test_071146,
test_071147,
test_071148,
test_071149,
test_071150,
test_071151,
test_071152,
test_071153,
test_071154,
test_071155,
test_071156,
test_071157,
test_071158,
test_071159,
test_071160,
test_071161,
test_071162,
test_071163,
test_071164,
test_071165,
test_071166,
test_071167,
test_071168,
test_071169,
test_071170,
test_071171,
test_071172,
test_071173,
test_071174,
test_071175,
test_071176,
test_071177,
test_071178,
test_071179,
test_071180,
test_071181,
test_071182,
test_071183,
test_071184,
test_071185,
test_071186,
test_071187,
test_071188,
test_071189,
test_071190,
test_071191,
test_071192,
test_071193,
test_071194,
test_071195,
test_071196,
test_071197,
test_071198,
test_071199,
test_071200,
test_071201,
test_071202,
test_071203,
test_071204,
test_071205,
test_071206,
test_071207,
test_071208,
test_071209,
test_071210,
test_071211,
test_071212,
test_071213,
test_071214,
test_071215,
test_071216,
test_071217,
test_071218,
test_071219,
test_071220,
test_071221,
test_071222,
test_071223,
test_071224,
test_071225,
test_071226,
test_071227,
test_071228,
test_071229,
test_071230,
test_071231,
test_071232,
test_071233,
test_071234,
test_071235,
test_071236,
test_071237,
test_071238,
test_071239,
test_071240,
test_071241,
test_071242,
test_071243,
test_071244,
test_071245,
test_071246,
test_071247,
test_071248,
test_071249,
test_071250,
test_071251,
test_071252,
test_071253,
test_071254,
test_071255,
test_071256,
test_071257,
test_071258,
test_071259,
test_071260,
test_071261,
test_071262,
test_071263,
test_071264,
test_071265,
test_071266,
test_071267,
test_071268,
test_071269,
test_071270,
test_071271,
test_071272,
test_071273,
test_071274,
test_071275,
test_071276,
test_071277,
test_071278,
test_071279,
test_071280,
test_071281,
test_071282,
test_071283,
test_071284,
test_071285,
test_071286,
test_071287,
test_071288,
test_071289,
test_071290,
test_071291,
test_071292,
test_071293,
test_071294,
test_071295,
test_071296,
test_071297,
test_071298,
test_071299,
test_071300,
test_071301,
test_071302,
test_071303,
test_071304,
test_071305,
test_071306,
test_071307,
test_071308,
test_071309,
test_071310,
test_071311,
test_071312,
test_071313,
test_071314,
test_071315,
test_071316,
test_071317,
test_071318,
test_071319,
test_071320,
test_071321,
test_071322,
test_071323,
test_071324,
test_071325,
test_071326,
test_071327,
test_071328,
test_071329,
test_071330,
test_071331,
test_071332,
test_071333,
test_071334,
test_071335,
test_071336,
test_071337,
test_071338,
test_071339,
test_071340,
test_071341,
test_071342,
test_071343,
test_071344,
test_071345,
test_071346,
test_071347,
test_071348,
test_071349,
test_071350,
test_071351,
test_071352,
test_071353,
test_071354,
test_071355,
test_071356,
test_071357,
test_071358,
test_071359,
test_071360,
test_071361,
test_071362,
test_071363,
test_071364,
test_071365,
test_071366,
test_071367,
test_071368,
test_071369,
test_071370,
test_071371,
test_071372,
test_071373,
test_071374,
test_071375,
test_071376,
test_071377,
test_071378,
test_071379,
test_071380,
test_071381,
test_071382,
test_071383,
test_071384,
test_071385,
test_071386,
test_071387,
test_071388,
test_071389,
test_071390,
test_071391,
test_071392,
test_071393,
test_071394,
test_071395,
test_071396,
test_071397,
test_071398,
test_071399,
test_071400,
test_071401,
test_071402,
test_071403,
test_071404,
test_071405,
test_071406,
test_071407,
test_071408,
test_071409,
test_071410,
test_071411,
test_071412,
test_071413,
test_071414,
test_071415,
test_071416,
test_071417,
test_071418,
test_071419,
test_071420,
test_071421,
test_071422,
test_071423,
test_071424,
test_071425,
test_071426,
test_071427,
test_071428,
test_071429,
test_071430,
test_071431,
test_071432,
test_071433,
test_071434,
test_071435,
test_071436,
test_071437,
test_071438,
test_071439,
test_071440,
test_071441,
test_071442,
test_071443,
test_071444,
test_071445,
test_071446,
test_071447,
test_071448,
test_071449,
test_071450,
test_071451,
test_071452,
test_071453,
test_071454,
test_071455,
test_071456,
test_071457,
test_071458,
test_071459,
test_071460,
test_071461,
test_071462,
test_071463,
test_071464,
test_071465,
test_071466,
test_071467,
test_071468,
test_071469,
test_071470,
test_071471,
test_071472,
test_071473,
test_071474,
test_071475,
test_071476,
test_071477,
test_071478,
test_071479,
test_071480,
test_071481,
test_071482,
test_071483,
test_071484,
test_071485,
test_071486,
test_071487,
test_071488,
test_071489,
test_071490,
test_071491,
test_071492,
test_071493,
test_071494,
test_071495,
test_071496,
test_071497,
test_071498,
test_071499,
test_071500,
test_071501,
test_071502,
test_071503,
test_071504,
test_071505,
test_071506,
test_071507,
test_071508,
test_071509,
test_071510,
test_071511,
test_071512,
test_071513,
test_071514,
test_071515,
test_071516,
test_071517,
test_071518,
test_071519,
test_071520,
test_071521,
test_071522,
test_071523,
test_071524,
test_071525,
test_071526,
test_071527,
test_071528,
test_071529,
test_071530,
test_071531,
test_071532,
test_071533,
test_071534,
test_071535,
test_071536,
test_071537,
test_071538,
test_071539,
test_071540,
test_071541,
test_071542,
test_071543,
test_071544,
test_071545,
test_071546,
test_071547,
test_071548,
test_071549,
test_071550,
test_071551,
test_071552,
test_071553,
test_071554,
test_071555,
test_071556,
test_071557,
test_071558,
test_071559,
test_071560,
test_071561,
test_071562,
test_071563,
test_071564,
test_071565,
test_071566,
test_071567,
test_071568,
test_071569,
test_071570,
test_071571,
test_071572,
test_071573,
test_071574,
test_071575,
test_071576,
test_071577,
test_071578,
test_071579,
test_071580,
test_071581,
test_071582,
test_071583,
test_071584,
test_071585,
test_071586,
test_071587,
test_071588,
test_071589,
test_071590,
test_071591,
test_071592,
test_071593,
test_071594,
test_071595,
test_071596,
test_071597,
test_071598,
test_071599,
test_071600,
test_071601,
test_071602,
test_071603,
test_071604,
test_071605,
test_071606,
test_071607,
test_071608,
test_071609,
test_071610,
test_071611,
test_071612,
test_071613,
test_071614,
test_071615,
test_071616,
test_071617,
test_071618,
test_071619,
test_071620,
test_071621,
test_071622,
test_071623,
test_071624,
test_071625,
test_071626,
test_071627,
test_071628,
test_071629,
test_071630,
test_071631,
test_071632,
test_071633,
test_071634,
test_071635,
test_071636,
test_071637,
test_071638,
test_071639,
test_071640,
test_071641,
test_071642,
test_071643,
test_071644,
test_071645,
test_071646,
test_071647,
test_071648,
test_071649,
test_071650,
test_071651,
test_071652,
test_071653,
test_071654,
test_071655,
test_071656,
test_071657,
test_071658,
test_071659,
test_071660,
test_071661,
test_071662,
test_071663,
test_071664,
test_071665,
test_071666,
test_071667,
test_071668,
test_071669,
test_071670,
test_071671,
test_071672,
test_071673,
test_071674,
test_071675,
test_071676,
test_071677,
test_071678,
test_071679,
test_071680,
test_071681,
test_071682,
test_071683,
test_071684,
test_071685,
test_071686,
test_071687,
test_071688,
test_071689,
test_071690,
test_071691,
test_071692,
test_071693,
test_071694,
test_071695,
test_071696,
test_071697,
test_071698,
test_071699,
test_071700,
test_071701,
test_071702,
test_071703,
test_071704,
test_071705,
test_071706,
test_071707,
test_071708,
test_071709,
test_071710,
test_071711,
test_071712,
test_071713,
test_071714,
test_071715,
test_071716,
test_071717,
test_071718,
test_071719,
test_071720,
test_071721,
test_071722,
test_071723,
test_071724,
test_071725,
test_071726,
test_071727,
test_071728,
test_071729,
test_071730,
test_071731,
test_071732,
test_071733,
test_071734,
test_071735,
test_071736,
test_071737,
test_071738,
test_071739,
test_071740,
test_071741,
test_071742,
test_071743,
test_071744,
test_071745,
test_071746,
test_071747,
test_071748,
test_071749,
test_071750,
test_071751,
test_071752,
test_071753,
test_071754,
test_071755,
test_071756,
test_071757,
test_071758,
test_071759,
test_071760,
test_071761,
test_071762,
test_071763,
test_071764,
test_071765,
test_071766,
test_071767,
test_071768,
test_071769,
test_071770,
test_071771,
test_071772,
test_071773,
test_071774,
test_071775,
test_071776,
test_071777,
test_071778,
test_071779,
test_071780,
test_071781,
test_071782,
test_071783,
test_071784,
test_071785,
test_071786,
test_071787,
test_071788,
test_071789,
test_071790,
test_071791,
test_071792,
test_071793,
test_071794,
test_071795,
test_071796,
test_071797,
test_071798,
test_071799,
test_071800,
test_071801,
test_071802,
test_071803,
test_071804,
test_071805,
test_071806,
test_071807,
test_071808,
test_071809,
test_071810,
test_071811,
test_071812,
test_071813,
test_071814,
test_071815,
test_071816,
test_071817,
test_071818,
test_071819,
test_071820,
test_071821,
test_071822,
test_071823,
test_071824,
test_071825,
test_071826,
test_071827,
test_071828,
test_071829,
test_071830,
test_071831,
test_071832,
test_071833,
test_071834,
test_071835,
test_071836,
test_071837,
test_071838,
test_071839,
test_071840,
test_071841,
test_071842,
test_071843,
test_071844,
test_071845,
test_071846,
test_071847,
test_071848,
test_071849,
test_071850,
test_071851,
test_071852,
test_071853,
test_071854,
test_071855,
test_071856,
test_071857,
test_071858,
test_071859,
test_071860,
test_071861,
test_071862,
test_071863,
test_071864,
test_071865,
test_071866,
test_071867,
test_071868,
test_071869,
test_071870,
test_071871,
test_071872,
test_071873,
test_071874,
test_071875,
test_071876,
test_071877,
test_071878,
test_071879,
test_071880,
test_071881,
test_071882,
test_071883,
test_071884,
test_071885,
test_071886,
test_071887,
test_071888,
test_071889,
test_071890,
test_071891,
test_071892,
test_071893,
test_071894,
test_071895,
test_071896,
test_071897,
test_071898,
test_071899,
test_071900,
test_071901,
test_071902,
test_071903,
test_071904,
test_071905,
test_071906,
test_071907,
test_071908,
test_071909,
test_071910,
test_071911,
test_071912,
test_071913,
test_071914,
test_071915,
test_071916,
test_071917,
test_071918,
test_071919,
test_071920,
test_071921,
test_071922,
test_071923,
test_071924,
test_071925,
test_071926,
test_071927,
test_071928,
test_071929,
test_071930,
test_071931,
test_071932,
test_071933,
test_071934,
test_071935,
test_071936,
test_071937,
test_071938,
test_071939,
test_071940,
test_071941,
test_071942,
test_071943,
test_071944,
test_071945,
test_071946,
test_071947,
test_071948,
test_071949,
test_071950,
test_071951,
test_071952,
test_071953,
test_071954,
test_071955,
test_071956,
test_071957,
test_071958,
test_071959,
test_071960,
test_071961,
test_071962,
test_071963,
test_071964,
test_071965,
test_071966,
test_071967,
test_071968,
test_071969,
test_071970,
test_071971,
test_071972,
test_071973,
test_071974,
test_071975,
test_071976,
test_071977,
test_071978,
test_071979,
test_071980,
test_071981,
test_071982,
test_071983,
test_071984,
test_071985,
test_071986,
test_071987,
test_071988,
test_071989,
test_071990,
test_071991,
test_071992,
test_071993,
test_071994,
test_071995,
test_071996,
test_071997,
test_071998,
test_071999,
test_072000,
test_072001,
test_072002,
test_072003,
test_072004,
test_072005,
test_072006,
test_072007,
test_072008,
test_072009,
test_072010,
test_072011,
test_072012,
test_072013,
test_072014,
test_072015,
test_072016,
test_072017,
test_072018,
test_072019,
test_072020,
test_072021,
test_072022,
test_072023,
test_072024,
test_072025,
test_072026,
test_072027,
test_072028,
test_072029,
test_072030,
test_072031,
test_072032,
test_072033,
test_072034,
test_072035,
test_072036,
test_072037,
test_072038,
test_072039,
test_072040,
test_072041,
test_072042,
test_072043,
test_072044,
test_072045,
test_072046,
test_072047,
test_072048,
test_072049,
test_072050,
test_072051,
test_072052,
test_072053,
test_072054,
test_072055,
test_072056,
test_072057,
test_072058,
test_072059,
test_072060,
test_072061,
test_072062,
test_072063,
test_072064,
test_072065,
test_072066,
test_072067,
test_072068,
test_072069,
test_072070,
test_072071,
test_072072,
test_072073,
test_072074,
test_072075,
test_072076,
test_072077,
test_072078,
test_072079,
test_072080,
test_072081,
test_072082,
test_072083,
test_072084,
test_072085,
test_072086,
test_072087,
test_072088,
test_072089,
test_072090,
test_072091,
test_072092,
test_072093,
test_072094,
test_072095,
test_072096,
test_072097,
test_072098,
test_072099,
test_072100,
test_072101,
test_072102,
test_072103,
test_072104,
test_072105,
test_072106,
test_072107,
test_072108,
test_072109,
test_072110,
test_072111,
test_072112,
test_072113,
test_072114,
test_072115,
test_072116,
test_072117,
test_072118,
test_072119,
test_072120,
test_072121,
test_072122,
test_072123,
test_072124,
test_072125,
test_072126,
test_072127,
test_072128,
test_072129,
test_072130,
test_072131,
test_072132,
test_072133,
test_072134,
test_072135,
test_072136,
test_072137,
test_072138,
test_072139,
test_072140,
test_072141,
test_072142,
test_072143,
test_072144,
test_072145,
test_072146,
test_072147,
test_072148,
test_072149,
test_072150,
test_072151,
test_072152,
test_072153,
test_072154,
test_072155,
test_072156,
test_072157,
test_072158,
test_072159,
test_072160,
test_072161,
test_072162,
test_072163,
test_072164,
test_072165,
test_072166,
test_072167,
test_072168,
test_072169,
test_072170,
test_072171,
test_072172,
test_072173,
test_072174,
test_072175,
test_072176,
test_072177,
test_072178,
test_072179,
test_072180,
test_072181,
test_072182,
test_072183,
test_072184,
test_072185,
test_072186,
test_072187,
test_072188,
test_072189,
test_072190,
test_072191,
test_072192,
test_072193,
test_072194,
test_072195,
test_072196,
test_072197,
test_072198,
test_072199,
test_072200,
test_072201,
test_072202,
test_072203,
test_072204,
test_072205,
test_072206,
test_072207,
test_072208,
test_072209,
test_072210,
test_072211,
test_072212,
test_072213,
test_072214,
test_072215,
test_072216,
test_072217,
test_072218,
test_072219,
test_072220,
test_072221,
test_072222,
test_072223,
test_072224,
test_072225,
test_072226,
test_072227,
test_072228,
test_072229,
test_072230,
test_072231,
test_072232,
test_072233,
test_072234,
test_072235,
test_072236,
test_072237,
test_072238,
test_072239,
test_072240,
test_072241,
test_072242,
test_072243,
test_072244,
test_072245,
test_072246,
test_072247,
test_072248,
test_072249,
test_072250,
test_072251,
test_072252,
test_072253,
test_072254,
test_072255,
test_072256,
test_072257,
test_072258,
test_072259,
test_072260,
test_072261,
test_072262,
test_072263,
test_072264,
test_072265,
test_072266,
test_072267,
test_072268,
test_072269,
test_072270,
test_072271,
test_072272,
test_072273,
test_072274,
test_072275,
test_072276,
test_072277,
test_072278,
test_072279,
test_072280,
test_072281,
test_072282,
test_072283,
test_072284,
test_072285,
test_072286,
test_072287,
test_072288,
test_072289,
test_072290,
test_072291,
test_072292,
test_072293,
test_072294,
test_072295,
test_072296,
test_072297,
test_072298,
test_072299,
test_072300,
test_072301,
test_072302,
test_072303,
test_072304,
test_072305,
test_072306,
test_072307,
test_072308,
test_072309,
test_072310,
test_072311,
test_072312,
test_072313,
test_072314,
test_072315,
test_072316,
test_072317,
test_072318,
test_072319,
test_072320,
test_072321,
test_072322,
test_072323,
test_072324,
test_072325,
test_072326,
test_072327,
test_072328,
test_072329,
test_072330,
test_072331,
test_072332,
test_072333,
test_072334,
test_072335,
test_072336,
test_072337,
test_072338,
test_072339,
test_072340,
test_072341,
test_072342,
test_072343,
test_072344,
test_072345,
test_072346,
test_072347,
test_072348,
test_072349,
test_072350,
test_072351,
test_072352,
test_072353,
test_072354,
test_072355,
test_072356,
test_072357,
test_072358,
test_072359,
test_072360,
test_072361,
test_072362,
test_072363,
test_072364,
test_072365,
test_072366,
test_072367,
test_072368,
test_072369,
test_072370,
test_072371,
test_072372,
test_072373,
test_072374,
test_072375,
test_072376,
test_072377,
test_072378,
test_072379,
test_072380,
test_072381,
test_072382,
test_072383,
test_072384,
test_072385,
test_072386,
test_072387,
test_072388,
test_072389,
test_072390,
test_072391,
test_072392,
test_072393,
test_072394,
test_072395,
test_072396,
test_072397,
test_072398,
test_072399,
test_072400,
test_072401,
test_072402,
test_072403,
test_072404,
test_072405,
test_072406,
test_072407,
test_072408,
test_072409,
test_072410,
test_072411,
test_072412,
test_072413,
test_072414,
test_072415,
test_072416,
test_072417,
test_072418,
test_072419,
test_072420,
test_072421,
test_072422,
test_072423,
test_072424,
test_072425,
test_072426,
test_072427,
test_072428,
test_072429,
test_072430,
test_072431,
test_072432,
test_072433,
test_072434,
test_072435,
test_072436,
test_072437,
test_072438,
test_072439,
test_072440,
test_072441,
test_072442,
test_072443,
test_072444,
test_072445,
test_072446,
test_072447,
test_072448,
test_072449,
test_072450,
test_072451,
test_072452,
test_072453,
test_072454,
test_072455,
test_072456,
test_072457,
test_072458,
test_072459,
test_072460,
test_072461,
test_072462,
test_072463,
test_072464,
test_072465,
test_072466,
test_072467,
test_072468,
test_072469,
test_072470,
test_072471,
test_072472,
test_072473,
test_072474,
test_072475,
test_072476,
test_072477,
test_072478,
test_072479,
test_072480,
test_072481,
test_072482,
test_072483,
test_072484,
test_072485,
test_072486,
test_072487,
test_072488,
test_072489,
test_072490,
test_072491,
test_072492,
test_072493,
test_072494,
test_072495,
test_072496,
test_072497,
test_072498,
test_072499,
test_072500,
test_072501,
test_072502,
test_072503,
test_072504,
test_072505,
test_072506,
test_072507,
test_072508,
test_072509,
test_072510,
test_072511,
test_072512,
test_072513,
test_072514,
test_072515,
test_072516,
test_072517,
test_072518,
test_072519,
test_072520,
test_072521,
test_072522,
test_072523,
test_072524,
test_072525,
test_072526,
test_072527,
test_072528,
test_072529,
test_072530,
test_072531,
test_072532,
test_072533,
test_072534,
test_072535,
test_072536,
test_072537,
test_072538,
test_072539,
test_072540,
test_072541,
test_072542,
test_072543,
test_072544,
test_072545,
test_072546,
test_072547,
test_072548,
test_072549,
test_072550,
test_072551,
test_072552,
test_072553,
test_072554,
test_072555,
test_072556,
test_072557,
test_072558,
test_072559,
test_072560,
test_072561,
test_072562,
test_072563,
test_072564,
test_072565,
test_072566,
test_072567,
test_072568,
test_072569,
test_072570,
test_072571,
test_072572,
test_072573,
test_072574,
test_072575,
test_072576,
test_072577,
test_072578,
test_072579,
test_072580,
test_072581,
test_072582,
test_072583,
test_072584,
test_072585,
test_072586,
test_072587,
test_072588,
test_072589,
test_072590,
test_072591,
test_072592,
test_072593,
test_072594,
test_072595,
test_072596,
test_072597,
test_072598,
test_072599,
test_072600,
test_072601,
test_072602,
test_072603,
test_072604,
test_072605,
test_072606,
test_072607,
test_072608,
test_072609,
test_072610,
test_072611,
test_072612,
test_072613,
test_072614,
test_072615,
test_072616,
test_072617,
test_072618,
test_072619,
test_072620,
test_072621,
test_072622,
test_072623,
test_072624,
test_072625,
test_072626,
test_072627,
test_072628,
test_072629,
test_072630,
test_072631,
test_072632,
test_072633,
test_072634,
test_072635,
test_072636,
test_072637,
test_072638,
test_072639,
test_072640,
test_072641,
test_072642,
test_072643,
test_072644,
test_072645,
test_072646,
test_072647,
test_072648,
test_072649,
test_072650,
test_072651,
test_072652,
test_072653,
test_072654,
test_072655,
test_072656,
test_072657,
test_072658,
test_072659,
test_072660,
test_072661,
test_072662,
test_072663,
test_072664,
test_072665,
test_072666,
test_072667,
test_072668,
test_072669,
test_072670,
test_072671,
test_072672,
test_072673,
test_072674,
test_072675,
test_072676,
test_072677,
test_072678,
test_072679,
test_072680,
test_072681,
test_072682,
test_072683,
test_072684,
test_072685,
test_072686,
test_072687,
test_072688,
test_072689,
test_072690,
test_072691,
test_072692,
test_072693,
test_072694,
test_072695,
test_072696,
test_072697,
test_072698,
test_072699,
test_072700,
test_072701,
test_072702,
test_072703,
test_072704,
test_072705,
test_072706,
test_072707,
test_072708,
test_072709,
test_072710,
test_072711,
test_072712,
test_072713,
test_072714,
test_072715,
test_072716,
test_072717,
test_072718,
test_072719,
test_072720,
test_072721,
test_072722,
test_072723,
test_072724,
test_072725,
test_072726,
test_072727,
test_072728,
test_072729,
test_072730,
test_072731,
test_072732,
test_072733,
test_072734,
test_072735,
test_072736,
test_072737,
test_072738,
test_072739,
test_072740,
test_072741,
test_072742,
test_072743,
test_072744,
test_072745,
test_072746,
test_072747,
test_072748,
test_072749,
test_072750,
test_072751,
test_072752,
test_072753,
test_072754,
test_072755,
test_072756,
test_072757,
test_072758,
test_072759,
test_072760,
test_072761,
test_072762,
test_072763,
test_072764,
test_072765,
test_072766,
test_072767,
test_072768,
test_072769,
test_072770,
test_072771,
test_072772,
test_072773,
test_072774,
test_072775,
test_072776,
test_072777,
test_072778,
test_072779,
test_072780,
test_072781,
test_072782,
test_072783,
test_072784,
test_072785,
test_072786,
test_072787,
test_072788,
test_072789,
test_072790,
test_072791,
test_072792,
test_072793,
test_072794,
test_072795,
test_072796,
test_072797,
test_072798,
test_072799,
test_072800,
test_072801,
test_072802,
test_072803,
test_072804,
test_072805,
test_072806,
test_072807,
test_072808,
test_072809,
test_072810,
test_072811,
test_072812,
test_072813,
test_072814,
test_072815,
test_072816,
test_072817,
test_072818,
test_072819,
test_072820,
test_072821,
test_072822,
test_072823,
test_072824,
test_072825,
test_072826,
test_072827,
test_072828,
test_072829,
test_072830,
test_072831,
test_072832,
test_072833,
test_072834,
test_072835,
test_072836,
test_072837,
test_072838,
test_072839,
test_072840,
test_072841,
test_072842,
test_072843,
test_072844,
test_072845,
test_072846,
test_072847,
test_072848,
test_072849,
test_072850,
test_072851,
test_072852,
test_072853,
test_072854,
test_072855,
test_072856,
test_072857,
test_072858,
test_072859,
test_072860,
test_072861,
test_072862,
test_072863,
test_072864,
test_072865,
test_072866,
test_072867,
test_072868,
test_072869,
test_072870,
test_072871,
test_072872,
test_072873,
test_072874,
test_072875,
test_072876,
test_072877,
test_072878,
test_072879,
test_072880,
test_072881,
test_072882,
test_072883,
test_072884,
test_072885,
test_072886,
test_072887,
test_072888,
test_072889,
test_072890,
test_072891,
test_072892,
test_072893,
test_072894,
test_072895,
test_072896,
test_072897,
test_072898,
test_072899,
test_072900,
test_072901,
test_072902,
test_072903,
test_072904,
test_072905,
test_072906,
test_072907,
test_072908,
test_072909,
test_072910,
test_072911,
test_072912,
test_072913,
test_072914,
test_072915,
test_072916,
test_072917,
test_072918,
test_072919,
test_072920,
test_072921,
test_072922,
test_072923,
test_072924,
test_072925,
test_072926,
test_072927,
test_072928,
test_072929,
test_072930,
test_072931,
test_072932,
test_072933,
test_072934,
test_072935,
test_072936,
test_072937,
test_072938,
test_072939,
test_072940,
test_072941,
test_072942,
test_072943,
test_072944,
test_072945,
test_072946,
test_072947,
test_072948,
test_072949,
test_072950,
test_072951,
test_072952,
test_072953,
test_072954,
test_072955,
test_072956,
test_072957,
test_072958,
test_072959,
test_072960,
test_072961,
test_072962,
test_072963,
test_072964,
test_072965,
test_072966,
test_072967,
test_072968,
test_072969,
test_072970,
test_072971,
test_072972,
test_072973,
test_072974,
test_072975,
test_072976,
test_072977,
test_072978,
test_072979,
test_072980,
test_072981,
test_072982,
test_072983,
test_072984,
test_072985,
test_072986,
test_072987,
test_072988,
test_072989,
test_072990,
test_072991,
test_072992,
test_072993,
test_072994,
test_072995,
test_072996,
test_072997,
test_072998,
test_072999,
test_073000,
test_073001,
test_073002,
test_073003,
test_073004,
test_073005,
test_073006,
test_073007,
test_073008,
test_073009,
test_073010,
test_073011,
test_073012,
test_073013,
test_073014,
test_073015,
test_073016,
test_073017,
test_073018,
test_073019,
test_073020,
test_073021,
test_073022,
test_073023,
test_073024,
test_073025,
test_073026,
test_073027,
test_073028,
test_073029,
test_073030,
test_073031,
test_073032,
test_073033,
test_073034,
test_073035,
test_073036,
test_073037,
test_073038,
test_073039,
test_073040,
test_073041,
test_073042,
test_073043,
test_073044,
test_073045,
test_073046,
test_073047,
test_073048,
test_073049,
test_073050,
test_073051,
test_073052,
test_073053,
test_073054,
test_073055,
test_073056,
test_073057,
test_073058,
test_073059,
test_073060,
test_073061,
test_073062,
test_073063,
test_073064,
test_073065,
test_073066,
test_073067,
test_073068,
test_073069,
test_073070,
test_073071,
test_073072,
test_073073,
test_073074,
test_073075,
test_073076,
test_073077,
test_073078,
test_073079,
test_073080,
test_073081,
test_073082,
test_073083,
test_073084,
test_073085,
test_073086,
test_073087,
test_073088,
test_073089,
test_073090,
test_073091,
test_073092,
test_073093,
test_073094,
test_073095,
test_073096,
test_073097,
test_073098,
test_073099,
test_073100,
test_073101,
test_073102,
test_073103,
test_073104,
test_073105,
test_073106,
test_073107,
test_073108,
test_073109,
test_073110,
test_073111,
test_073112,
test_073113,
test_073114,
test_073115,
test_073116,
test_073117,
test_073118,
test_073119,
test_073120,
test_073121,
test_073122,
test_073123,
test_073124,
test_073125,
test_073126,
test_073127,
test_073128,
test_073129,
test_073130,
test_073131,
test_073132,
test_073133,
test_073134,
test_073135,
test_073136,
test_073137,
test_073138,
test_073139,
test_073140,
test_073141,
test_073142,
test_073143,
test_073144,
test_073145,
test_073146,
test_073147,
test_073148,
test_073149,
test_073150,
test_073151,
test_073152,
test_073153,
test_073154,
test_073155,
test_073156,
test_073157,
test_073158,
test_073159,
test_073160,
test_073161,
test_073162,
test_073163,
test_073164,
test_073165,
test_073166,
test_073167,
test_073168,
test_073169,
test_073170,
test_073171,
test_073172,
test_073173,
test_073174,
test_073175,
test_073176,
test_073177,
test_073178,
test_073179,
test_073180,
test_073181,
test_073182,
test_073183,
test_073184,
test_073185,
test_073186,
test_073187,
test_073188,
test_073189,
test_073190,
test_073191,
test_073192,
test_073193,
test_073194,
test_073195,
test_073196,
test_073197,
test_073198,
test_073199,
test_073200,
test_073201,
test_073202,
test_073203,
test_073204,
test_073205,
test_073206,
test_073207,
test_073208,
test_073209,
test_073210,
test_073211,
test_073212,
test_073213,
test_073214,
test_073215,
test_073216,
test_073217,
test_073218,
test_073219,
test_073220,
test_073221,
test_073222,
test_073223,
test_073224,
test_073225,
test_073226,
test_073227,
test_073228,
test_073229,
test_073230,
test_073231,
test_073232,
test_073233,
test_073234,
test_073235,
test_073236,
test_073237,
test_073238,
test_073239,
test_073240,
test_073241,
test_073242,
test_073243,
test_073244,
test_073245,
test_073246,
test_073247,
test_073248,
test_073249,
test_073250,
test_073251,
test_073252,
test_073253,
test_073254,
test_073255,
test_073256,
test_073257,
test_073258,
test_073259,
test_073260,
test_073261,
test_073262,
test_073263,
test_073264,
test_073265,
test_073266,
test_073267,
test_073268,
test_073269,
test_073270,
test_073271,
test_073272,
test_073273,
test_073274,
test_073275,
test_073276,
test_073277,
test_073278,
test_073279,
test_073280,
test_073281,
test_073282,
test_073283,
test_073284,
test_073285,
test_073286,
test_073287,
test_073288,
test_073289,
test_073290,
test_073291,
test_073292,
test_073293,
test_073294,
test_073295,
test_073296,
test_073297,
test_073298,
test_073299,
test_073300,
test_073301,
test_073302,
test_073303,
test_073304,
test_073305,
test_073306,
test_073307,
test_073308,
test_073309,
test_073310,
test_073311,
test_073312,
test_073313,
test_073314,
test_073315,
test_073316,
test_073317,
test_073318,
test_073319,
test_073320,
test_073321,
test_073322,
test_073323,
test_073324,
test_073325,
test_073326,
test_073327,
test_073328,
test_073329,
test_073330,
test_073331,
test_073332,
test_073333,
test_073334,
test_073335,
test_073336,
test_073337,
test_073338,
test_073339,
test_073340,
test_073341,
test_073342,
test_073343,
test_073344,
test_073345,
test_073346,
test_073347,
test_073348,
test_073349,
test_073350,
test_073351,
test_073352,
test_073353,
test_073354,
test_073355,
test_073356,
test_073357,
test_073358,
test_073359,
test_073360,
test_073361,
test_073362,
test_073363,
test_073364,
test_073365,
test_073366,
test_073367,
test_073368,
test_073369,
test_073370,
test_073371,
test_073372,
test_073373,
test_073374,
test_073375,
test_073376,
test_073377,
test_073378,
test_073379,
test_073380,
test_073381,
test_073382,
test_073383,
test_073384,
test_073385,
test_073386,
test_073387,
test_073388,
test_073389,
test_073390,
test_073391,
test_073392,
test_073393,
test_073394,
test_073395,
test_073396,
test_073397,
test_073398,
test_073399,
test_073400,
test_073401,
test_073402,
test_073403,
test_073404,
test_073405,
test_073406,
test_073407,
test_073408,
test_073409,
test_073410,
test_073411,
test_073412,
test_073413,
test_073414,
test_073415,
test_073416,
test_073417,
test_073418,
test_073419,
test_073420,
test_073421,
test_073422,
test_073423,
test_073424,
test_073425,
test_073426,
test_073427,
test_073428,
test_073429,
test_073430,
test_073431,
test_073432,
test_073433,
test_073434,
test_073435,
test_073436,
test_073437,
test_073438,
test_073439,
test_073440,
test_073441,
test_073442,
test_073443,
test_073444,
test_073445,
test_073446,
test_073447,
test_073448,
test_073449,
test_073450,
test_073451,
test_073452,
test_073453,
test_073454,
test_073455,
test_073456,
test_073457,
test_073458,
test_073459,
test_073460,
test_073461,
test_073462,
test_073463,
test_073464,
test_073465,
test_073466,
test_073467,
test_073468,
test_073469,
test_073470,
test_073471,
test_073472,
test_073473,
test_073474,
test_073475,
test_073476,
test_073477,
test_073478,
test_073479,
test_073480,
test_073481,
test_073482,
test_073483,
test_073484,
test_073485,
test_073486,
test_073487,
test_073488,
test_073489,
test_073490,
test_073491,
test_073492,
test_073493,
test_073494,
test_073495,
test_073496,
test_073497,
test_073498,
test_073499,
test_073500,
test_073501,
test_073502,
test_073503,
test_073504,
test_073505,
test_073506,
test_073507,
test_073508,
test_073509,
test_073510,
test_073511,
test_073512,
test_073513,
test_073514,
test_073515,
test_073516,
test_073517,
test_073518,
test_073519,
test_073520,
test_073521,
test_073522,
test_073523,
test_073524,
test_073525,
test_073526,
test_073527,
test_073528,
test_073529,
test_073530,
test_073531,
test_073532,
test_073533,
test_073534,
test_073535,
test_073536,
test_073537,
test_073538,
test_073539,
test_073540,
test_073541,
test_073542,
test_073543,
test_073544,
test_073545,
test_073546,
test_073547,
test_073548,
test_073549,
test_073550,
test_073551,
test_073552,
test_073553,
test_073554,
test_073555,
test_073556,
test_073557,
test_073558,
test_073559,
test_073560,
test_073561,
test_073562,
test_073563,
test_073564,
test_073565,
test_073566,
test_073567,
test_073568,
test_073569,
test_073570,
test_073571,
test_073572,
test_073573,
test_073574,
test_073575,
test_073576,
test_073577,
test_073578,
test_073579,
test_073580,
test_073581,
test_073582,
test_073583,
test_073584,
test_073585,
test_073586,
test_073587,
test_073588,
test_073589,
test_073590,
test_073591,
test_073592,
test_073593,
test_073594,
test_073595,
test_073596,
test_073597,
test_073598,
test_073599,
test_073600,
test_073601,
test_073602,
test_073603,
test_073604,
test_073605,
test_073606,
test_073607,
test_073608,
test_073609,
test_073610,
test_073611,
test_073612,
test_073613,
test_073614,
test_073615,
test_073616,
test_073617,
test_073618,
test_073619,
test_073620,
test_073621,
test_073622,
test_073623,
test_073624,
test_073625,
test_073626,
test_073627,
test_073628,
test_073629,
test_073630,
test_073631,
test_073632,
test_073633,
test_073634,
test_073635,
test_073636,
test_073637,
test_073638,
test_073639,
test_073640,
test_073641,
test_073642,
test_073643,
test_073644,
test_073645,
test_073646,
test_073647,
test_073648,
test_073649,
test_073650,
test_073651,
test_073652,
test_073653,
test_073654,
test_073655,
test_073656,
test_073657,
test_073658,
test_073659,
test_073660,
test_073661,
test_073662,
test_073663,
test_073664,
test_073665,
test_073666,
test_073667,
test_073668,
test_073669,
test_073670,
test_073671,
test_073672,
test_073673,
test_073674,
test_073675,
test_073676,
test_073677,
test_073678,
test_073679,
test_073680,
test_073681,
test_073682,
test_073683,
test_073684,
test_073685,
test_073686,
test_073687,
test_073688,
test_073689,
test_073690,
test_073691,
test_073692,
test_073693,
test_073694,
test_073695,
test_073696,
test_073697,
test_073698,
test_073699,
test_073700,
test_073701,
test_073702,
test_073703,
test_073704,
test_073705,
test_073706,
test_073707,
test_073708,
test_073709,
test_073710,
test_073711,
test_073712,
test_073713,
test_073714,
test_073715,
test_073716,
test_073717,
test_073718,
test_073719,
test_073720,
test_073721,
test_073722,
test_073723,
test_073724,
test_073725,
test_073726,
test_073727,
test_073728,
test_073729,
test_073730,
test_073731,
test_073732,
test_073733,
test_073734,
test_073735,
test_073736,
test_073737,
test_073738,
test_073739,
test_073740,
test_073741,
test_073742,
test_073743,
test_073744,
test_073745,
test_073746,
test_073747,
test_073748,
test_073749,
test_073750,
test_073751,
test_073752,
test_073753,
test_073754,
test_073755,
test_073756,
test_073757,
test_073758,
test_073759,
test_073760,
test_073761,
test_073762,
test_073763,
test_073764,
test_073765,
test_073766,
test_073767,
test_073768,
test_073769,
test_073770,
test_073771,
test_073772,
test_073773,
test_073774,
test_073775,
test_073776,
test_073777,
test_073778,
test_073779,
test_073780,
test_073781,
test_073782,
test_073783,
test_073784,
test_073785,
test_073786,
test_073787,
test_073788,
test_073789,
test_073790,
test_073791,
test_073792,
test_073793,
test_073794,
test_073795,
test_073796,
test_073797,
test_073798,
test_073799,
test_073800,
test_073801,
test_073802,
test_073803,
test_073804,
test_073805,
test_073806,
test_073807,
test_073808,
test_073809,
test_073810,
test_073811,
test_073812,
test_073813,
test_073814,
test_073815,
test_073816,
test_073817,
test_073818,
test_073819,
test_073820,
test_073821,
test_073822,
test_073823,
test_073824,
test_073825,
test_073826,
test_073827,
test_073828,
test_073829,
test_073830,
test_073831,
test_073832,
test_073833,
test_073834,
test_073835,
test_073836,
test_073837,
test_073838,
test_073839,
test_073840,
test_073841,
test_073842,
test_073843,
test_073844,
test_073845,
test_073846,
test_073847,
test_073848,
test_073849,
test_073850,
test_073851,
test_073852,
test_073853,
test_073854,
test_073855,
test_073856,
test_073857,
test_073858,
test_073859,
test_073860,
test_073861,
test_073862,
test_073863,
test_073864,
test_073865,
test_073866,
test_073867,
test_073868,
test_073869,
test_073870,
test_073871,
test_073872,
test_073873,
test_073874,
test_073875,
test_073876,
test_073877,
test_073878,
test_073879,
test_073880,
test_073881,
test_073882,
test_073883,
test_073884,
test_073885,
test_073886,
test_073887,
test_073888,
test_073889,
test_073890,
test_073891,
test_073892,
test_073893,
test_073894,
test_073895,
test_073896,
test_073897,
test_073898,
test_073899,
test_073900,
test_073901,
test_073902,
test_073903,
test_073904,
test_073905,
test_073906,
test_073907,
test_073908,
test_073909,
test_073910,
test_073911,
test_073912,
test_073913,
test_073914,
test_073915,
test_073916,
test_073917,
test_073918,
test_073919,
test_073920,
test_073921,
test_073922,
test_073923,
test_073924,
test_073925,
test_073926,
test_073927,
test_073928,
test_073929,
test_073930,
test_073931,
test_073932,
test_073933,
test_073934,
test_073935,
test_073936,
test_073937,
test_073938,
test_073939,
test_073940,
test_073941,
test_073942,
test_073943,
test_073944,
test_073945,
test_073946,
test_073947,
test_073948,
test_073949,
test_073950,
test_073951,
test_073952,
test_073953,
test_073954,
test_073955,
test_073956,
test_073957,
test_073958,
test_073959,
test_073960,
test_073961,
test_073962,
test_073963,
test_073964,
test_073965,
test_073966,
test_073967,
test_073968,
test_073969,
test_073970,
test_073971,
test_073972,
test_073973,
test_073974,
test_073975,
test_073976,
test_073977,
test_073978,
test_073979,
test_073980,
test_073981,
test_073982,
test_073983,
test_073984,
test_073985,
test_073986,
test_073987,
test_073988,
test_073989,
test_073990,
test_073991,
test_073992,
test_073993,
test_073994,
test_073995,
test_073996,
test_073997,
test_073998,
test_073999,
test_074000,
test_074001,
test_074002,
test_074003,
test_074004,
test_074005,
test_074006,
test_074007,
test_074008,
test_074009,
test_074010,
test_074011,
test_074012,
test_074013,
test_074014,
test_074015,
test_074016,
test_074017,
test_074018,
test_074019,
test_074020,
test_074021,
test_074022,
test_074023,
test_074024,
test_074025,
test_074026,
test_074027,
test_074028,
test_074029,
test_074030,
test_074031,
test_074032,
test_074033,
test_074034,
test_074035,
test_074036,
test_074037,
test_074038,
test_074039,
test_074040,
test_074041,
test_074042,
test_074043,
test_074044,
test_074045,
test_074046,
test_074047,
test_074048,
test_074049,
test_074050,
test_074051,
test_074052,
test_074053,
test_074054,
test_074055,
test_074056,
test_074057,
test_074058,
test_074059,
test_074060,
test_074061,
test_074062,
test_074063,
test_074064,
test_074065,
test_074066,
test_074067,
test_074068,
test_074069,
test_074070,
test_074071,
test_074072,
test_074073,
test_074074,
test_074075,
test_074076,
test_074077,
test_074078,
test_074079,
test_074080,
test_074081,
test_074082,
test_074083,
test_074084,
test_074085,
test_074086,
test_074087,
test_074088,
test_074089,
test_074090,
test_074091,
test_074092,
test_074093,
test_074094,
test_074095,
test_074096,
test_074097,
test_074098,
test_074099,
test_074100,
test_074101,
test_074102,
test_074103,
test_074104,
test_074105,
test_074106,
test_074107,
test_074108,
test_074109,
test_074110,
test_074111,
test_074112,
test_074113,
test_074114,
test_074115,
test_074116,
test_074117,
test_074118,
test_074119,
test_074120,
test_074121,
test_074122,
test_074123,
test_074124,
test_074125,
test_074126,
test_074127,
test_074128,
test_074129,
test_074130,
test_074131,
test_074132,
test_074133,
test_074134,
test_074135,
test_074136,
test_074137,
test_074138,
test_074139,
test_074140,
test_074141,
test_074142,
test_074143,
test_074144,
test_074145,
test_074146,
test_074147,
test_074148,
test_074149,
test_074150,
test_074151,
test_074152,
test_074153,
test_074154,
test_074155,
test_074156,
test_074157,
test_074158,
test_074159,
test_074160,
test_074161,
test_074162,
test_074163,
test_074164,
test_074165,
test_074166,
test_074167,
test_074168,
test_074169,
test_074170,
test_074171,
test_074172,
test_074173,
test_074174,
test_074175,
test_074176,
test_074177,
test_074178,
test_074179,
test_074180,
test_074181,
test_074182,
test_074183,
test_074184,
test_074185,
test_074186,
test_074187,
test_074188,
test_074189,
test_074190,
test_074191,
test_074192,
test_074193,
test_074194,
test_074195,
test_074196,
test_074197,
test_074198,
test_074199,
test_074200,
test_074201,
test_074202,
test_074203,
test_074204,
test_074205,
test_074206,
test_074207,
test_074208,
test_074209,
test_074210,
test_074211,
test_074212,
test_074213,
test_074214,
test_074215,
test_074216,
test_074217,
test_074218,
test_074219,
test_074220,
test_074221,
test_074222,
test_074223,
test_074224,
test_074225,
test_074226,
test_074227,
test_074228,
test_074229,
test_074230,
test_074231,
test_074232,
test_074233,
test_074234,
test_074235,
test_074236,
test_074237,
test_074238,
test_074239,
test_074240,
test_074241,
test_074242,
test_074243,
test_074244,
test_074245,
test_074246,
test_074247,
test_074248,
test_074249,
test_074250,
test_074251,
test_074252,
test_074253,
test_074254,
test_074255,
test_074256,
test_074257,
test_074258,
test_074259,
test_074260,
test_074261,
test_074262,
test_074263,
test_074264,
test_074265,
test_074266,
test_074267,
test_074268,
test_074269,
test_074270,
test_074271,
test_074272,
test_074273,
test_074274,
test_074275,
test_074276,
test_074277,
test_074278,
test_074279,
test_074280,
test_074281,
test_074282,
test_074283,
test_074284,
test_074285,
test_074286,
test_074287,
test_074288,
test_074289,
test_074290,
test_074291,
test_074292,
test_074293,
test_074294,
test_074295,
test_074296,
test_074297,
test_074298,
test_074299,
test_074300,
test_074301,
test_074302,
test_074303,
test_074304,
test_074305,
test_074306,
test_074307,
test_074308,
test_074309,
test_074310,
test_074311,
test_074312,
test_074313,
test_074314,
test_074315,
test_074316,
test_074317,
test_074318,
test_074319,
test_074320,
test_074321,
test_074322,
test_074323,
test_074324,
test_074325,
test_074326,
test_074327,
test_074328,
test_074329,
test_074330,
test_074331,
test_074332,
test_074333,
test_074334,
test_074335,
test_074336,
test_074337,
test_074338,
test_074339,
test_074340,
test_074341,
test_074342,
test_074343,
test_074344,
test_074345,
test_074346,
test_074347,
test_074348,
test_074349,
test_074350,
test_074351,
test_074352,
test_074353,
test_074354,
test_074355,
test_074356,
test_074357,
test_074358,
test_074359,
test_074360,
test_074361,
